-- phpMyAdmin SQL Dump
-- version 4.5.4.1deb2ubuntu2
-- http://www.phpmyadmin.net
--
-- Хост: localhost
-- Время создания: Ноя 01 2016 г., 09:08
-- Версия сервера: 5.7.13-0ubuntu0.16.04.2
-- Версия PHP: 7.0.8-0ubuntu0.16.04.2

SET SQL_MODE = "NO_AUTO_VALUE_ON_ZERO";
SET time_zone = "+00:00";


/*!40101 SET @OLD_CHARACTER_SET_CLIENT=@@CHARACTER_SET_CLIENT */;
/*!40101 SET @OLD_CHARACTER_SET_RESULTS=@@CHARACTER_SET_RESULTS */;
/*!40101 SET @OLD_COLLATION_CONNECTION=@@COLLATION_CONNECTION */;
/*!40101 SET NAMES utf8mb4 */;

--
-- База данных: `mz`
--

-- --------------------------------------------------------

--
-- Структура таблицы `ccosts`
--

CREATE TABLE `ccosts` (
  `id` int(10) UNSIGNED NOT NULL,
  `name` varchar(255) COLLATE utf8_unicode_ci NOT NULL
) ENGINE=InnoDB DEFAULT CHARSET=utf8 COLLATE=utf8_unicode_ci;

--
-- Дамп данных таблицы `ccosts`
--

INSERT INTO `ccosts` (`id`, `name`) VALUES
(1, 'Аренда'),
(2, 'З/П'),
(3, 'Налоги+ПФР+Соцстрах и тп'),
(4, 'Реклама'),
(5, 'Оборудование'),
(6, 'Закупка(товара)'),
(7, 'АХО(Тряпки, канцелярия, связь, интернет и т.п.)'),
(8, 'Выручка(продажа товара)');

-- --------------------------------------------------------

--
-- Структура таблицы `ccosts_costs`
--

CREATE TABLE `ccosts_costs` (
  `id` int(10) UNSIGNED NOT NULL,
  `ccosts_id` int(11) NOT NULL,
  `costs_id` int(10) UNSIGNED NOT NULL
) ENGINE=InnoDB DEFAULT CHARSET=utf8 COLLATE=utf8_unicode_ci;

--
-- Дамп данных таблицы `ccosts_costs`
--

INSERT INTO `ccosts_costs` (`id`, `ccosts_id`, `costs_id`) VALUES
(1, 5, 1),
(2, 3, 2),
(3, 3, 3),
(4, 3, 4),
(5, 3, 5),
(6, 5, 6),
(7, 5, 7),
(8, 7, 8),
(9, 5, 9),
(10, 7, 10),
(11, 5, 11),
(12, 5, 12),
(13, 5, 13),
(14, 7, 14),
(15, 5, 15),
(16, 7, 16),
(17, 7, 17),
(18, 7, 18),
(19, 7, 19),
(20, 7, 20),
(21, 1, 21),
(22, 5, 22),
(23, 7, 23),
(24, 5, 24),
(25, 5, 25),
(26, 5, 26),
(27, 5, 27),
(28, 1, 28),
(29, 5, 29),
(30, 5, 30),
(31, 7, 31),
(32, 7, 32),
(33, 5, 33),
(34, 7, 34),
(35, 7, 35),
(36, 4, 36),
(37, 3, 37),
(38, 2, 38),
(39, 3, 39),
(40, 1, 40),
(41, 7, 41),
(42, 2, 42),
(43, 4, 43),
(44, 4, 44),
(45, 5, 45),
(46, 7, 46),
(47, 7, 47),
(48, 7, 48),
(49, 7, 49),
(50, 7, 50),
(51, 5, 51),
(52, 7, 52),
(53, 7, 53),
(54, 2, 54),
(55, 2, 55),
(56, 7, 56),
(57, 7, 57),
(58, 4, 58),
(59, 2, 59),
(60, 7, 60),
(61, 5, 61),
(62, 7, 62),
(63, 7, 63),
(64, 4, 64),
(65, 1, 65),
(66, 1, 66),
(67, 1, 67),
(68, 1, 68),
(69, 1, 69),
(70, 7, 70),
(71, 5, 71),
(72, 7, 72),
(73, 2, 73),
(74, 7, 74),
(75, 7, 75),
(76, 4, 76),
(77, 7, 77),
(78, 2, 78),
(79, 5, 79),
(80, 1, 80),
(81, 2, 81),
(82, 7, 82),
(83, 7, 83),
(84, 7, 84),
(85, 7, 85),
(86, 3, 86),
(87, 7, 87),
(88, 7, 88),
(89, 7, 89),
(90, 1, 90),
(91, 1, 91),
(92, 2, 92),
(93, 2, 93),
(94, 7, 94),
(95, 5, 95),
(96, 7, 96),
(97, 7, 97),
(98, 1, 98),
(99, 2, 99),
(100, 2, 100),
(101, 2, 101),
(102, 2, 102),
(103, 2, 103),
(104, 2, 104),
(105, 7, 99),
(106, 2, 100),
(107, 1, 101),
(108, 7, 102),
(109, 5, 103),
(110, 7, 104),
(111, 7, 105),
(112, 1, 106),
(113, 7, 107),
(114, 2, 108);

-- --------------------------------------------------------

--
-- Структура таблицы `costs`
--

CREATE TABLE `costs` (
  `id` int(10) UNSIGNED NOT NULL,
  `sum` varchar(255) COLLATE utf8_unicode_ci NOT NULL,
  `date` timestamp NOT NULL DEFAULT CURRENT_TIMESTAMP ON UPDATE CURRENT_TIMESTAMP,
  `point` int(11) NOT NULL,
  `created_at` timestamp NULL DEFAULT NULL,
  `updated_at` timestamp NULL DEFAULT NULL
) ENGINE=InnoDB DEFAULT CHARSET=utf8 COLLATE=utf8_unicode_ci;

--
-- Дамп данных таблицы `costs`
--

INSERT INTO `costs` (`id`, `sum`, `date`, `point`, `created_at`, `updated_at`) VALUES
(1, '5000', '2016-10-29 08:12:54', 1, NULL, NULL),
(2, '1100', '2016-10-29 08:12:54', 1, NULL, NULL),
(3, '800', '2016-10-29 08:12:54', 1, NULL, NULL),
(4, '1100', '2016-10-29 08:12:54', 1, NULL, NULL),
(5, '2000', '2016-10-29 08:12:54', 1, NULL, NULL),
(6, '100000', '2016-10-29 08:12:54', 1, NULL, NULL),
(7, '40000', '2016-10-29 08:12:54', 1, NULL, NULL),
(8, '1000', '2016-10-29 08:12:54', 1, NULL, NULL),
(9, '1200', '2016-10-29 08:12:54', 1, NULL, NULL),
(10, '900', '2016-10-29 08:12:54', 1, NULL, NULL),
(11, '21000', '2016-10-29 08:12:54', 1, NULL, NULL),
(12, '4000', '2016-10-29 08:12:54', 1, NULL, NULL),
(13, '40000', '2016-10-29 08:12:54', 1, NULL, NULL),
(14, '5400', '2016-10-29 08:12:54', 1, NULL, NULL),
(15, '20000', '2016-10-29 08:12:54', 1, NULL, NULL),
(16, '3050', '2016-10-29 08:12:54', 1, NULL, NULL),
(17, '2800', '2016-10-29 08:12:54', 1, NULL, NULL),
(18, '1007,8', '2016-10-29 08:12:54', 1, NULL, NULL),
(19, '877,1', '2016-10-29 08:12:54', 1, NULL, NULL),
(20, '1000', '2016-10-29 08:12:54', 1, NULL, NULL),
(21, '96000', '2016-10-29 08:12:54', 1, NULL, NULL),
(22, '10000', '2016-10-29 08:12:54', 1, NULL, NULL),
(23, '935', '2016-10-29 08:12:54', 1, NULL, NULL),
(24, '15000', '2016-10-29 08:12:54', 1, NULL, NULL),
(25, '2810', '2016-10-29 08:12:54', 1, NULL, NULL),
(26, '3500', '2016-10-29 08:12:54', 1, NULL, NULL),
(27, '33050', '2016-10-29 08:12:54', 1, NULL, NULL),
(28, '150000', '2016-10-29 08:12:54', 1, NULL, NULL),
(29, '1000', '2016-10-29 08:12:54', 1, NULL, NULL),
(30, '2500', '2016-10-29 08:12:54', 1, NULL, NULL),
(31, '1000', '2016-10-29 08:12:54', 1, NULL, NULL),
(32, '1500', '2016-10-29 08:12:54', 1, NULL, NULL),
(33, '1500', '2016-10-29 08:12:54', 1, NULL, NULL),
(34, '1008', '2016-10-29 08:12:54', 1, NULL, NULL),
(35, '200', '2016-10-29 08:12:54', 1, NULL, NULL),
(36, '400', '2016-10-29 08:12:54', 1, NULL, NULL),
(37, '500', '2016-10-29 08:12:54', 1, NULL, NULL),
(38, '5000', '2016-10-29 08:12:54', 1, NULL, NULL),
(39, '1900', '2016-10-29 08:12:54', 1, NULL, NULL),
(40, '150000', '2016-10-29 08:12:54', 1, NULL, NULL),
(41, '495', '2016-10-29 08:12:54', 1, NULL, NULL),
(42, '63200', '2016-10-29 08:12:54', 1, NULL, NULL),
(43, '35000', '2016-10-29 08:12:54', 1, NULL, NULL),
(44, '1200', '2016-10-29 08:12:54', 1, NULL, NULL),
(45, '1407', '2016-10-29 08:12:54', 1, NULL, NULL),
(46, '1008', '2016-10-29 08:12:54', 1, NULL, NULL),
(47, '800', '2016-10-29 08:12:54', 1, NULL, NULL),
(48, '1000', '2016-10-29 08:12:54', 1, NULL, NULL),
(49, '1135', '2016-10-29 08:12:54', 1, NULL, NULL),
(50, '500', '2016-10-29 08:12:54', 1, NULL, NULL),
(51, '5000', '2016-10-29 08:12:54', 1, NULL, NULL),
(52, '500', '2016-10-29 08:12:54', 1, NULL, NULL),
(53, '895', '2016-10-29 08:12:54', 1, NULL, NULL),
(54, '1200', '2016-10-29 08:12:54', 1, NULL, NULL),
(55, '1610', '2016-10-29 08:12:54', 1, NULL, NULL),
(56, '575', '2016-10-29 08:12:54', 1, NULL, NULL),
(57, '1008', '2016-10-29 08:12:54', 1, NULL, NULL),
(58, '1100', '2016-10-29 08:12:54', 1, NULL, NULL),
(59, '58295', '2016-10-29 08:12:54', 1, NULL, NULL),
(60, '475', '2016-10-29 08:12:54', 1, NULL, NULL),
(61, '2000', '2016-10-29 08:12:54', 1, NULL, NULL),
(62, '1000', '2016-10-29 08:12:54', 1, NULL, NULL),
(63, '475', '2016-10-29 08:12:54', 1, NULL, NULL),
(64, '7100', '2016-10-29 08:12:54', 1, NULL, NULL),
(65, '9804', '2016-10-29 08:12:54', 1, NULL, NULL),
(66, '426', '2016-10-29 08:12:54', 1, NULL, NULL),
(67, '4080', '2016-10-29 08:12:54', 1, NULL, NULL),
(68, '130000', '2016-10-29 08:12:54', 1, NULL, NULL),
(69, '50000', '2016-10-29 08:12:54', 1, NULL, NULL),
(70, '12000', '2016-10-29 08:12:54', 1, NULL, NULL),
(71, '5000', '2016-10-29 08:12:54', 1, NULL, NULL),
(72, '3000', '2016-10-29 08:12:54', 1, NULL, NULL),
(73, '59600', '2016-10-29 08:12:54', 1, NULL, NULL),
(74, '570', '2016-10-29 08:12:54', 1, NULL, NULL),
(75, '21000', '2016-10-29 08:12:54', 1, NULL, NULL),
(76, '4000', '2016-10-29 08:12:54', 1, NULL, NULL),
(77, '630', '2016-10-29 08:12:54', 1, NULL, NULL),
(78, '3000', '2016-10-29 08:12:54', 1, NULL, NULL),
(79, '2400', '2016-10-29 08:12:54', 1, NULL, NULL),
(80, '416000', '2016-10-29 08:12:54', 1, NULL, NULL),
(81, '10000', '2016-10-29 08:12:54', 1, NULL, NULL),
(82, '1300', '2016-10-29 08:12:54', 1, NULL, NULL),
(83, '1000', '2016-10-29 08:12:54', 1, NULL, NULL),
(84, '1008', '2016-10-29 08:12:54', 1, NULL, NULL),
(85, '826', '2016-10-29 08:12:54', 1, NULL, NULL),
(86, '1500', '2016-10-29 08:12:54', 1, NULL, NULL),
(87, '10500', '2016-10-29 08:12:54', 1, NULL, NULL),
(88, '400', '2016-10-29 08:12:54', 1, NULL, NULL),
(89, '800', '2016-10-29 08:12:54', 1, NULL, NULL),
(90, '50000', '2016-10-29 08:12:54', 1, NULL, NULL),
(91, '208000', '2016-10-29 08:12:54', 1, NULL, NULL),
(92, '79138', '2016-10-29 08:12:54', 1, NULL, NULL),
(93, '5000', '2016-10-29 08:12:54', 1, NULL, NULL),
(94, '575', '2016-10-29 08:12:54', 1, NULL, NULL),
(95, '1000', '2016-10-29 08:12:54', 1, NULL, NULL),
(96, '410', '2016-10-29 08:12:54', 1, NULL, NULL),
(97, '350', '2016-10-29 08:12:54', 1, NULL, NULL),
(98, '3300', '2016-10-29 08:12:54', 1, NULL, NULL),
(99, '1900', '2016-09-30 04:00:00', 1, NULL, NULL),
(100, '76420', '2016-09-30 04:00:00', 1, NULL, NULL),
(101, '50000', '2016-10-03 04:00:00', 1, NULL, NULL),
(102, '1712', '2016-10-01 04:00:00', 1, NULL, NULL),
(103, '5490', '2016-10-17 04:00:00', 1, NULL, NULL),
(104, '1000', '2016-10-17 04:00:00', 1, NULL, NULL),
(105, '1500', '2016-10-17 04:00:00', 1, NULL, NULL),
(106, '158000', '2016-10-24 04:00:00', 1, NULL, NULL),
(107, '585', '2016-10-24 04:00:00', 1, NULL, NULL),
(108, '10000', '2016-10-24 04:00:00', 1, NULL, NULL);

-- --------------------------------------------------------

--
-- Структура таблицы `items`
--

CREATE TABLE `items` (
  `id` int(10) UNSIGNED NOT NULL,
  `barcode` varchar(255) COLLATE utf8_unicode_ci NOT NULL,
  `name` varchar(255) COLLATE utf8_unicode_ci NOT NULL,
  `price` varchar(255) COLLATE utf8_unicode_ci NOT NULL,
  `quantity` varchar(255) COLLATE utf8_unicode_ci NOT NULL,
  `status` int(11) NOT NULL DEFAULT '1',
  `point` int(11) NOT NULL,
  `created_at` timestamp NULL DEFAULT NULL,
  `updated_at` timestamp NULL DEFAULT NULL
) ENGINE=InnoDB DEFAULT CHARSET=utf8 COLLATE=utf8_unicode_ci;

--
-- Дамп данных таблицы `items`
--

INSERT INTO `items` (`id`, `barcode`, `name`, `price`, `quantity`, `status`, `point`, `created_at`, `updated_at`) VALUES
(1, '00000000459', 'маска сульфидно-иловая 220 гр', '350', '0', 1, 1, NULL, NULL),
(2, '00000000479', 'Крислалл-ДеоНат', '400', '0', 1, 1, NULL, NULL),
(3, '00000000473', 'Кристалл-ДеоНат', '350', '0', 1, 1, NULL, NULL),
(4, '00000000477', 'Кристалл-ДеоНат', '400', '0', 1, 1, NULL, NULL),
(5, '00000000478', 'Кристалл-ДеоНат', '400', '0', 1, 1, NULL, NULL),
(6, '00000000476', 'Кристалл-ДеоНат', '400', '0', 1, 1, NULL, NULL),
(7, '00000000475', 'Кристалл-ДеоНат', '400', '0', 1, 1, NULL, NULL),
(8, '00000000474', 'Кристалл-ДеоНат', '350', '0', 1, 1, NULL, NULL),
(9, '00000000061', 'Алоэ, натуральное мыло 100 гр.(+/-10 гр.)', '150', '0', 1, 1, NULL, NULL),
(10, '00000000063', 'Алтай, натуральное мыло 100 гр.(+/-10 гр.)', '150', '0', 1, 1, NULL, NULL),
(11, '00000000420', 'Апельсин сладкий экстра эфирное масло 10 мл', '250', '6', 1, 1, NULL, NULL),
(12, '00000000445', 'Аргано масло Органик 100 мл', '1460', '4', 1, 1, NULL, NULL),
(13, '00000000444', 'Аргано масло Органик 50 мл', '800', '4', 1, 1, NULL, NULL),
(14, '00000000084', 'Арктическая ягода, крем-масло для тела 150 мл.', '620', '4', 1, 1, NULL, NULL),
(15, '00000000379', 'Арома спрей "Лаванда"', '2250', '2', 1, 1, NULL, NULL),
(16, '00000000467', 'Аромакулон', '150', '1', 1, 1, NULL, NULL),
(17, '00000000062', 'Африка, натуральное мыло 100 гр.(+/-10 гр.)', '150', '0', 1, 1, NULL, NULL),
(18, '00000000018', 'Бабочка Друза агат', '1400', '3', 1, 1, NULL, NULL),
(19, '00000000236', 'Бальзам "Береза+" (от гнойничков, лишая и бородавок)', '1450', '1', 1, 1, NULL, NULL),
(20, '00000000235', 'Бальзам "Мирра+" (от диатеза и аллергической сыпи)', '1700', '1', 1, 1, NULL, NULL),
(21, '00000000238', 'Бальзам "Пихта+" (для растирания от простуды и кашля)', '1700', '1', 1, 1, NULL, NULL),
(22, '00000000365', 'Бальзам для волос "Альпийские травы"', '440', '2', 1, 1, NULL, NULL),
(23, '00000000362', 'Бальзам для волос "Крапива"', '440', '6', 1, 1, NULL, NULL),
(24, '00000000368', 'Бальзам для волос "Мадагаскарская ваниль"', '800', '2', 1, 1, NULL, NULL),
(25, '00000000364', 'Бальзам для волос "Маточное молочко"', '440', '14', 1, 1, NULL, NULL),
(26, '00000000367', 'Бальзам для волос "Мацеста"', '440', '10', 1, 1, NULL, NULL),
(27, '00000000437', 'Бальзам для волос "Медовый с прополисом"', '440', '2', 1, 1, NULL, NULL),
(28, '00000000366', 'Бальзам для волос "Медовый"', '440', '11', 1, 1, NULL, NULL),
(29, '00000000363', 'Бальзам для волос "Ромашка"', '440', '13', 1, 1, NULL, NULL),
(30, '00000000414', 'Бальзам для губ "Заботливый"', '160', '4', 1, 1, NULL, NULL),
(31, '00000000415', 'Бальзам для губ "Лавандовый"', '160', '4', 1, 1, NULL, NULL),
(32, '00000000145', 'Бальзам для губ "Лайм и мята" 15 мл', '420', '1', 1, 1, NULL, NULL),
(33, '00000000418', 'Бальзам для губ "Маной и алоэ"', '180', '4', 1, 1, NULL, NULL),
(34, '00000000407', 'Бальзам для губ "Медовый"', '160', '10', 1, 1, NULL, NULL),
(35, '00000000416', 'Бальзам для губ "Облепиховый"', '160', '4', 1, 1, NULL, NULL),
(36, '00000000406', 'Бальзам для губ "Прополисный"', '160', '11', 1, 1, NULL, NULL),
(37, '00000000205', 'Бальзам для губ "Чаровница" ()', '350', '2', 1, 1, NULL, NULL),
(38, '00000000206', 'Бальзам для губ "Чаровница" (Медовый)', '350', '4', 1, 1, NULL, NULL),
(39, '00000000539', 'Бальзам для губ "Чаровница"мини мед', '200', '0', 1, 1, NULL, NULL),
(40, '00000000144', 'Бальзам для губ "Шик" 15 мл', '420', '1', 1, 1, NULL, NULL),
(41, '00000000408', 'Бальзам для губ "Шоколадный"', '190', '5', 1, 1, NULL, NULL),
(42, '00000000380', 'Бальзам для губ (карандаш)', '150', '0', 1, 1, NULL, NULL),
(43, '00000000523', 'Бальзам-конд. "Жар-Птица"', '720', '10', 1, 1, NULL, NULL),
(44, '00000000054', 'Бальзам-кондиционер с маслом брокколи', '560', '14', 1, 1, NULL, NULL),
(45, '00000000398', 'Бельди "Мацеста" 150 мл', '540', '0', 1, 1, NULL, NULL),
(46, '00000000399', 'Бельди "Шоколадное" 150 мл', '530', '0', 1, 1, NULL, NULL),
(47, '00000000400', 'Бельди "Эвкалипт" 150 мл', '530', '0', 1, 1, NULL, NULL),
(48, '00000000064', 'Березовая роща, натуральное мыло 100 гр.(+/-10 гр.)', '150', '0', 1, 1, NULL, NULL),
(49, '00000000480', 'Биомаска №1 лифтинг, 50 г', '650', '0', 1, 1, NULL, NULL),
(50, '00000000481', 'Биомаска №2 вокруг глаз, 50 г', '650', '0', 1, 1, NULL, NULL),
(51, '00000000482', 'Биомаска №3 Витиминная, 50 г', '650', '0', 1, 1, NULL, NULL),
(52, '00000000483', 'Биомаска №4 для проблемной кожи', '650', '1', 1, 1, NULL, NULL),
(53, '00000000486', 'Биомаска №8 осветляющая, 50 г', '650', '0', 1, 1, NULL, NULL),
(54, '00000000485', 'Биомаска №9 АНТИКУПИРОЗ', '650', '1', 1, 1, NULL, NULL),
(55, '00000000484', 'Биомаска№6 сужение пор, 50 г', '650', '0', 1, 1, NULL, NULL),
(56, '00000000171', 'Биочистка БиоБьюти  нежная, 70гр.', '600', '6', 1, 1, NULL, NULL),
(57, '00000000172', 'Биочистка БиоБьюти к, 200гр.', '1200', '2', 1, 1, NULL, NULL),
(58, '00000000382', 'Биочистка БиоБьюти классическая 70 гр.', '600', '2', 1, 1, NULL, NULL),
(59, '00000000170', 'Биочистка БиоБьюти нежная , 200гр.', '1200', '3', 1, 1, NULL, NULL),
(60, '00000000146', 'Блеск-бальзам для губ "Мед и малина" 15 мл', '420', '0', 1, 1, NULL, NULL),
(61, '00000000512', 'Браслет', '400', '25', 1, 1, NULL, NULL),
(62, '00000000020', 'Браслет агат, опал, коралл, хрусталь, керам, шелк кисть', '1400', '0', 1, 1, NULL, NULL),
(63, '00000000021', 'Браслет керам в глазури и жемчуг Майорика (розовый)', '990', '1', 1, 1, NULL, NULL),
(64, '00000000022', 'Браслет керам в глазури и жемчуг Майорика (серо-голубой)', '990', '2', 1, 1, NULL, NULL),
(65, '00000000023', 'Браслет керам в глазури, опал, лун кам, говлит, аквамарин,сереб кисть', '1400', '0', 1, 1, NULL, NULL),
(66, '00000000019', 'Браслет керам, халцедон, горн.  хрусталь, шелк кисть', '1400', '2', 1, 1, NULL, NULL),
(67, '00000000024', 'Браслет опал, халцедон, керам. Глаз, лун кам, хрусталь, шел кисть', '1400', '1', 1, 1, NULL, NULL),
(68, '00000000187', 'Бурлящий шарик для ванн "Веселина"', '300', '0', 1, 1, NULL, NULL),
(69, '00000000188', 'Бурлящий шарик для ванн "Всемила"', '300', '1', 1, 1, NULL, NULL),
(70, '00000000189', 'Бурлящий шарик для ванн "Всеслава"', '300', '3', 1, 1, NULL, NULL),
(71, '00000000190', 'Бурлящий шарик для ванн "Добромила"', '300', '3', 1, 1, NULL, NULL),
(72, '00000000125', 'Бурлящий шарик для ванн "Иланг-иланг"', '200', '5', 1, 1, NULL, NULL),
(73, '00000000126', 'Бурлящий шарик для ванн "Имбирь" 185 гр', '200', '4', 1, 1, NULL, NULL),
(74, '00000000127', 'Бурлящий шарик для ванн "Лаванда" 185 гр.', '200', '2', 1, 1, NULL, NULL),
(75, '00000000128', 'Бурлящий шарик для ванн "Лайм и мята" 185 гр.', '200', '4', 1, 1, NULL, NULL),
(76, '00000000129', 'Бурлящий шарик для ванн "Мед и малина" 185 гр.', '200', '4', 1, 1, NULL, NULL),
(77, '00000000130', 'Бурлящий шарик для ванн "Роза" 185 гр', '200', '2', 1, 1, NULL, NULL),
(78, '00000000131', 'Бурлящий шарик для ванн "Сладкий апельсин" 185 гр.', '200', '2', 1, 1, NULL, NULL),
(79, '00000000132', 'Бурлящий шарик для ванн "Хвойная бомба" 185 гр.', '200', '4', 1, 1, NULL, NULL),
(80, '00000000133', 'Бурлящий шарик для ванн "Шоколад" 185 гр.', '200', '1', 1, 1, NULL, NULL),
(81, '00000000053', 'Воск для волос', '340', '8', 1, 1, NULL, NULL),
(82, '00000000135', 'Воск для волос  "Иланг-иланг" от секухщихся кончиков 15 мл', '420', '0', 1, 1, NULL, NULL),
(83, '00000000264', 'Гель "СТРЕЙЧ-krio" (лифтинг для кожи живота, бедер и груди, охлаждающий)', '2100', '1', 1, 1, NULL, NULL),
(84, '00000000265', 'Гель "СТРЕЙЧ-termo" (лифтинг для кожи живота, бедер, разогревающий)', '2100', '1', 1, 1, NULL, NULL),
(85, '00000000260', 'Гель "СТРИОЛ-forte" (устранение растяжек)', '2100', '0', 1, 1, NULL, NULL),
(86, '00000000237', 'Гель "Чабрец+" (иммунитет+)', '1700', '1', 1, 1, NULL, NULL),
(87, '00000000302', 'Гель для бритья "Дубовый мох"', '600', '3', 1, 1, NULL, NULL),
(88, '00000000526', 'Гель для гигиены тела "Нега" (Интимный)', '800', '10', 1, 1, NULL, NULL),
(89, '00000000149', 'Гель для душа "Иланг-иланг" 200 мл', '600', '4', 1, 1, NULL, NULL),
(90, '00000000246', 'Гель для душа "Иланг-иланг+" (не сушит и не стягивает кожу)', '1300', '1', 1, 1, NULL, NULL),
(91, '00000000438', 'Гель для душа "Каштанлвый мед"', '500', '6', 1, 1, NULL, NULL),
(92, '00000000150', 'Гель для душа "Лайм и мята" 200 мл', '600', '3', 1, 1, NULL, NULL),
(93, '00000000369', 'Гель для душа "Мадагаскарская ваниль"', '790', '5', 1, 1, NULL, NULL),
(94, '00000000403', 'Гель для душа "Мятный" 250 мл', '430', '1', 1, 1, NULL, NULL),
(95, '00000000151', 'Гель для душа "Сладкий апельсин" 200 мл', '600', '4', 1, 1, NULL, NULL),
(96, '00000000402', 'Гель для душа "Череда" 250 мл', '430', '7', 1, 1, NULL, NULL),
(97, '00000000370', 'Гель для душа "Эвкалиптовый"', '430', '5', 1, 1, NULL, NULL),
(98, '00000000112', 'Гель для душа 2 в 1 "Дикая мята", 250 мл.', '400', '2', 1, 1, NULL, NULL),
(99, '00000000148', 'Гель для душа 2 в 1 Дубовый мох 200 мл', '600', '0', 1, 1, NULL, NULL),
(100, '00000000405', 'Гель для лица "Мадагаскарская ваниль"', '800', '0', 1, 1, NULL, NULL),
(101, '00000000404', 'Гель для лица "Овсянный" 250 мл', '450', '20', 1, 1, NULL, NULL),
(102, '00000000255', 'Гель для ног "КРИОЛ" ( от тяжести, отеков и варикоза)', '1850', '1', 1, 1, NULL, NULL),
(103, '00000000451', 'Гель для тела Алоэ, 100 мл', '800', '1', 1, 1, NULL, NULL),
(104, '00000000525', 'Гель для умывания "Нежность"', '680', '9', 1, 1, NULL, NULL),
(105, '00000000114', 'Гидролат "Зеленый чай" 50 мл', '385', '0', 1, 1, NULL, NULL),
(106, '00000000424', 'Гидролат "Лаванда" 100 мл', '380', '1', 1, 1, NULL, NULL),
(107, '00000000115', 'Гидролат "Лаванда" 50 мл', '385', '2', 1, 1, NULL, NULL),
(108, '00000000457', 'Гидролат "Липа" 100 мл', '380', '2', 1, 1, NULL, NULL),
(109, '00000000116', 'Гидролат "Мята перечная" 50 мл', '385', '5', 1, 1, NULL, NULL),
(110, '00000000117', 'Гидролат "Нероли" 50 мл', '385', '0', 1, 1, NULL, NULL),
(111, '00000000118', 'Гидролат "Роза" 50 мл', '385', '0', 1, 1, NULL, NULL),
(112, '00000000119', 'Гидролат "Розмарина" 50 мл', '385', '0', 1, 1, NULL, NULL),
(113, '00000000426', 'Гидролат "Шалфей" 100 мл', '380', '0', 1, 1, NULL, NULL),
(114, '00000000120', 'Гидролат "Шалфей" 50 мл', '385', '0', 1, 1, NULL, NULL),
(115, '00000000378', 'Гидролат Роза', '350', '0', 1, 1, NULL, NULL),
(116, '00000000153', 'Гидрофильное масло для интимной гигиены "Лаванда" 200 мл', '850', '2', 1, 1, NULL, NULL),
(117, '00000000154', 'Гидрофильное масло для лица "Имбирь" 200 мл', '850', '0', 1, 1, NULL, NULL),
(118, '00000000460', 'Глина Гассул мароканская 150 гр', '420', '9', 1, 1, NULL, NULL),
(119, '00000000425', 'Гтдролат "Роза" 100 мл', '380', '0', 1, 1, NULL, NULL),
(120, '00000000458', 'Дезодорант', '350', '13', 1, 1, NULL, NULL),
(121, '00000000121', 'Дезодорант "Можжевельник" 100 мл', '680', '5', 1, 1, NULL, NULL),
(122, '00000000111', 'Дезодорант Дикая Мята, 50 мл.', '410', '2', 1, 1, NULL, NULL),
(123, '00000000411', 'Денежное дерево', '400', '1', 1, 1, NULL, NULL),
(124, '00000000089', 'Дикая мята, солевой скраб для тела 250 мл.', '610', '0', 1, 1, NULL, NULL),
(125, '00000000085', 'Дикая роза, крем-масло для тела 150 мл.', '620', '2', 1, 1, NULL, NULL),
(126, '00000000100', 'Дикая роза, масло для профилактики растяжек 100 мл.', '700', '3', 1, 1, NULL, NULL),
(127, '00000000276', 'Додекаэдры', '3500', '5', 1, 1, NULL, NULL),
(128, '00000000017', 'Друза кварца белая', '1450', '1', 1, 1, NULL, NULL),
(129, '00000000016', 'Друза кварца(редкая по форме)красная', '1450', '1', 1, 1, NULL, NULL),
(130, '00000000065', 'Дубовая роща, натуральное мыло 100 гр.(+/-10 гр.)', '150', '0', 1, 1, NULL, NULL),
(131, '00000000446', 'Еловой хвои вода 50 мл', '385', '2', 1, 1, NULL, NULL),
(132, '00000000231', 'Зимний крем "Кедр+" (защита от ветра и мороза)', '1350', '1', 1, 1, NULL, NULL),
(133, '00000000464', 'Зубной порошок "Календула" укрепляющий 35 гр', '200', '4', 1, 1, NULL, NULL),
(134, '00000000465', 'Зубной порошок "Лимон" отбеливающий 50 гр', '310', '2', 1, 1, NULL, NULL),
(135, '00000000466', 'Зубной порошок "Мята" противовоспалительный 50 гр', '310', '4', 1, 1, NULL, NULL),
(136, '00000000220', 'Зубной порошок "Яровит"', '470', '6', 1, 1, NULL, NULL),
(137, '00000000166', 'Зубной порошок Календула, укрепляющий 60 гр', '310', '0', 1, 1, NULL, NULL),
(138, '00000000167', 'Зубной порошок Лимон, отбеливающий 60 гр', '310', '0', 1, 1, NULL, NULL),
(139, '00000000168', 'Зубной порошок Мята, противовоспалительный 60 гр', '310', '0', 1, 1, NULL, NULL),
(140, '00000000543', 'Иланг-иланг экстра эфирное масло 5 мл', '750', '6', 1, 1, NULL, NULL),
(141, '00000000066', 'Иланг-иланг, натуральное мыло 100 гр.(+/-10 гр.)', '150', '0', 1, 1, NULL, NULL),
(142, '00000000067', 'Календула, натуральное мыло 100 гр.(+/-10 гр.)', '150', '0', 1, 1, NULL, NULL),
(143, '00000000413', 'Картина Денежное дерево', '2200', '3', 1, 1, NULL, NULL),
(144, '00000000412', 'Картина денежный знак', '1600', '3', 1, 1, NULL, NULL),
(145, '00000000544', 'Кедр гимолайский эфирное масло 10 мл', '250', '6', 1, 1, NULL, NULL),
(146, '00000000515', 'Кедровый скраб для лица, 150 мл', '620', '2', 1, 1, NULL, NULL),
(147, '00000000138', 'Кондиционер "Мед и малина" увлажняющий 200 мл', '806', '4', 1, 1, NULL, NULL),
(148, '00000000136', 'Кондиционер для волос "Иланг-иланг" придающий объем, 200 мл', '806', '4', 1, 1, NULL, NULL),
(149, '00000000137', 'Кондиционер для волос "Имбирь" придающий объем, 200 мл', '806', '3', 1, 1, NULL, NULL),
(150, '00000000091', 'Кондиционер для жирных волос "Лаванда", 250 мл.', '450', '2', 1, 1, NULL, NULL),
(151, '00000000092', 'Кондиционер для нормальных волос "Дикая роза", 250 мл.', '450', '0', 1, 1, NULL, NULL),
(152, '00000000093', 'Кондиционер для сухих волос "Цитрусовая свежесть", 250 мл.', '450', '1', 1, 1, NULL, NULL),
(153, '00000000275', 'Конус', '3500', '5', 1, 1, NULL, NULL),
(154, '00000000052', 'Коробочка для шампуня цилиндр', '530', '4', 1, 1, NULL, NULL),
(155, '00000000068', 'Кофе, натуральное мыло 100 гр.(+/-10 гр.)', '150', '0', 1, 1, NULL, NULL),
(156, '00000000195', 'Крем "Берегиня"', '450', '4', 1, 1, NULL, NULL),
(157, '00000000193', 'Крем "Благодар"', '450', '4', 1, 1, NULL, NULL),
(158, '00000000439', 'Крем "Каштановый мед" 30 мл', '335', '8', 1, 1, NULL, NULL),
(159, '00000000427', 'Крем "Маточное молочко" 30 мл.', '385', '10', 1, 1, NULL, NULL),
(160, '00000000401', 'Крем "Маточное молочко" 50 г', '550', '0', 1, 1, NULL, NULL),
(161, '00000000192', 'Крем "Милана"', '800', '1', 1, 1, NULL, NULL),
(162, '00000000440', 'Крем "Сила гор" 30 мл', '385', '9', 1, 1, NULL, NULL),
(163, '00000000196', 'Крем "Услада"', '830', '0', 1, 1, NULL, NULL),
(164, '00000000542', 'Крем "Эластика"для тела', '650', '9', 1, 1, NULL, NULL),
(165, '00000000191', 'Крем "Яра"', '470', '5', 1, 1, NULL, NULL),
(166, '00000000417', 'Крем № 1', '400', '10', 1, 1, NULL, NULL),
(167, '00000000307', 'Крем № 14', '400', '10', 1, 1, NULL, NULL),
(168, '00000000306', 'Крем № 7', '400', '15', 1, 1, NULL, NULL),
(169, '00000000393', 'Крем №2', '380', '6', 1, 1, NULL, NULL),
(170, '00000000392', 'Крем №3', '380', '0', 1, 1, NULL, NULL),
(171, '00000000521', 'Крем №8', '400', '8', 1, 1, NULL, NULL),
(172, '00000000536', 'Крем для век "Нежана"', '450', '6', 1, 1, NULL, NULL),
(173, '00000000108', 'Крем для век Клюква 40+, 15 мл.', '600', '1', 1, 1, NULL, NULL),
(174, '00000000106', 'Крем для век Малина 20+, 15 мл.', '600', '4', 1, 1, NULL, NULL),
(175, '00000000107', 'Крем для век Морошка 30+, 15 мл.', '600', '1', 1, 1, NULL, NULL),
(176, '00000000448', 'Крем для лица 15 SPF 50', '550', '2', 1, 1, NULL, NULL),
(177, '00000000517', 'Крем для лица Василек, регенерирующий, 50 мл', '900', '3', 1, 1, NULL, NULL),
(178, '00000000110', 'Крем для лица Дикая мята, 50 мл.', '630', '0', 1, 1, NULL, NULL),
(179, '00000000105', 'Крем для лица Клюква 40+, 50 мл.', '760', '2', 1, 1, NULL, NULL),
(180, '00000000103', 'Крем для лица Малина 20+, 50 мл.', '650', '1', 1, 1, NULL, NULL),
(181, '00000000104', 'Крем для лица Морошка 30+, 50 мл.', '760', '1', 1, 1, NULL, NULL),
(182, '00000000109', 'Крем для лица Череда, 50 мл.', '700', '4', 1, 1, NULL, NULL),
(183, '00000000309', 'Крем для ног 45 мл', '350', '9', 1, 1, NULL, NULL),
(184, '00000000308', 'Крем для рук с церамидами и витаминами B3 45 мл', '300', '10', 1, 1, NULL, NULL),
(185, '00000000527', 'Крем молочко для гигиены тела "Нега" (интимный)', '800', '10', 1, 1, NULL, NULL),
(186, '00000000394', 'Крем ночной для лица', '400', '6', 1, 1, NULL, NULL),
(187, '00000000311', 'Крем--концентрат для тела "Бодрость" 45 гр.', '270', '5', 1, 1, NULL, NULL),
(188, '00000000381', 'Крем-бальзам после бритья "Дубовый мох"', '550', '1', 1, 1, NULL, NULL),
(189, '00000000313', 'Крем-концентрат  для тела "Откровение"', '270', '4', 1, 1, NULL, NULL),
(190, '00000000314', 'Крем-концентрат "Роза" 45 гр', '290', '2', 1, 1, NULL, NULL),
(191, '00000000312', 'Крем-концентрат для тела "Ваниль" 45 гр.', '270', '4', 1, 1, NULL, NULL),
(192, '00000000055', 'Крем-маска для волос "Моной и алоэ вера"', '560', '13', 1, 1, NULL, NULL),
(193, '00000000524', 'Крем-молочко для снятия макияжа "Нежность"', '680', '10', 1, 1, NULL, NULL),
(194, '00000000194', 'Крем-репеллент "Лесовик"', '470', '2', 1, 1, NULL, NULL),
(195, '00000000002', 'Кулон Аметист №2', '1200', '2', 1, 1, NULL, NULL),
(196, '00000000001', 'Кулон Горный Хрусталь №1', '1200', '3', 1, 1, NULL, NULL),
(197, '00000000011', 'Кулон капля розовый кварц с бусиной', '1300', '3', 1, 1, NULL, NULL),
(198, '00000000499', 'Кулон конус  Лунный камень с бус опала', '1200', '3', 1, 1, NULL, NULL),
(199, '00000000009', 'Кулон конус Лунный камень с бусиной опала', '1300', '3', 1, 1, NULL, NULL),
(200, '00000000012', 'Кулон Крупный  маятник (Аметист)', '1300', '0', 1, 1, NULL, NULL),
(201, '00000000013', 'Кулон Крупный  маятник (Горный хрусталь)', '1300', '2', 1, 1, NULL, NULL),
(202, '00000000010', 'Кулон Крупный конус маятник (Розовый кварц)', '1300', '1', 1, 1, NULL, NULL),
(203, '00000000500', 'Кулон Муранское стекло', '700', '2', 1, 1, NULL, NULL),
(204, '00000000004', 'Кулон Нефрит №4', '1200', '2', 1, 1, NULL, NULL),
(205, '00000000008', 'Кулон Нефрит №9', '1300', '0', 1, 1, NULL, NULL),
(206, '00000000014', 'Кулон пренит', '1150', '2', 1, 1, NULL, NULL),
(207, '00000000003', 'Кулон Раухтопаз №3', '1200', '2', 1, 1, NULL, NULL),
(208, '00000000015', 'Кулон Розовый кварц', '1150', '2', 1, 1, NULL, NULL),
(209, '00000000006', 'Кулон Розовый Кварц  №6', '1200', '2', 1, 1, NULL, NULL),
(210, '00000000007', 'Кулон Флюорит  №7', '1200', '2', 1, 1, NULL, NULL),
(211, '00000000005', 'Кулон Черный Агат №5', '1200', '2', 1, 1, NULL, NULL),
(212, '00000000101', 'Лаванда, масло для груди в период лактации 50 мл.', '680', '3', 1, 1, NULL, NULL),
(213, '00000000102', 'Лаванда, масло для массажа животика 50 мл.', '680', '2', 1, 1, NULL, NULL),
(214, '00000000070', 'Лаванда, натуральное мыло 100 гр.(+/-10 гр.)', '150', '0', 1, 1, NULL, NULL),
(215, '00000000447', 'Лавандовая вода 100 мл', '385', '0', 1, 1, NULL, NULL),
(216, '00000000421', 'Лавандовая вода ОРГАНИЧЕСКАЯ 50 мл', '385', '2', 1, 1, NULL, NULL),
(217, '00000000229', 'Летний крем (с натуральным SPF 40+)', '1650', '2', 1, 1, NULL, NULL),
(218, '00000000317', 'Льняная игрушка "Мишка"', '1120', '2', 1, 1, NULL, NULL),
(219, '00000000319', 'Льняная пижамница "Ночьная Фея"', '2300', '2', 1, 1, NULL, NULL),
(220, '00000000334', 'Льняная подушка "Кошки в кармане"', '1800', '1', 1, 1, NULL, NULL),
(221, '00000000318', 'Льняная подушка "Кошки-Мышки"', '1800', '1', 1, 1, NULL, NULL),
(222, '00000000322', 'Льняная сувенир "Конь Удачи"', '1000', '1', 1, 1, NULL, NULL),
(223, '00000000320', 'Льняной сувенир "Ангел Хранитель"', '1100', '2', 1, 1, NULL, NULL),
(224, '00000000321', 'Льняной сувенир "Баба-Яга на метле"', '900', '2', 1, 1, NULL, NULL),
(225, '00000000324', 'Льняной сувенир "Домашка Машка"', '1100', '0', 1, 1, NULL, NULL),
(226, '00000000325', 'Льняной сувенир "Неразлучники"', '1700', '1', 1, 1, NULL, NULL),
(227, '00000000502', 'Магнит', '200', '89', 1, 1, NULL, NULL),
(228, '00000000069', 'Марокко, натуральное мыло 100 гр.(+/-10 гр.)', '150', '0', 1, 1, NULL, NULL),
(229, '00000000056', 'Маска для волос "Амла"', '560', '10', 1, 1, NULL, NULL),
(230, '00000000203', 'Маска для волос "Заря"', '700', '5', 1, 1, NULL, NULL),
(231, '00000000095', 'Маска для волос "Прованские травы", 250 мл.', '570', '2', 1, 1, NULL, NULL),
(232, '00000000094', 'Маска для волос "Сибирские травы", 250 мл.', '570', '2', 1, 1, NULL, NULL),
(233, '00000000471', 'Маска для лица "Лаванда" успакаивающая 60 мл', '500', '0', 1, 1, NULL, NULL),
(234, '00000000156', 'Маска для лица "Лаванда" успокаивающая 120 мл', '770', '0', 1, 1, NULL, NULL),
(235, '00000000157', 'Маска для лица "Лайм и мята" 120 мл', '770', '0', 1, 1, NULL, NULL),
(236, '00000000204', 'Маска для лица "Любомила" (для проблемной и жирной кожи)', '580', '0', 1, 1, NULL, NULL),
(237, '00000000538', 'Маска для лица "Любомила" (пробл и жирная)', '650', '5', 1, 1, NULL, NULL),
(238, '00000000537', 'Маска для лица "Любомила"(сух. и возр)', '650', '2', 1, 1, NULL, NULL),
(239, '00000000462', 'Маска для лица"Лайм и мята" 60 мл', '500', '0', 1, 1, NULL, NULL),
(240, '00000000409', 'Маска для тела "Имбирь"', '640', '1', 1, 1, NULL, NULL),
(241, '00000000152', 'Масло для душа "Мед и малина" 200 м', '850', '2', 1, 1, NULL, NULL),
(242, '00000000513', 'Масло для загара, 100 мл', '800', '5', 1, 1, NULL, NULL),
(243, '00000000160', 'Масло для ногтей "Иланг-иланг" укрепляющее и отбеливающее 15 мл', '300', '3', 1, 1, NULL, NULL),
(244, '00000000161', 'Масло для ногтей "Ромашка и лимон" укрепляющее и бактерицидное 15 мл', '300', '0', 1, 1, NULL, NULL),
(245, '00000000162', 'Масло для тела "Иланг-иланг" 120 мл', '640', '0', 1, 1, NULL, NULL),
(246, '00000000163', 'Масло для тела "Имбирь" 120 мл', '640', '0', 1, 1, NULL, NULL),
(247, '00000000164', 'Масло для тела "Мед и малина" 120 мл', '640', '3', 1, 1, NULL, NULL),
(248, '00000000165', 'Масло для тела "Нежный возраст" 120 мл', '640', '3', 1, 1, NULL, NULL),
(249, '00000000423', 'Масло какоса Baraka', '720', '4', 1, 1, NULL, NULL),
(250, '00000000223', 'Масло косметическое для загара', '2028', '0', 1, 1, NULL, NULL),
(251, '00000000222', 'Масло косметическое солнцезащитное', '2360', '0', 1, 1, NULL, NULL),
(252, '00000000520', 'Масло пихтовое 10 мл', '100', '1', 1, 1, NULL, NULL),
(253, '00000000461', 'Масло семян брокколи ОРГАНИК 10 мл', '350', '4', 1, 1, NULL, NULL),
(254, '00000000216', 'Масляная смесь для возрастной кожи лица "Жива"', '830', '4', 1, 1, NULL, NULL),
(255, '00000000217', 'Масляная смесь для жирной кожи лица "Жива"', '780', '11', 1, 1, NULL, NULL),
(256, '00000000215', 'Масляная смесь для нормальной кожи лица "Жива"', '780', '6', 1, 1, NULL, NULL),
(257, '00000000214', 'Масляная смесь для сухой кожи лица "Жива"', '780', '6', 1, 1, NULL, NULL),
(258, '00000000213', 'Масляная смесь для тела "Лада"', '780', '2', 1, 1, NULL, NULL),
(259, '00000000396', 'Масляный коктейль "Зверобой и календула" 100 мл', '570', '11', 1, 1, NULL, NULL),
(260, '00000000455', 'Масляный коктейль "Зеленый чай" 30 мл', '420', '8', 1, 1, NULL, NULL),
(261, '00000000397', 'Масляный коктейль "Миндальный" 30 мл', '420', '5', 1, 1, NULL, NULL),
(262, '00000000395', 'Масляный коктейль "Ши"  150 мл', '640', '11', 1, 1, NULL, NULL),
(263, '00000000456', 'Масляный коктейль для сухих кончиков волос 30 мл', '420', '11', 1, 1, NULL, NULL),
(264, '00000000272', 'Массажер от целлюлита "Варежка"', '280', '16', 1, 1, NULL, NULL),
(265, '00000000250', 'Массажное масло "АНТИ-ТОНУС" (от гипертонуса матки)', '1900', '1', 1, 1, NULL, NULL),
(266, '00000000261', 'Массажное масло "АРЕОЛ-comfort" (для заживления сосков)', '1900', '1', 1, 1, NULL, NULL),
(267, '00000000263', 'Массажное масло "ГЕМОЛ-forte" (от послеродового геморроя)', '1900', '1', 1, 1, NULL, NULL),
(268, '00000000232', 'Массажное масло "Душица+" (при гипертонусе мышц)', '1700', '1', 1, 1, NULL, NULL),
(269, '00000000239', 'Массажное масло "Зверобой+" (для заживления пупочков)', '690', '1', 1, 1, NULL, NULL),
(270, '00000000254', 'Массажное масло "КАНДИОЛ" (от кандидоза (молочницы)', '1900', '1', 1, 1, NULL, NULL),
(271, '00000000258', 'Массажное масло "ЛАКТО-СТИМУЛ" (для стимуляции лактации)', '1900', '1', 1, 1, NULL, NULL),
(272, '00000000259', 'Массажное масло "ЛАКТО-СТОП" (для угнетения лактации)', '1900', '1', 1, 1, NULL, NULL),
(273, '00000000241', 'Массажное масло "Мята+" (при прорезывании зубов)', '700', '2', 1, 1, NULL, NULL),
(274, '00000000252', 'Массажное масло "ОСТЕОЛ" ( обезболивающее для поясницы)', '1800', '1', 1, 1, NULL, NULL),
(275, '00000000245', 'Массажное масло "Персик+" (универсальное)', '1500', '2', 1, 1, NULL, NULL),
(276, '00000000262', 'Массажное масло "РЕГЕНОЛ-forte" (для заживления послеродовых разрывов)', '2100', '1', 1, 1, NULL, NULL),
(277, '00000000233', 'Массажное масло "Розмарин+" (при гипотонусе мышц)', '1700', '1', 1, 1, NULL, NULL),
(278, '00000000251', 'Массажное масло "СТРИОЛ" (профилактика появления растяжек)', '1900', '0', 1, 1, NULL, NULL),
(279, '00000000242', 'Массажное масло "Туя+" (от стоматита)', '890', '1', 1, 1, NULL, NULL),
(280, '00000000240', 'Массажное масло "Укроп+" (для животиков от колик)', '1700', '1', 1, 1, NULL, NULL),
(281, '00000000234', 'Массажное масло "Шалфей+" (заживляющее любые повреждения кожи)', '1200', '1', 1, 1, NULL, NULL),
(282, '00000000243', 'Массажное масло "Эвкалипт+" (для носиков)', '780', '2', 1, 1, NULL, NULL),
(283, '00000000516', 'Мицеллярная вода Ромашка, 200 мл', '500', '3', 1, 1, NULL, NULL),
(284, '00000000441', 'Молочко "Сила гор 100 мл"', '550', '0', 1, 1, NULL, NULL),
(285, '00000000337', 'Молочко для тела Голубая Ромашка', '1240', '1', 1, 1, NULL, NULL),
(286, '00000000224', 'Молочко косметическое для тела после загара', '1800', '0', 1, 1, NULL, NULL),
(287, '00000000071', 'Морской бриз, натуральное мыло 100 гр.(+/-10 гр.)', '150', '0', 1, 1, NULL, NULL),
(288, '00000000489', 'Мочалка для пилинга "Шар"', '100', '0', 1, 1, NULL, NULL),
(289, '00000000488', 'Мочалка-руковица "карман" из сизаля', '200', '2', 1, 1, NULL, NULL),
(290, '00000000340', 'Мыло " Ljve is"', '280', '9', 1, 1, NULL, NULL),
(291, '00000000043', 'Мыло "Marieе"', '240', '2', 1, 1, NULL, NULL),
(292, '00000000034', 'Мыло "Monoi"', '275', '2', 1, 1, NULL, NULL),
(293, '00000000044', 'Мыло "Английское утро"', '240', '0', 1, 1, NULL, NULL),
(294, '00000000032', 'Мыло "Апельсин" мини', '110', '6', 1, 1, NULL, NULL),
(295, '00000000042', 'Мыло "Восточная сказка"', '385', '1', 1, 1, NULL, NULL),
(296, '00000000341', 'Мыло "Восточное"', '280', '11', 1, 1, NULL, NULL),
(297, '00000000432', 'Мыло "Глинтвейн"', '280', '11', 1, 1, NULL, NULL),
(298, '00000000036', 'Мыло "Для тебя"', '275', '4', 1, 1, NULL, NULL),
(299, '00000000535', 'Мыло "Домовай"', '200', '5', 1, 1, NULL, NULL),
(300, '00000000342', 'Мыло "Индийские пряности"', '260', '0', 1, 1, NULL, NULL),
(301, '00000000343', 'Мыло "Какос и сливки"', '260', '0', 1, 1, NULL, NULL),
(302, '00000000371', 'Мыло "Календула"', '260', '0', 1, 1, NULL, NULL),
(303, '00000000345', 'Мыло "Кастильское"', '260', '1', 1, 1, NULL, NULL),
(304, '00000000035', 'Мыло "Кедровое"', '275', '2', 1, 1, NULL, NULL),
(305, '00000000037', 'Мыло "Козочка"', '275', '3', 1, 1, NULL, NULL),
(306, '00000000433', 'Мыло "Конфетти"', '280', '13', 1, 1, NULL, NULL),
(307, '00000000303', 'Мыло "Лаванда" мини', '110', '0', 1, 1, NULL, NULL),
(308, '00000000346', 'Мыло "Лавандовое"', '280', '9', 1, 1, NULL, NULL),
(309, '00000000353', 'Мыло "Маточное молочко"', '260', '0', 1, 1, NULL, NULL),
(310, '00000000352', 'Мыло "Мацеста"', '280', '8', 1, 1, NULL, NULL),
(311, '00000000354', 'Мыло "Медовая сота с цветочной пыльцой"', '260', '0', 1, 1, NULL, NULL),
(312, '00000000372', 'Мыло "Медовое"', '260', '0', 1, 1, NULL, NULL),
(313, '00000000038', 'Мыло "Мила"', '275', '3', 1, 1, NULL, NULL),
(314, '00000000347', 'Мыло "Мятное"', '280', '11', 1, 1, NULL, NULL),
(315, '00000000039', 'Мыло "Особое"', '275', '6', 1, 1, NULL, NULL),
(316, '00000000040', 'Мыло "Откровение"', '385', '6', 1, 1, NULL, NULL),
(317, '00000000041', 'Мыло "Откровение" ПРЕМИУМ', '385', '0', 1, 1, NULL, NULL),
(318, '00000000304', 'Мыло "Пихта" мини', '110', '9', 1, 1, NULL, NULL),
(319, '00000000033', 'Мыло "Пихта" мини', '110', '0', 1, 1, NULL, NULL),
(320, '00000000434', 'Мыло "Подарок Нептуна"', '280', '8', 1, 1, NULL, NULL),
(321, '00000000305', 'Мыло "Роза" мини', '110', '0', 1, 1, NULL, NULL),
(322, '00000000435', 'Мыло "Суданская Роза"', '280', '3', 1, 1, NULL, NULL),
(323, '00000000046', 'Мыло "Таежный роман"', '240', '2', 1, 1, NULL, NULL),
(324, '00000000047', 'Мыло "Таежный роман" ПРЕМИУМ', '360', '2', 1, 1, NULL, NULL),
(325, '00000000045', 'Мыло "Тайна императрицы"', '360', '2', 1, 1, NULL, NULL),
(326, '00000000373', 'Мыло "Цитрусовое"', '280', '0', 1, 1, NULL, NULL),
(327, '00000000349', 'Мыло "Черное море"', '280', '0', 1, 1, NULL, NULL),
(328, '00000000350', 'Мыло "Шиповник"', '260', '0', 1, 1, NULL, NULL),
(329, '00000000351', 'Мыло "Шоколадное"', '280', '8', 1, 1, NULL, NULL),
(330, '00000000348', 'Мыло "Эвкалиптовое"', '280', '10', 1, 1, NULL, NULL),
(331, '00000000429', 'Мыло ручной работы в асс.', '300', '14', 1, 1, NULL, NULL),
(332, '00000000430', 'Мыло ручной работы мини в асс.', '100', '0', 1, 1, NULL, NULL),
(333, '00000000072', 'Мята, натуральное мыло 100 гр.(+/-10 гр.)', '150', '0', 1, 1, NULL, NULL),
(334, '00000000531', 'Нат тоник из гамамелиса', '385', '2', 1, 1, NULL, NULL),
(335, '00000000534', 'Нат тоник из липы', '385', '0', 1, 1, NULL, NULL),
(336, '00000000533', 'Нат тоник из нероли', '400', '3', 1, 1, NULL, NULL),
(337, '00000000532', 'Нат тоник из размарина', '385', '3', 1, 1, NULL, NULL),
(338, '00000000529', 'Нат. тоник из зел. чая', '385', '1', 1, 1, NULL, NULL),
(339, '00000000530', 'Нат. тоник из розы', '385', '2', 1, 1, NULL, NULL),
(340, '00000000528', 'Натур. тоник из лаванды', '385', '2', 1, 1, NULL, NULL),
(341, '00000000174', 'Натуральное мыло "Агни"', '320', '13', 1, 1, NULL, NULL),
(342, '00000000183', 'Натуральное мыло "Всеславец"', '320', '4', 1, 1, NULL, NULL),
(343, '00000000184', 'Натуральное мыло "Духобор"', '320', '5', 1, 1, NULL, NULL),
(344, '00000000185', 'Натуральное мыло "Купала"', '320', '6', 1, 1, NULL, NULL),
(345, '00000000176', 'Натуральное мыло "Ладинец"', '320', '6', 1, 1, NULL, NULL),
(346, '00000000181', 'Натуральное мыло "Новородник"', '320', '2', 1, 1, NULL, NULL),
(347, '00000000177', 'Натуральное мыло "Огневица"', '320', '6', 1, 1, NULL, NULL),
(348, '00000000175', 'Натуральное мыло "Одолень трава"', '320', '4', 1, 1, NULL, NULL),
(349, '00000000186', 'Натуральное мыло "Свадебник"', '320', '8', 1, 1, NULL, NULL),
(350, '00000000180', 'Натуральное мыло "Сваор"', '320', '5', 1, 1, NULL, NULL),
(351, '00000000179', 'Натуральное мыло "Сварга"', '320', '2', 1, 1, NULL, NULL),
(352, '00000000178', 'Натуральное мыло "Славец"', '320', '2', 1, 1, NULL, NULL),
(353, '00000000182', 'Натуральное мыло "Цветок папоротника"', '320', '8', 1, 1, NULL, NULL),
(354, '00000000218', 'Натуральный дезодорант "Доброслав"', '470', '4', 1, 1, NULL, NULL),
(355, '00000000219', 'Натуральный дезодорант "Доброслава"', '470', '8', 1, 1, NULL, NULL),
(356, '00000000073', 'Ним, натуральное мыло 100 гр.(+/-10 гр.)', '150', '0', 1, 1, NULL, NULL),
(357, '00000000074', 'Овсянка, натуральное мыло 100 гр.(+/-10 гр.)', '150', '0', 1, 1, NULL, NULL),
(358, '00000000155', 'Очищающее молочко для лица "Лаванда" 100 мл', '690', '5', 1, 1, NULL, NULL),
(359, '00000000391', 'Парфюм (мини)', '300', '0', 1, 1, NULL, NULL),
(360, '00000000493', 'Парфюм № 15..', '1400', '0', 1, 1, NULL, NULL),
(361, '00000000497', 'Парфюм № 30', '3000', '1', 1, 1, NULL, NULL),
(362, '00000000496', 'Парфюм № 39', '3000', '2', 1, 1, NULL, NULL),
(363, '00000000495', 'Парфюм № 45', '3000', '2', 1, 1, NULL, NULL),
(364, '00000000384', 'Парфюм №1', '3000', '3', 1, 1, NULL, NULL),
(365, '00000000494', 'Парфюм №15', '3000', '1', 1, 1, NULL, NULL),
(366, '00000000388', 'Парфюм №17', '3000', '1', 1, 1, NULL, NULL),
(367, '00000000385', 'Парфюм №3', '3000', '3', 1, 1, NULL, NULL),
(368, '00000000498', 'Парфюм №32', '3000', '1', 1, 1, NULL, NULL),
(369, '00000000389', 'Парфюм №40', '3000', '2', 1, 1, NULL, NULL),
(370, '00000000386', 'Парфюм №5', '3000', '1', 1, 1, NULL, NULL),
(371, '00000000390', 'Парфюм №57', '3000', '1', 1, 1, NULL, NULL),
(372, '00000000387', 'Парфюм №9', '3000', '1', 1, 1, NULL, NULL),
(373, '00000000431', 'Парфюм мини 200 р', '200', '0', 1, 1, NULL, NULL),
(374, '00000000453', 'Пемза', '80', '3', 1, 1, NULL, NULL),
(375, '00000000134', 'Пена для ванн "Нежный возраст" 200 мл', '800', '4', 1, 1, NULL, NULL),
(376, '00000000226', 'Пенка для детской гигиены (для подмывания)', '1490', '1', 1, 1, NULL, NULL),
(377, '00000000248', 'Пенка для интимной гигиены "Иланг-иланг+" (антисептическая)', '1200', '1', 1, 1, NULL, NULL),
(378, '00000000519', 'Пихтовый напиток', '200', '7', 1, 1, NULL, NULL),
(379, '00000000442', 'Плитка для бритья мини', '200', '1', 1, 1, NULL, NULL),
(380, '00000000443', 'Плитка для бритья стандарт', '500', '1', 1, 1, NULL, NULL),
(381, '00000000326', 'Подушка игрушка "Лошадь Маруся"', '1500', '1', 1, 1, NULL, NULL),
(382, '00000000522', 'Природная минеральная сульфидно-иловая 220 гр', '350', '5', 1, 1, NULL, NULL),
(383, '00000000327', 'Прихватка льняная"Народная"', '250', '12', 1, 1, NULL, NULL),
(384, '00000000375', 'Пробник бальзам "Альпийские травы"', '130', '0', 1, 1, NULL, NULL),
(385, '00000000376', 'Пробник гель "Эвкалипт"', '130', '0', 1, 1, NULL, NULL),
(386, '00000000377', 'Пробник мыло', '50', '0', 1, 1, NULL, NULL),
(387, '00000000374', 'Пробник шампунь "Альпийские травы"', '130', '0', 1, 1, NULL, NULL),
(388, '00000000087', 'Прованские травы, крем-масло для тела 150 мл.', '620', '2', 1, 1, NULL, NULL),
(389, '00000000075', 'Прованские травы, натуральное мыло 100 гр.(+/-10 гр.)', '150', '0', 1, 1, NULL, NULL),
(390, '00000000301', 'Проверка', '150', '0', 1, 1, NULL, NULL),
(391, '00000000514', 'Роза, двухфазное средство для снятия макияжа, 100 мл', '750', '5', 1, 1, NULL, NULL),
(392, '00000000422', 'Розовая вода Болгарская 50 мл', '385', '6', 1, 1, NULL, NULL),
(393, '00000000029', 'Розовый кварц в оправе (овал)', '1900', '2', 1, 1, NULL, NULL),
(394, '00000000328', 'Рушник льняной "Былина" син.', '690', '2', 1, 1, NULL, NULL),
(395, '00000000323', 'Рушник льняной "Былина" цвет.', '690', '2', 1, 1, NULL, NULL),
(396, '00000000329', 'Салфетка льняная "Бабочки"', '280', '4', 1, 1, NULL, NULL),
(397, '00000000330', 'Салфетка льняная "Гламур"', '295', '3', 1, 1, NULL, NULL),
(398, '00000000331', 'Салфетка льняная "Сицилия"', '310', '6', 1, 1, NULL, NULL),
(399, '00000000335', 'Салфетка льняная цвет. лавандовый', '300', '1', 1, 1, NULL, NULL),
(400, '00000000332', 'Салфетка льняная цвет. фисташковый', '300', '2', 1, 1, NULL, NULL),
(401, '00000000123', 'Саше "Мелисса" успокаивающее 35 гр.', '390', '0', 1, 1, NULL, NULL),
(402, '00000000124', 'Саше "Можжевельник" укрепляющее иммунитет 220 гр.', '390', '0', 1, 1, NULL, NULL),
(403, '00000000122', 'Саше от моли "Лаванда" 35 гр.', '390', '2', 1, 1, NULL, NULL),
(404, '00000000030', 'Светлый аметист в оправе (овал)', '1900', '1', 1, 1, NULL, NULL),
(405, '00000000076', 'Северные ягоды, натуральное мыло 100 гр.(+/-10 гр.)', '150', '0', 1, 1, NULL, NULL),
(406, '00000000507', 'Серьги Caer', '800', '6', 1, 1, NULL, NULL),
(407, '00000000504', 'Серьги Juqo', '900', '1', 1, 1, NULL, NULL),
(408, '00000000508', 'Серьги LiLa, Яшма, кварц', '900', '1', 1, 1, NULL, NULL),
(409, '00000000510', 'Серьги Plata', '1600', '0', 1, 1, NULL, NULL),
(410, '00000000505', 'Серьги Souffie', '900', '1', 1, 1, NULL, NULL),
(411, '00000000503', 'Серьги Vidrio', '900', '1', 1, 1, NULL, NULL),
(412, '00000000506', 'Серьги Vitamina', '900', '1', 1, 1, NULL, NULL),
(413, '00000000026', 'Серьги кожа, зеленые', '2200', '2', 1, 1, NULL, NULL),
(414, '00000000025', 'Серьги кожа, коралловые', '2200', '3', 1, 1, NULL, NULL),
(415, '00000000027', 'Серьги роз. Кварц, родивое покрытие, кварцевое стекло', '1350', '0', 1, 1, NULL, NULL),
(416, '00000000509', 'Серьги Сhampan', '1600', '1', 1, 1, NULL, NULL),
(417, '00000000028', 'Серьги серый агат, родивое покрытие, кварцевое стекло', '1350', '2', 1, 1, NULL, NULL),
(418, '00000000491', 'Сет №2 пробник 10 шт, по 5 мл', '3000', '1', 1, 1, NULL, NULL),
(419, '00000000492', 'Сет №3 пробник 10 шт, по 5 мл', '3000', '1', 1, 1, NULL, NULL),
(420, '00000000088', 'Сибирские травы, крем-масло для тела 150 мл.', '620', '2', 1, 1, NULL, NULL),
(421, '00000000058', 'Скраб "Апельсин с корицей"', '540', '8', 1, 1, NULL, NULL),
(422, '00000000057', 'Скраб "Роскошь царицы"', '540', '6', 1, 1, NULL, NULL),
(423, '00000000059', 'Скраб "Шоколадно-кофейный"', '540', '0', 1, 1, NULL, NULL),
(424, '00000000419', 'Скраб "Шоколодо-сахарный"', '540', '2', 1, 1, NULL, NULL),
(425, '00000000147', 'Скраб для губ "Мед и малина" 15 мл', '405', '0', 1, 1, NULL, NULL),
(426, '00000000158', 'Скраб для лица "Иланг-иланг" 120 мл', '750', '0', 1, 1, NULL, NULL),
(427, '00000000202', 'Скраб для лица "Краса"', '550', '9', 1, 1, NULL, NULL),
(428, '00000000159', 'Скраб для лица "Мед и малина" 120 мл', '750', '0', 1, 1, NULL, NULL),
(429, '00000000463', 'Скраб для лица "Мед и малина" 60 мл', '480', '1', 1, 1, NULL, NULL),
(430, '00000000200', 'Скраб для тела "Леля"', '700', '10', 1, 1, NULL, NULL),
(431, '00000000201', 'Скраб для тела "Русалочка"', '700', '2', 1, 1, NULL, NULL),
(432, '00000000247', 'Сливки для тела "Иланг-иланг+" (увлажнение, питание)', '1300', '1', 1, 1, NULL, NULL),
(433, '00000000228', 'Сливки под подгузник (от опрелостей и раздражения)', '1510', '1', 1, 1, NULL, NULL),
(434, '00000000249', 'Смесь эфирных масел "АНТИ-ТОКС" (от токсикоза)', '1700', '1', 1, 1, NULL, NULL),
(435, '00000000244', 'Смесь эфирных масел "Лаванда+" (для купания и сна)', '1700', '1', 1, 1, NULL, NULL),
(436, '00000000257', 'Смесь эфирных масел "Погружение" (для подготовки и начала родов)', '1900', '1', 1, 1, NULL, NULL),
(437, '00000000449', 'Солнцезащитный крем для тела Календула 30 SPF', '600', '2', 1, 1, NULL, NULL),
(438, '00000000450', 'Солнцезащитный крем для тела Календула 50 SPF , 100 мл', '650', '5', 1, 1, NULL, NULL),
(439, '00000000273', 'Спонж из люффы  для лица', '360', '7', 1, 1, NULL, NULL),
(440, '00000000230', 'Спрей "Гвоздика+" (защита от насекомых и педикулеза)', '900', '0', 1, 1, NULL, NULL),
(441, '00000000310', 'Сыворотка для кожи головы', '420', '27', 1, 1, NULL, NULL),
(442, '00000000077', 'Таежный лес, натуральное мыло 100 гр.(+/-10 гр.)', '150', '0', 1, 1, NULL, NULL),
(443, '00000000207', 'Твердые духи №1', '420', '1', 1, 1, NULL, NULL),
(444, '00000000208', 'Твердые духи №2', '420', '0', 1, 1, NULL, NULL),
(445, '00000000209', 'Твердые духи №3', '420', '1', 1, 1, NULL, NULL),
(446, '00000000210', 'Твердые духи №4', '420', '1', 1, 1, NULL, NULL),
(447, '00000000211', 'Твердые духи №5', '420', '3', 1, 1, NULL, NULL),
(448, '00000000212', 'Твердые духи №6', '420', '3', 1, 1, NULL, NULL),
(449, '00000000051', 'Твердый шампунь "Амла"', '446', '3', 1, 1, NULL, NULL),
(450, '00000000049', 'Твердый шампунь "Березка"', '446', '6', 1, 1, NULL, NULL),
(451, '00000000048', 'Твердый шампунь "Розмариновый"', '446', '6', 1, 1, NULL, NULL),
(452, '00000000050', 'Твердый шампунь "Ромашковый"', '446', '3', 1, 1, NULL, NULL),
(453, '00000000270', 'Терка для ног Camellen', '240', '6', 1, 1, NULL, NULL),
(454, '00000000454', 'Упаковка', '400', '2', 1, 1, NULL, NULL),
(455, '00000000333', 'Фартук льняной "Воробей"', '1600', '2', 1, 1, NULL, NULL),
(456, '00000000078', 'Хвойный лес, натуральное мыло 100 гр.(+/-10 гр.)', '150', '0', 1, 1, NULL, NULL),
(457, '00000000079', 'Хмель, натуральное мыло 100 гр.(+/-10 гр.)', '150', '0', 1, 1, NULL, NULL),
(458, '00000000227', 'Цветочная водичка "Монарда+" (для промывания глаз, от коньюктивита)', '1100', '1', 1, 1, NULL, NULL),
(459, '00000000086', 'Цитрусовая свежесть, крем-масло для тела 150 мл.', '620', '2', 1, 1, NULL, NULL),
(460, '00000000099', 'Цитрусовая свежесть, масло для профилактики целлюлита, 100 мл.', '700', '0', 1, 1, NULL, NULL),
(461, '00000000080', 'Цитрусовая свежесть, натуральное мыло 100 гр.(+/-10 гр.)', '150', '0', 1, 1, NULL, NULL),
(462, '00000000090', 'Цитрусовая свежесть, солевой скраб для тела 250 мл.', '610', '0', 1, 1, NULL, NULL),
(463, '00000000081', 'Череда, натуральное мыло 100 гр.(+/-10 гр.)', '150', '0', 1, 1, NULL, NULL),
(464, '00000000083', 'Шалфей, натуральное мыло 100 гр.(+/-10 гр.)', '150', '0', 1, 1, NULL, NULL),
(465, '00000000358', 'Шампунь "Альпийские травы"', '450', '0', 1, 1, NULL, NULL),
(466, '00000000141', 'Шампунь "Имбирь", придающий объем 200мл', '520', '2', 1, 1, NULL, NULL),
(467, '00000000355', 'Шампунь "Крапива"', '450', '6', 1, 1, NULL, NULL),
(468, '00000000361', 'Шампунь "Мадагаскарская ваниль"', '850', '0', 1, 1, NULL, NULL),
(469, '00000000357', 'Шампунь "Маточное молочко"', '450', '11', 1, 1, NULL, NULL),
(470, '00000000360', 'Шампунь "Мацеста"', '450', '1', 1, 1, NULL, NULL),
(471, '00000000142', 'Шампунь "Мед и малина" увлажняющий 200 мл', '520', '3', 1, 1, NULL, NULL),
(472, '00000000436', 'Шампунь "Медовый с прополисом"', '450', '0', 1, 1, NULL, NULL),
(473, '00000000359', 'Шампунь "Медовый"', '450', '14', 1, 1, NULL, NULL),
(474, '00000000143', 'Шампунь "Можжевельник", регулирующий жирность волос 200 мл', '520', '2', 1, 1, NULL, NULL),
(475, '00000000356', 'Шампунь "Ромашка"', '450', '11', 1, 1, NULL, NULL),
(476, '00000000225', 'Шампунь для волос и тела (без слез, очищение и удаление корочек)', '1490', '2', 1, 1, NULL, NULL),
(477, '00000000199', 'Шампунь для жирных волос "Жар-Птица"', '580', '5', 1, 1, NULL, NULL),
(478, '00000000096', 'Шампунь для жирных волос "Лаванда", 250 мл.', '450', '1', 1, 1, NULL, NULL),
(479, '00000000097', 'Шампунь для нормальных волос "Дикая роза", 250 мл.', '450', '1', 1, 1, NULL, NULL),
(480, '00000000197', 'Шампунь для нормальных волос "Жар-Птица"', '580', '3', 1, 1, NULL, NULL),
(481, '00000000198', 'Шампунь для сухих волос "Жар-Птица"', '580', '7', 1, 1, NULL, NULL),
(482, '00000000098', 'Шампунь для сухих волос "Цитрусовая свежесть", 250 мл.', '450', '-1', 1, 1, NULL, NULL),
(483, '00000000139', 'Шампунь твердый "Зверобой"  75 гр', '490', '2', 1, 1, NULL, NULL),
(484, '00000000140', 'Шампунь твердый "Иланг-иланг" восстанавливающий 75 гр.', '490', '0', 1, 1, NULL, NULL),
(485, '00000000082', 'Шоколад, натуральное мыло 100 гр.(+/-10 гр.)', '150', '0', 1, 1, NULL, NULL),
(486, '00000000271', 'Щетка двусторонняя  массажер ши', '500', '4', 1, 1, NULL, NULL),
(487, '00000000469', 'Эфирное масло "Иланг-иланг" 5 мл', '250', '1', 1, 1, NULL, NULL),
(488, '00000000470', 'Эфирное масло "Шалфей мускатный" 5 мл', '300', '2', 1, 1, NULL, NULL),
(489, '00000000468', 'Эфирное масло Мята перечная 5 мл', '360', '2', 1, 1, NULL, '2016-10-20 00:34:56');

-- --------------------------------------------------------

--
-- Структура таблицы `items_orders`
--

CREATE TABLE `items_orders` (
  `id` int(10) UNSIGNED NOT NULL,
  `items_id` int(11) NOT NULL,
  `items_price` varchar(255) COLLATE utf8_unicode_ci NOT NULL,
  `items_price_discount` varchar(255) COLLATE utf8_unicode_ci NOT NULL,
  `items_quantity` varchar(255) COLLATE utf8_unicode_ci NOT NULL,
  `items_sum` varchar(255) COLLATE utf8_unicode_ci NOT NULL,
  `orders_id` int(10) UNSIGNED NOT NULL
) ENGINE=InnoDB DEFAULT CHARSET=utf8 COLLATE=utf8_unicode_ci;

--
-- Дамп данных таблицы `items_orders`
--

INSERT INTO `items_orders` (`id`, `items_id`, `items_price`, `items_price_discount`, `items_quantity`, `items_sum`, `orders_id`) VALUES
(1, 390, '450', '450', '3', '1350', 1),
(2, 37, '350', '350', '1', '350', 2),
(3, 38, '350', '350', '1', '350', 2),
(4, 99, '600', '600', '1', '600', 2),
(5, 152, '510', '510', '1', '510', 2),
(6, 430, '700', '700', '1', '700', 2),
(7, 68, '300', '300', '1', '300', 3),
(8, 71, '300', '300', '1', '300', 3),
(9, 77, '260', '260', '1', '260', 3),
(10, 99, '600', '600', '1', '600', 3),
(11, 151, '510', '510', '1', '510', 3),
(12, 190, '290', '290', '1', '290', 3),
(13, 192, '560', '560', '1', '560', 3),
(14, 275, '1500', '1500', '1', '1500', 3),
(15, 321, '110', '110', '1', '110', 3),
(16, 350, '390', '390', '1', '390', 3),
(17, 421, '540', '540', '1', '540', 3),
(18, 439, '360', '360', '1', '360', 3),
(19, 441, '390', '390', '1', '390', 3),
(20, 474, '520', '520', '1', '520', 3),
(21, 476, '1490', '1490', '1', '1490', 3),
(22, 478, '510', '510', '1', '510', 3),
(23, 168, '380', '380', '1', '380', 4),
(24, 234, '770', '770', '1', '770', 4),
(25, 235, '770', '770', '1', '770', 4),
(26, 273, '700', '700', '1', '700', 4),
(27, 282, '780', '780', '1', '780', 4),
(28, 421, '540', '540', '1', '540', 4),
(29, 422, '540', '540', '1', '540', 4),
(30, 423, '540', '540', '1', '540', 4),
(31, 441, '1170', '1170', '3', '3510', 4),
(32, 477, '580', '580', '1', '580', 4),
(33, 481, '580', '580', '1', '580', 4),
(34, 69, '300', '300', '1', '300', 5),
(35, 77, '260', '260', '1', '260', 5),
(36, 156, '1100', '1100', '2', '2200', 5),
(37, 428, '750', '750', '1', '750', 5),
(38, 480, '1160', '1160', '2', '2320', 5),
(39, 32, '420', '420', '1', '420', 6),
(40, 37, '350', '350', '1', '350', 6),
(41, 38, '350', '350', '1', '350', 6),
(42, 44, '410', '410', '1', '410', 6),
(43, 60, '840', '840', '2', '1680', 6),
(44, 95, '600', '600', '1', '600', 6),
(45, 105, '770', '770', '2', '1540', 6),
(46, 107, '770', '770', '2', '1540', 6),
(47, 109, '385', '385', '1', '385', 6),
(48, 110, '385', '385', '1', '385', 6),
(49, 111, '385', '385', '1', '385', 6),
(50, 112, '385', '385', '1', '385', 6),
(51, 114, '385', '385', '1', '385', 6),
(52, 121, '680', '680', '1', '680', 6),
(53, 122, '550', '550', '1', '550', 6),
(54, 156, '550', '550', '1', '550', 6),
(55, 192, '560', '560', '1', '560', 6),
(56, 229, '560', '560', '1', '560', 6),
(57, 293, '240', '240', '1', '240', 6),
(58, 294, '110', '110', '1', '110', 6),
(59, 307, '110', '110', '1', '110', 6),
(60, 318, '220', '220', '2', '440', 6),
(61, 318, '220', '220', '2', '440', 6),
(62, 321, '110', '110', '1', '110', 6),
(63, 323, '240', '240', '1', '240', 6),
(64, 341, '390', '390', '1', '390', 6),
(65, 481, '580', '580', '1', '580', 6),
(66, 44, '410', '410', '1', '410', 7),
(67, 109, '385', '385', '1', '385', 7),
(68, 111, '385', '385', '1', '385', 7),
(69, 138, '310', '310', '1', '310', 7),
(70, 157, '470', '470', '1', '470', 7),
(71, 187, '270', '270', '1', '270', 7),
(72, 191, '270', '270', '1', '270', 7),
(73, 236, '580', '580', '1', '580', 7),
(74, 241, '850', '850', '1', '850', 7),
(75, 344, '390', '390', '1', '390', 7),
(76, 354, '940', '940', '2', '1880', 7),
(77, 355, '940', '940', '2', '1880', 7),
(78, 389, '210', '210', '1', '210', 7),
(79, 405, '210', '210', '1', '210', 7),
(80, 426, '750', '750', '1', '750', 7),
(81, 474, '520', '520', '1', '520', 7),
(82, 477, '580', '580', '1', '580', 7),
(83, 481, '580', '580', '1', '580', 7),
(84, 244, '300', '300', '1', '300', 8),
(85, 71, '300', '300', '1', '300', 9),
(86, 425, '405', '405', '1', '405', 9),
(87, 244, '300', '300', '1', '300', 10),
(88, 246, '640', '640', '1', '640', 10),
(89, 254, '830', '830', '1', '830', 10),
(90, 256, '780', '780', '1', '780', 10),
(91, 421, '540', '540', '1', '540', 10),
(92, 44, '410', '410', '1', '410', 11),
(93, 81, '340', '340', '1', '340', 11),
(94, 98, '260', '260', '1', '260', 11),
(95, 191, '270', '270', '1', '270', 11),
(96, 254, '830', '830', '1', '830', 11),
(97, 355, '940', '940', '2', '1880', 11),
(98, 421, '540', '540', '1', '540', 11),
(99, 459, '550', '550', '1', '550', 11),
(100, 22, '420', '420', '1', '420', 12),
(101, 48, '210', '210', '1', '210', 12),
(102, 156, '550', '550', '1', '550', 12),
(103, 183, '300', '300', '1', '300', 12),
(104, 184, '300', '300', '1', '300', 12),
(105, 187, '270', '270', '1', '270', 12),
(106, 256, '780', '780', '1', '780', 12),
(107, 290, '520', '520', '2', '1040', 12),
(108, 296, '260', '260', '1', '260', 12),
(109, 308, '260', '260', '1', '260', 12),
(110, 327, '520', '520', '2', '1040', 12),
(111, 351, '450', '450', '1', '450', 12),
(112, 425, '810', '810', '2', '1620', 12),
(113, 467, '430', '430', '1', '430', 12),
(114, 470, '430', '430', '1', '430', 12),
(115, 473, '430', '430', '1', '430', 12),
(116, 480, '580', '580', '1', '580', 12),
(117, 40, '420', '420', '1', '420', 13),
(118, 78, '260', '260', '1', '260', 13),
(119, 95, '600', '600', '1', '600', 13),
(120, 125, '550', '550', '1', '550', 13),
(121, 225, '1100', '1100', '1', '1100', 13),
(122, 296, '260', '260', '1', '260', 13),
(123, 308, '260', '260', '1', '260', 13),
(124, 389, '210', '210', '1', '210', 13),
(125, 422, '540', '540', '1', '540', 13),
(126, 465, '430', '430', '1', '430', 13),
(127, 168, '380', '380', '1', '380', 14),
(128, 184, '600', '600', '2', '1200', 14),
(129, 255, '780', '780', '1', '780', 14),
(130, 405, '210', '210', '1', '210', 14),
(131, 22, '420', '420', '1', '420', 15),
(132, 23, '420', '420', '1', '420', 15),
(133, 38, '350', '350', '1', '350', 15),
(134, 44, '410', '410', '1', '410', 15),
(135, 56, '1200', '1200', '2', '2400', 15),
(136, 81, '340', '340', '1', '340', 15),
(137, 87, '600', '600', '1', '600', 15),
(138, 97, '410', '410', '1', '410', 15),
(139, 115, '350', '350', '1', '350', 15),
(140, 138, '310', '310', '1', '310', 15),
(141, 141, '210', '210', '1', '210', 15),
(142, 168, '380', '380', '1', '380', 15),
(143, 184, '300', '300', '1', '300', 15),
(144, 264, '280', '280', '1', '280', 15),
(145, 301, '260', '260', '1', '260', 15),
(146, 328, '260', '260', '1', '260', 15),
(147, 330, '260', '260', '1', '260', 15),
(148, 460, '880', '880', '1', '880', 15),
(149, 465, '430', '430', '1', '430', 15),
(150, 467, '430', '430', '1', '430', 15),
(151, 486, '500', '500', '1', '500', 15),
(152, 25, '420', '420', '1', '420', 16),
(153, 32, '420', '420', '1', '420', 16),
(154, 81, '340', '340', '1', '340', 16),
(155, 110, '385', '385', '1', '385', 16),
(156, 112, '385', '385', '1', '385', 16),
(157, 114, '385', '385', '1', '385', 16),
(158, 167, '380', '380', '1', '380', 16),
(159, 168, '380', '380', '1', '380', 16),
(160, 183, '300', '300', '1', '300', 16),
(161, 300, '260', '260', '1', '260', 16),
(162, 309, '260', '260', '1', '260', 16),
(163, 314, '520', '520', '2', '1040', 16),
(164, 329, '520', '520', '2', '1040', 16),
(165, 330, '260', '260', '1', '260', 16),
(166, 451, '446', '446', '1', '446', 16),
(167, 453, '240', '240', '1', '240', 16),
(168, 469, '430', '430', '1', '430', 16),
(169, 473, '430', '430', '1', '430', 16),
(170, 81, '340', '340', '1', '340', 17),
(171, 167, '380', '380', '1', '380', 17),
(172, 168, '380', '380', '1', '380', 18),
(173, 453, '240', '240', '1', '240', 18),
(174, 477, '580', '580', '1', '580', 18),
(175, 470, '430', '430', '1', '430', 19),
(176, 42, '150', '150', '1', '150', 20),
(177, 81, '340', '340', '1', '340', 20),
(178, 115, '350', '350', '1', '350', 20),
(179, 151, '510', '510', '1', '510', 20),
(180, 421, '540', '540', '1', '540', 20),
(181, 459, '1100', '1100', '2', '2200', 20),
(182, 479, '510', '510', '1', '510', 20),
(183, 25, '420', '420', '1', '420', 21),
(184, 105, '385', '385', '1', '385', 21),
(185, 109, '385', '385', '1', '385', 21),
(186, 152, '510', '510', '1', '510', 21),
(187, 167, '380', '380', '1', '380', 21),
(188, 168, '380', '380', '1', '380', 21),
(189, 251, '2360', '2360', '1', '2360', 21),
(190, 388, '550', '550', '1', '550', 21),
(191, 427, '580', '580', '1', '580', 21),
(192, 441, '390', '390', '1', '390', 21),
(193, 77, '260', '260', '1', '260', 22),
(194, 80, '260', '260', '1', '260', 22),
(195, 258, '780', '780', '1', '780', 22),
(196, 296, '260', '260', '1', '260', 22),
(197, 330, '260', '260', '1', '260', 22),
(198, 398, '310', '310', '1', '310', 22),
(199, 442, '210', '210', '1', '210', 22),
(200, 41, '190', '190', '1', '190', 23),
(201, 58, '600', '600', '1', '600', 23),
(202, 101, '410', '410', '1', '410', 23),
(203, 160, '1740', '1740', '3', '5220', 23),
(204, 191, '270', '270', '1', '270', 23),
(205, 294, '110', '110', '1', '110', 23),
(206, 296, '260', '260', '1', '260', 23),
(207, 326, '260', '260', '1', '260', 23),
(208, 329, '260', '260', '1', '260', 23),
(209, 359, '600', '600', '2', '1200', 23),
(210, 93, '790', '790', '1', '790', 24),
(211, 160, '580', '580', '1', '580', 24),
(212, 471, '520', '520', '1', '520', 24),
(213, 23, '420', '420', '1', '420', 25),
(214, 34, '320', '320', '2', '640', 25),
(215, 36, '320', '320', '2', '640', 25),
(216, 41, '190', '190', '1', '190', 25),
(217, 323, '240', '240', '1', '240', 25),
(218, 330, '260', '260', '1', '260', 25),
(219, 467, '430', '430', '1', '430', 25),
(220, 68, '300', '300', '1', '300', 26),
(221, 73, '260', '260', '1', '260', 26),
(222, 101, '410', '410', '1', '410', 26),
(223, 125, '550', '550', '1', '550', 26),
(224, 167, '380', '380', '1', '380', 26),
(225, 183, '300', '300', '1', '300', 26),
(226, 296, '260', '260', '1', '260', 26),
(227, 430, '700', '700', '1', '700', 26),
(228, 327, '260', '260', '1', '260', 27),
(229, 462, '-750', '-750', '-1', '750', 27),
(230, 97, '410', '410', '1', '410', 28),
(231, 255, '780', '780', '1', '780', 28),
(232, 329, '260', '260', '1', '260', 28),
(233, 428, '750', '750', '1', '750', 28),
(234, 431, '700', '700', '1', '700', 28),
(235, 462, '750', '750', '1', '750', 28),
(236, 74, '260', '260', '1', '260', 29),
(237, 94, '410', '410', '1', '410', 29),
(238, 160, '580', '580', '1', '580', 29),
(239, 169, '760', '760', '2', '1520', 29),
(240, 190, '290', '290', '1', '290', 29),
(241, 259, '510', '510', '1', '510', 29),
(242, 310, '260', '260', '1', '260', 29),
(243, 314, '260', '260', '1', '260', 29),
(244, 359, '600', '600', '2', '1200', 29),
(245, 384, '130', '130', '1', '130', 29),
(246, 387, '130', '130', '1', '130', 29),
(247, 442, '210', '210', '1', '210', 29),
(248, 28, '420', '420', '1', '420', 30),
(249, 60, '420', '420', '1', '420', 30),
(250, 105, '385', '385', '1', '385', 30),
(251, 156, '550', '550', '1', '550', 30),
(252, 160, '580', '580', '1', '580', 30),
(253, 422, '540', '540', '1', '540', 30),
(254, 26, '420', '420', '1', '420', 31),
(255, 60, '420', '420', '1', '420', 31),
(256, 79, '260', '260', '1', '260', 31),
(257, 94, '410', '410', '1', '410', 31),
(258, 105, '770', '770', '2', '1540', 31),
(259, 183, '300', '300', '1', '300', 31),
(260, 187, '270', '270', '1', '270', 31),
(261, 247, '640', '640', '1', '640', 31),
(262, 258, '780', '780', '1', '780', 31),
(263, 259, '510', '510', '1', '510', 31),
(264, 290, '260', '260', '1', '260', 31),
(265, 314, '260', '260', '1', '260', 31),
(266, 428, '750', '750', '1', '750', 31),
(267, 465, '430', '430', '1', '430', 31),
(268, 469, '430', '430', '1', '430', 31),
(269, 475, '430', '430', '1', '430', 31),
(270, 26, '420', '420', '1', '420', 32),
(271, 44, '410', '410', '1', '410', 32),
(272, 111, '385', '385', '1', '385', 32),
(273, 170, '380', '380', '1', '380', 32),
(274, 245, '640', '640', '1', '640', 32),
(275, 247, '640', '640', '1', '640', 32),
(276, 261, '380', '380', '1', '380', 32),
(277, 290, '520', '520', '2', '1040', 32),
(278, 296, '520', '520', '2', '1040', 32),
(279, 304, '275', '275', '1', '275', 32),
(280, 327, '260', '260', '1', '260', 32),
(281, 359, '300', '300', '1', '300', 32),
(282, 422, '1080', '1080', '2', '2160', 32),
(283, 451, '892', '892', '2', '1784', 32),
(284, 96, '820', '820', '2', '1640', 33),
(285, 111, '385', '385', '1', '385', 33),
(286, 157, '470', '470', '1', '470', 33),
(287, 166, '760', '760', '2', '1520', 33),
(288, 168, '760', '760', '2', '1520', 33),
(289, 170, '380', '380', '1', '380', 33),
(290, 256, '780', '780', '1', '780', 33),
(291, 262, '1280', '1280', '2', '2560', 33),
(292, 355, '470', '470', '1', '470', 33),
(293, 425, '405', '405', '1', '405', 33),
(294, 441, '390', '390', '1', '390', 33),
(295, 465, '430', '430', '1', '430', 33),
(296, 31, '160', '160', '1', '160', 34),
(297, 60, '420', '420', '1', '420', 34),
(298, 261, '380', '380', '1', '380', 34),
(299, 290, '260', '260', '1', '260', 34),
(300, 357, '210', '210', '1', '210', 34),
(301, 427, '580', '580', '1', '580', 34),
(302, 441, '390', '390', '1', '390', 34),
(303, 99, '600', '600', '1', '600', 35),
(304, 168, '380', '380', '1', '380', 35),
(305, 182, '630', '630', '1', '630', 35),
(306, 217, '1650', '1650', '1', '1650', 35),
(307, 230, '700', '700', '1', '700', 35),
(308, 247, '640', '640', '1', '640', 35),
(309, 248, '640', '640', '1', '640', 35),
(310, 278, '1900', '1900', '1', '1900', 35),
(311, 420, '470', '470', '1', '470', 35),
(312, 441, '390', '390', '1', '390', 35),
(313, 473, '430', '430', '1', '430', 35),
(314, 30, '160', '160', '1', '160', 36),
(315, 82, '420', '420', '1', '420', 36),
(316, 183, '300', '300', '1', '300', 36),
(317, 290, '260', '260', '1', '260', 36),
(318, 358, '690', '690', '1', '690', 36),
(319, 439, '360', '360', '1', '360', 36),
(320, 453, '240', '240', '1', '240', 36),
(321, 28, '420', '420', '1', '420', 37),
(322, 36, '480', '480', '3', '1440', 37),
(323, 97, '410', '410', '1', '410', 37),
(324, 151, '450', '450', '1', '450', 37),
(325, 247, '640', '640', '1', '640', 37),
(326, 308, '260', '260', '1', '260', 37),
(327, 314, '260', '260', '1', '260', 37),
(328, 327, '260', '260', '1', '260', 37),
(329, 355, '940', '940', '2', '1880', 37),
(330, 375, '800', '800', '1', '800', 37),
(331, 441, '390', '390', '1', '390', 37),
(332, 453, '240', '240', '1', '240', 37),
(333, 467, '430', '430', '1', '430', 37),
(334, 473, '430', '430', '1', '430', 37),
(335, 480, '580', '580', '1', '580', 37),
(336, 36, '160', '160', '1', '160', 38),
(337, 41, '190', '190', '1', '190', 38),
(338, 82, '420', '420', '1', '420', 38),
(339, 113, '380', '380', '1', '380', 38),
(340, 184, '300', '300', '1', '300', 38),
(341, 230, '700', '700', '1', '700', 38),
(342, 236, '580', '580', '1', '580', 38),
(343, 259, '510', '510', '1', '510', 38),
(344, 307, '110', '110', '1', '110', 38),
(345, 359, '600', '600', '2', '1200', 38),
(346, 441, '390', '390', '1', '390', 38),
(347, 34, '160', '160', '1', '160', 39),
(348, 35, '160', '160', '1', '160', 39),
(349, 36, '160', '160', '1', '160', 39),
(350, 94, '410', '410', '1', '410', 39),
(351, 101, '410', '410', '1', '410', 39),
(352, 159, '770', '770', '2', '1540', 39),
(353, 230, '700', '700', '1', '700', 39),
(354, 235, '770', '770', '1', '770', 39),
(355, 236, '580', '580', '1', '580', 39),
(356, 421, '540', '540', '1', '540', 39),
(357, 441, '390', '390', '1', '390', 39),
(358, 453, '240', '240', '1', '240', 40),
(359, 22, '420', '420', '1', '420', 41),
(360, 29, '420', '420', '1', '420', 41),
(361, 36, '160', '160', '1', '160', 41),
(362, 97, '410', '410', '1', '410', 41),
(363, 119, '380', '380', '1', '380', 41),
(364, 130, '210', '210', '1', '210', 41),
(365, 159, '385', '385', '1', '385', 41),
(366, 190, '580', '580', '2', '1160', 41),
(367, 300, '260', '260', '1', '260', 41),
(368, 302, '260', '260', '1', '260', 41),
(369, 308, '260', '260', '1', '260', 41),
(370, 392, '385', '385', '1', '385', 41),
(371, 441, '390', '390', '1', '390', 41),
(372, 453, '240', '240', '1', '240', 41),
(373, 465, '430', '430', '1', '430', 41),
(374, 475, '430', '430', '1', '430', 41),
(375, 26, '840', '840', '2', '1680', 42),
(376, 101, '1230', '1230', '3', '3690', 42),
(377, 106, '380', '380', '1', '380', 42),
(378, 144, '1600', '1600', '1', '1600', 42),
(379, 148, '806', '806', '1', '806', 42),
(380, 183, '600', '600', '2', '1200', 42),
(381, 213, '680', '680', '1', '680', 42),
(382, 230, '700', '700', '1', '700', 42),
(383, 254, '830', '830', '1', '830', 42),
(384, 258, '780', '780', '1', '780', 42),
(385, 302, '260', '260', '1', '260', 42),
(386, 314, '260', '260', '1', '260', 42),
(387, 326, '260', '260', '1', '260', 42),
(388, 328, '260', '260', '1', '260', 42),
(389, 351, '450', '450', '1', '450', 42),
(390, 470, '860', '860', '2', '1720', 42),
(391, 26, '-420', '-420', '-1', '420', 43),
(392, 101, '-410', '-410', '-1', '410', 43),
(393, 144, '-1600', '-1600', '-1', '1600', 43),
(394, 159, '385', '385', '1', '385', 43),
(395, 189, '270', '270', '1', '270', 43),
(396, 230, '-700', '-700', '-1', '700', 43),
(397, 247, '640', '640', '1', '640', 43),
(398, 250, '2028', '2028', '1', '2028', 43),
(399, 254, '-830', '-830', '-1', '830', 43),
(400, 258, '-780', '-780', '-1', '780', 43),
(401, 321, '220', '220', '2', '440', 43),
(402, 359, '300', '300', '1', '300', 43),
(403, 373, '400', '400', '2', '800', 43),
(404, 470, '-430', '-430', '-1', '430', 43),
(405, 34, '480', '480', '3', '1440', 44),
(406, 36, '480', '480', '3', '1440', 44),
(407, 41, '950', '950', '5', '4750', 44),
(408, 85, '2100', '2100', '1', '2100', 44),
(409, 96, '820', '820', '2', '1640', 44),
(410, 109, '385', '385', '1', '385', 44),
(411, 124, '610', '610', '1', '610', 44),
(412, 125, '470', '470', '1', '470', 44),
(413, 136, '470', '470', '1', '470', 44),
(414, 139, '310', '310', '1', '310', 44),
(415, 144, '1600', '1600', '1', '1600', 44),
(416, 159, '1155', '1155', '3', '3465', 44),
(417, 342, '390', '390', '1', '390', 44),
(418, 373, '200', '200', '1', '200', 44),
(419, 451, '446', '446', '1', '446', 44),
(420, 465, '430', '430', '1', '430', 44),
(421, 477, '580', '580', '1', '580', 44),
(422, 14, '470', '470', '1', '470', 45),
(423, 101, '410', '410', '1', '410', 45),
(424, 159, '770', '770', '2', '1540', 45),
(425, 162, '385', '385', '1', '385', 45),
(426, 179, '650', '650', '1', '650', 45),
(427, 230, '700', '700', '1', '700', 45),
(428, 261, '380', '380', '1', '380', 45),
(429, 31, '320', '320', '2', '640', 46),
(430, 56, '600', '600', '1', '600', 46),
(431, 105, '385', '385', '1', '385', 46),
(432, 116, '850', '850', '1', '850', 46),
(433, 158, '335', '335', '1', '335', 46),
(434, 159, '385', '385', '1', '385', 46),
(435, 228, '210', '210', '1', '210', 46),
(436, 244, '300', '300', '1', '300', 46),
(437, 261, '380', '380', '1', '380', 46),
(438, 290, '260', '260', '1', '260', 46),
(439, 296, '780', '780', '3', '2340', 46),
(440, 320, '520', '520', '2', '1040', 46),
(441, 332, '100', '100', '1', '100', 46),
(442, 441, '390', '390', '1', '390', 46),
(443, 34, '160', '160', '1', '160', 47),
(444, 44, '410', '410', '1', '410', 47),
(445, 58, '600', '600', '1', '600', 47),
(446, 113, '380', '380', '1', '380', 47),
(447, 136, '1410', '1410', '3', '4230', 47),
(448, 141, '210', '210', '1', '210', 47),
(449, 168, '760', '760', '2', '1520', 47),
(450, 173, '500', '500', '1', '500', 47),
(451, 183, '300', '300', '1', '300', 47),
(452, 243, '300', '300', '1', '300', 47),
(453, 247, '640', '640', '1', '640', 47),
(454, 249, '720', '720', '1', '720', 47),
(455, 259, '510', '510', '1', '510', 47),
(456, 290, '520', '520', '2', '1040', 47),
(457, 296, '260', '260', '1', '260', 47),
(458, 297, '260', '260', '1', '260', 47),
(459, 306, '260', '260', '1', '260', 47),
(460, 320, '260', '260', '1', '260', 47),
(461, 355, '470', '470', '1', '470', 47),
(462, 364, '3000', '3000', '1', '3000', 47),
(463, 371, '3000', '3000', '1', '3000', 47),
(464, 392, '385', '385', '1', '385', 47),
(465, 441, '780', '780', '2', '1560', 47),
(466, 450, '446', '446', '1', '446', 47),
(467, 470, '430', '430', '1', '430', 47),
(468, 482, '900', '900', '2', '1800', 47),
(469, 25, '420', '420', '1', '420', 48),
(470, 56, '600', '600', '1', '600', 48),
(471, 82, '420', '420', '1', '420', 48),
(472, 123, '400', '400', '1', '400', 48),
(473, 183, '300', '300', '1', '300', 48),
(474, 215, '385', '385', '1', '385', 48),
(475, 284, '550', '550', '1', '550', 48),
(476, 290, '260', '260', '1', '260', 48),
(477, 307, '110', '110', '1', '110', 48),
(478, 308, '260', '260', '1', '260', 48),
(479, 321, '110', '110', '1', '110', 48),
(480, 392, '385', '385', '1', '385', 48),
(481, 13, '800', '800', '1', '800', 49),
(482, 25, '420', '420', '1', '420', 49),
(483, 35, '160', '160', '1', '160', 49),
(484, 82, '420', '420', '1', '420', 49),
(485, 94, '410', '410', '1', '410', 49),
(486, 158, '335', '335', '1', '335', 49),
(487, 161, '830', '830', '1', '830', 49),
(488, 168, '380', '380', '1', '380', 49),
(489, 244, '600', '600', '2', '1200', 49),
(490, 249, '720', '720', '1', '720', 49),
(491, 296, '260', '260', '1', '260', 49),
(492, 301, '260', '260', '1', '260', 49),
(493, 306, '520', '520', '2', '1040', 49),
(494, 314, '260', '260', '1', '260', 49),
(495, 326, '260', '260', '1', '260', 49),
(496, 327, '260', '260', '1', '260', 49),
(497, 428, '750', '750', '1', '750', 49),
(498, 469, '430', '430', '1', '430', 49),
(499, 12, '1460', '1460', '1', '1460', 50),
(500, 26, '420', '420', '1', '420', 50),
(501, 30, '160', '160', '1', '160', 50),
(502, 35, '160', '160', '1', '160', 50),
(503, 36, '160', '160', '1', '160', 50),
(504, 41, '380', '380', '2', '760', 50),
(505, 44, '820', '820', '2', '1640', 50),
(506, 82, '420', '420', '1', '420', 50),
(507, 101, '410', '410', '1', '410', 50),
(508, 167, '760', '760', '2', '1520', 50),
(509, 229, '560', '560', '1', '560', 50),
(510, 230, '700', '700', '1', '700', 50),
(511, 254, '830', '830', '1', '830', 50),
(512, 258, '780', '780', '1', '780', 50),
(513, 261, '380', '380', '1', '380', 50),
(514, 290, '260', '260', '1', '260', 50),
(515, 297, '780', '780', '3', '2340', 50),
(516, 306, '260', '260', '1', '260', 50),
(517, 310, '260', '260', '1', '260', 50),
(518, 354, '470', '470', '1', '470', 50),
(519, 379, '200', '200', '1', '200', 50),
(520, 380, '500', '500', '1', '500', 50),
(521, 423, '1620', '1620', '3', '4860', 50),
(522, 441, '780', '780', '2', '1560', 50),
(523, 470, '860', '860', '2', '1720', 50),
(524, 44, '410', '410', '1', '410', 51),
(525, 58, '600', '600', '1', '600', 51),
(526, 93, '790', '790', '1', '790', 51),
(527, 137, '310', '310', '1', '310', 51),
(528, 150, '450', '450', '1', '450', 51),
(529, 168, '380', '380', '1', '380', 51),
(530, 183, '300', '300', '1', '300', 51),
(531, 230, '700', '700', '1', '700', 51),
(532, 240, '640', '640', '1', '640', 51),
(533, 296, '260', '260', '1', '260', 51),
(534, 306, '260', '260', '1', '260', 51),
(535, 425, '405', '405', '1', '405', 51),
(536, 426, '750', '750', '1', '750', 51),
(537, 460, '700', '700', '1', '700', 51),
(538, 475, '430', '430', '1', '430', 51),
(539, 12, '1460', '1460', '1', '1460', 52),
(540, 13, '800', '800', '1', '800', 52),
(541, 25, '420', '420', '1', '420', 52),
(542, 29, '420', '420', '1', '420', 52),
(543, 30, '160', '160', '1', '160', 52),
(544, 34, '160', '160', '1', '160', 52),
(545, 38, '350', '350', '1', '350', 52),
(546, 44, '820', '820', '2', '1640', 52),
(547, 56, '600', '600', '1', '600', 52),
(548, 57, '1200', '1200', '1', '1200', 52),
(549, 81, '340', '340', '1', '340', 52),
(550, 100, '800', '800', '1', '800', 52),
(551, 109, '385', '385', '1', '385', 52),
(552, 117, '850', '850', '1', '850', 52),
(553, 136, '470', '470', '1', '470', 52),
(554, 138, '310', '310', '1', '310', 52),
(555, 139, '310', '310', '1', '310', 52),
(556, 156, '550', '550', '1', '550', 52),
(557, 161, '830', '830', '1', '830', 52),
(558, 168, '1140', '1140', '3', '3420', 52),
(559, 179, '650', '650', '1', '650', 52),
(560, 189, '540', '540', '2', '1080', 52),
(561, 191, '270', '270', '1', '270', 52),
(562, 192, '560', '560', '1', '560', 52),
(563, 215, '385', '385', '1', '385', 52),
(564, 254, '830', '830', '1', '830', 52),
(565, 327, '260', '260', '1', '260', 52),
(566, 342, '390', '390', '1', '390', 52),
(567, 346, '390', '390', '1', '390', 52),
(568, 353, '450', '450', '1', '450', 52),
(569, 441, '780', '780', '2', '1560', 52),
(570, 449, '892', '892', '2', '1784', 52),
(571, 450, '446', '446', '1', '446', 52),
(572, 469, '860', '860', '2', '1720', 52),
(573, 11, '250', '250', '1', '250', 53),
(574, 25, '420', '420', '1', '420', 53),
(575, 26, '420', '420', '1', '420', 53),
(576, 94, '410', '410', '1', '410', 53),
(577, 109, '385', '385', '1', '385', 53),
(578, 161, '830', '830', '1', '830', 53),
(579, 162, '385', '385', '1', '385', 53),
(580, 215, '385', '385', '1', '385', 53),
(581, 241, '850', '850', '1', '850', 53),
(582, 296, '520', '520', '2', '1040', 53),
(583, 297, '260', '260', '1', '260', 53),
(584, 366, '3000', '3000', '1', '3000', 53),
(585, 420, '470', '470', '1', '470', 53),
(586, 423, '540', '540', '1', '540', 53),
(587, 441, '390', '390', '1', '390', 53),
(588, 465, '430', '430', '1', '430', 53),
(589, 469, '430', '430', '1', '430', 53),
(590, 470, '430', '430', '1', '430', 53),
(591, 22, '420', '420', '1', '420', 54),
(592, 29, '420', '420', '1', '420', 54),
(593, 97, '410', '410', '1', '410', 54),
(594, 167, '380', '380', '1', '380', 54),
(595, 246, '640', '640', '1', '640', 54),
(596, 249, '720', '720', '1', '720', 54),
(597, 259, '510', '510', '1', '510', 54),
(598, 264, '840', '840', '3', '2520', 54),
(599, 294, '110', '110', '1', '110', 54),
(600, 296, '260', '260', '1', '260', 54),
(601, 307, '110', '110', '1', '110', 54),
(602, 308, '260', '260', '1', '260', 54),
(603, 320, '520', '520', '2', '1040', 54),
(604, 430, '700', '700', '1', '700', 54),
(605, 451, '446', '446', '1', '446', 54),
(606, 465, '430', '430', '1', '430', 54),
(607, 482, '450', '450', '1', '450', 54),
(608, 33, '180', '180', '1', '180', 55),
(609, 82, '420', '420', '1', '420', 55),
(610, 100, '800', '800', '1', '800', 55),
(611, 119, '380', '380', '1', '380', 55),
(612, 247, '640', '640', '1', '640', 55),
(613, 23, '440', '440', '1', '440', 56),
(614, 32, '420', '420', '1', '420', 56),
(615, 34, '160', '160', '1', '160', 56),
(616, 107, '385', '385', '1', '385', 56),
(617, 215, '385', '385', '1', '385', 56),
(618, 307, '110', '110', '1', '110', 56),
(619, 321, '110', '110', '1', '110', 56),
(620, 342, '350', '350', '1', '350', 56),
(621, 350, '350', '350', '1', '350', 56),
(622, 472, '450', '450', '1', '450', 56),
(623, 478, '450', '450', '1', '450', 56),
(624, 14, '470', '470', '1', '470', 57),
(625, 22, '440', '440', '1', '440', 57),
(626, 81, '340', '340', '1', '340', 57),
(627, 91, '500', '500', '1', '500', 57),
(628, 137, '310', '310', '1', '310', 57),
(629, 192, '560', '560', '1', '560', 57),
(630, 320, '280', '280', '1', '280', 57),
(631, 405, '210', '210', '1', '210', 57),
(632, 457, '210', '210', '1', '210', 57),
(633, 467, '450', '450', '1', '450', 57),
(634, 22, '440', '440', '1', '440', 58),
(635, 26, '440', '440', '1', '440', 58),
(636, 97, '430', '430', '1', '430', 58),
(637, 101, '450', '450', '1', '450', 58),
(638, 156, '550', '550', '1', '550', 58),
(639, 159, '385', '385', '1', '385', 58),
(640, 167, '400', '400', '1', '400', 58),
(641, 175, '500', '500', '1', '500', 58),
(642, 257, '830', '830', '1', '830', 58),
(643, 297, '280', '280', '1', '280', 58),
(644, 306, '280', '280', '1', '280', 58),
(645, 388, '470', '470', '1', '470', 58),
(646, 425, '405', '405', '1', '405', 58),
(647, 441, '390', '390', '1', '390', 58),
(648, 449, '446', '446', '1', '446', 58),
(649, 450, '446', '446', '1', '446', 58),
(650, 451, '892', '892', '2', '1784', 58),
(651, 460, '700', '700', '1', '700', 58),
(652, 26, '440', '440', '1', '440', 59),
(653, 33, '180', '180', '1', '180', 59),
(654, 59, '1200', '1200', '1', '1200', 59),
(655, 101, '2250', '2250', '5', '11250', 59),
(656, 106, '380', '380', '1', '380', 59),
(657, 117, '850', '850', '1', '850', 59),
(658, 136, '470', '470', '1', '470', 59),
(659, 168, '400', '400', '1', '400', 59),
(660, 181, '1300', '1300', '2', '2600', 59),
(661, 189, '270', '270', '1', '270', 59),
(662, 229, '560', '560', '1', '560', 59),
(663, 244, '300', '300', '1', '300', 59),
(664, 248, '640', '640', '1', '640', 59),
(665, 249, '720', '720', '1', '720', 59),
(666, 290, '560', '560', '2', '1120', 59),
(667, 296, '1120', '1120', '4', '4480', 59),
(668, 297, '840', '840', '3', '2520', 59),
(669, 327, '280', '280', '1', '280', 59),
(670, 371, '3000', '3000', '1', '3000', 59),
(671, 421, '540', '540', '1', '540', 59),
(672, 426, '1500', '1500', '2', '3000', 59),
(673, 441, '390', '390', '1', '390', 59),
(674, 443, '420', '420', '1', '420', 59),
(675, 449, '446', '446', '1', '446', 59),
(676, 467, '450', '450', '1', '450', 59),
(677, 470, '1800', '1800', '4', '7200', 59),
(678, 22, '440', '440', '1', '440', 60),
(679, 33, '180', '180', '1', '180', 60),
(680, 38, '350', '350', '1', '350', 60),
(681, 47, '530', '530', '1', '530', 60),
(682, 56, '600', '600', '1', '600', 60),
(683, 101, '450', '450', '1', '450', 60),
(684, 106, '380', '380', '1', '380', 60),
(685, 117, '850', '850', '1', '850', 60),
(686, 162, '385', '385', '1', '385', 60),
(687, 167, '400', '400', '1', '400', 60),
(688, 175, '500', '500', '1', '500', 60),
(689, 187, '270', '270', '1', '270', 60),
(690, 188, '550', '550', '1', '550', 60),
(691, 284, '550', '550', '1', '550', 60),
(692, 294, '110', '110', '1', '110', 60),
(693, 321, '110', '110', '1', '110', 60),
(694, 101, '450', '450', '1', '450', 61),
(695, 106, '760', '760', '2', '1520', 61),
(696, 117, '850', '850', '1', '850', 61),
(697, 162, '385', '385', '1', '385', 61),
(698, 192, '560', '560', '1', '560', 61),
(699, 264, '280', '280', '1', '280', 61),
(700, 286, '1800', '1800', '1', '1800', 61),
(701, 306, '280', '280', '1', '280', 61),
(702, 329, '280', '280', '1', '280', 61),
(703, 332, '200', '200', '2', '400', 61),
(704, 348, '350', '350', '1', '350', 61),
(705, 351, '395', '395', '1', '395', 61),
(706, 353, '395', '395', '1', '395', 61),
(707, 440, '900', '900', '1', '900', 61),
(708, 22, '440', '440', '1', '440', 62),
(709, 23, '440', '440', '1', '440', 62),
(710, 26, '440', '440', '1', '440', 62),
(711, 96, '430', '430', '1', '430', 62),
(712, 101, '2250', '2250', '5', '11250', 62),
(713, 103, '800', '800', '1', '800', 62),
(714, 106, '1520', '1520', '4', '6080', 62),
(715, 107, '385', '385', '1', '385', 62),
(716, 159, '1155', '1155', '3', '3465', 62),
(717, 256, '780', '780', '1', '780', 62),
(718, 297, '280', '280', '1', '280', 62),
(719, 322, '280', '280', '1', '280', 62),
(720, 329, '280', '280', '1', '280', 62),
(721, 332, '100', '100', '1', '100', 62),
(722, 346, '350', '350', '1', '350', 62),
(723, 347, '395', '395', '1', '395', 62),
(724, 348, '350', '350', '1', '350', 62),
(725, 374, '80', '80', '1', '80', 62),
(726, 399, '300', '300', '1', '300', 62),
(727, 449, '446', '446', '1', '446', 62),
(728, 465, '450', '450', '1', '450', 62),
(729, 467, '1350', '1350', '3', '4050', 62),
(730, 473, '450', '450', '1', '450', 62),
(731, 96, '430', '430', '1', '430', 63),
(732, 101, '1350', '1350', '3', '4050', 63),
(733, 106, '380', '380', '1', '380', 63),
(734, 111, '770', '770', '2', '1540', 63),
(735, 116, '850', '850', '1', '850', 63),
(736, 229, '560', '560', '1', '560', 63),
(737, 261, '420', '420', '1', '420', 63),
(738, 374, '80', '80', '1', '80', 63),
(739, 34, '160', '160', '1', '160', 64),
(740, 91, '500', '500', '1', '500', 64),
(741, 101, '1350', '1350', '3', '4050', 64),
(742, 106, '760', '760', '2', '1520', 64),
(743, 131, '385', '385', '1', '385', 64),
(744, 243, '300', '300', '1', '300', 64),
(745, 332, '100', '100', '1', '100', 64),
(746, 437, '870', '870', '1', '870', 64),
(747, 480, '580', '580', '1', '580', 64),
(748, 481, '580', '580', '1', '580', 64),
(749, 94, '430', '430', '1', '430', 65),
(750, 96, '430', '430', '1', '430', 65),
(751, 97, '430', '430', '1', '430', 65),
(752, 111, '385', '385', '1', '385', 65),
(753, 159, '770', '770', '2', '1540', 65),
(754, 192, '560', '560', '1', '560', 65),
(755, 463, '210', '210', '1', '210', 65),
(756, 11, '250', '250', '1', '250', 66),
(757, 34, '160', '160', '1', '160', 66),
(758, 36, '320', '320', '2', '640', 66),
(759, 38, '350', '350', '1', '350', 66),
(760, 159, '385', '385', '1', '385', 66),
(761, 161, '830', '830', '1', '830', 66),
(762, 173, '500', '500', '1', '500', 66),
(763, 229, '560', '560', '1', '560', 66),
(764, 257, '780', '780', '1', '780', 66),
(765, 344, '700', '700', '2', '1400', 66),
(766, 346, '350', '350', '1', '350', 66),
(767, 349, '395', '395', '1', '395', 66),
(768, 352, '790', '790', '2', '1580', 66),
(769, 353, '790', '790', '2', '1580', 66),
(770, 427, '1160', '1160', '2', '2320', 66),
(771, 431, '700', '700', '1', '700', 66),
(772, 452, '446', '446', '1', '446', 66),
(773, 480, '580', '580', '1', '580', 66),
(774, 22, '440', '440', '1', '440', 67),
(775, 23, '440', '440', '1', '440', 67),
(776, 38, '350', '350', '1', '350', 67),
(777, 59, '1200', '1200', '1', '1200', 67),
(778, 60, '420', '420', '1', '420', 67),
(779, 101, '1800', '1800', '4', '7200', 67),
(780, 162, '385', '385', '1', '385', 67),
(781, 294, '110', '110', '1', '110', 67),
(782, 307, '110', '110', '1', '110', 67),
(783, 430, '700', '700', '1', '700', 67),
(784, 450, '446', '446', '1', '446', 67),
(785, 473, '450', '450', '1', '450', 67),
(786, 475, '900', '900', '2', '1800', 67),
(787, 32, '420', '420', '1', '420', 68),
(788, 103, '800', '800', '1', '800', 68),
(789, 108, '380', '380', '1', '380', 68),
(790, 159, '385', '385', '1', '385', 68),
(791, 215, '385', '385', '1', '385', 68),
(792, 259, '570', '570', '1', '570', 68),
(793, 296, '280', '280', '1', '280', 68),
(794, 348, '350', '350', '1', '350', 68),
(795, 349, '395', '395', '1', '395', 68),
(796, 353, '790', '790', '2', '1580', 68),
(797, 379, '200', '200', '1', '200', 68),
(798, 437, '600', '600', '1', '600', 68),
(799, 465, '450', '450', '1', '450', 68),
(800, 468, '850', '850', '1', '850', 68),
(801, 22, '440', '440', '1', '440', 69),
(802, 106, '380', '380', '1', '380', 69),
(803, 159, '385', '385', '1', '385', 69),
(804, 162, '385', '385', '1', '385', 69),
(805, 229, '560', '560', '1', '560', 69),
(806, 249, '720', '720', '1', '720', 69),
(807, 260, '420', '420', '1', '420', 69),
(808, 296, '280', '280', '1', '280', 69),
(809, 309, '260', '260', '1', '260', 69),
(810, 348, '350', '350', '1', '350', 69),
(811, 422, '540', '540', '1', '540', 69),
(812, 437, '600', '600', '1', '600', 69),
(813, 449, '446', '446', '1', '446', 69),
(814, 465, '450', '450', '1', '450', 69),
(815, 1, '350', '350', '1', '350', 70),
(816, 22, '440', '440', '1', '440', 70),
(817, 41, '190', '190', '1', '190', 70),
(818, 82, '420', '420', '1', '420', 70),
(819, 103, '800', '800', '1', '800', 70),
(820, 131, '385', '385', '1', '385', 70),
(821, 134, '310', '310', '1', '310', 70),
(822, 136, '470', '470', '1', '470', 70),
(823, 167, '400', '400', '1', '400', 70),
(824, 230, '700', '700', '1', '700', 70),
(825, 297, '560', '560', '2', '1120', 70),
(826, 308, '280', '280', '1', '280', 70),
(827, 329, '280', '280', '1', '280', 70),
(828, 330, '280', '280', '1', '280', 70),
(829, 349, '395', '395', '1', '395', 70),
(830, 441, '840', '840', '2', '1680', 70),
(831, 442, '210', '210', '1', '210', 70),
(832, 465, '450', '450', '1', '450', 70),
(833, 472, '450', '450', '1', '450', 70),
(834, 480, '580', '580', '1', '580', 70),
(835, 482, '450', '450', '1', '450', 70),
(836, 487, '250', '250', '1', '250', 70),
(837, 1, '350', '350', '1', '350', 71),
(838, 38, '350', '350', '1', '350', 71),
(839, 120, '350', '350', '1', '350', 71),
(840, 121, '680', '680', '1', '680', 71),
(841, 360, '1400', '1400', '1', '1400', 71),
(842, 452, '446', '446', '1', '446', 71),
(843, 479, '450', '450', '1', '450', 71),
(844, 296, '280', '280', '1', '280', 72),
(845, 137, '310', '310', '1', '310', 73),
(846, 248, '-640', '-640', '-1', '640', 73),
(847, 2, '400', '400', '1', '400', 74),
(848, 4, '400', '400', '1', '400', 74),
(849, 26, '440', '440', '1', '440', 74),
(850, 34, '160', '148', '1', '160', 8),
(851, 36, '160', '148', '1', '160', 8),
(852, 46, '1060', '985', '2', '2120', 8),
(853, 49, '650', '650', '1', '650', 74),
(854, 50, '650', '650', '1', '650', 74),
(855, 81, '340', '340', '1', '340', 74),
(856, 94, '430', '399', '1', '430', 9),
(857, 96, '430', '399', '1', '430', 9),
(858, 106, '1520', '1493', '4', '6080', 4),
(859, 108, '380', '380', '1', '380', 74),
(860, 120, '350', '350', '1', '350', 74),
(861, 123, '400', '400', '1', '400', 74),
(862, 142, '210', '210', '1', '210', 74),
(863, 159, '385', '385', '1', '385', 74),
(864, 162, '385', '385', '1', '385', 74),
(865, 176, '550', '550', '1', '550', 74),
(866, 183, '350', '350', '1', '350', 74),
(867, 205, '1300', '1300', '1', '1300', 74),
(868, 259, '1140', '1100', '2', '2280', 1),
(869, 260, '420', '420', '1', '420', 74),
(870, 289, '200', '200', '1', '200', 74),
(871, 290, '280', '280', '1', '280', 74),
(872, 294, '110', '110', '1', '110', 74),
(873, 296, '560', '540', '2', '1120', 4),
(874, 308, '280', '280', '1', '280', 74),
(875, 312, '260', '241', '1', '260', 8),
(876, 332, '100', '100', '1', '100', 74),
(877, 415, '1350', '1255', '1', '1350', 5),
(878, 420, '470', '470', '1', '470', 74),
(879, 429, '480', '480', '1', '480', 74),
(880, 441, '840', '840', '2', '1680', 74),
(881, 445, '420', '420', '1', '420', 74),
(882, 465, '450', '450', '1', '450', 74),
(883, 195, '1200', '1140', '1', '1200', 75),
(884, 205, '1300', '1235', '1', '1300', 75),
(885, 211, '1200', '1140', '1', '1200', 75),
(886, 8, '350', '350', '1', '350', 76),
(887, 22, '440', '440', '1', '440', 76),
(888, 62, '4200', '3906', '3', '12600', 76),
(889, 65, '2800', '2604', '2', '5600', 76),
(890, 96, '430', '430', '1', '430', 76),
(891, 120, '350', '350', '1', '350', 76),
(892, 159, '385', '385', '1', '385', 76),
(893, 183, '350', '350', '1', '350', 76),
(894, 230, '1400', '1400', '2', '2800', 76),
(895, 263, '840', '840', '2', '1680', 76),
(896, 346, '350', '350', '1', '350', 76),
(897, 349, '395', '395', '1', '395', 76),
(898, 350, '700', '700', '2', '1400', 76),
(899, 352, '790', '790', '2', '1580', 76),
(900, 381, '1500', '1500', '1', '1500', 76),
(901, 3, '350', '350', '1', '350', 77),
(902, 8, '350', '350', '1', '350', 77),
(903, 13, '800', '800', '1', '800', 77),
(904, 34, '320', '320', '2', '640', 77),
(905, 41, '760', '760', '4', '3040', 77),
(906, 52, '650', '650', '1', '650', 77),
(907, 65, '1400', '1302', '1', '1400', 77),
(908, 67, '4200', '3906', '3', '12600', 77),
(909, 94, '860', '860', '2', '1720', 77),
(910, 96, '430', '430', '1', '430', 77),
(911, 98, '260', '260', '1', '260', 77),
(912, 116, '850', '850', '1', '850', 77),
(913, 120, '350', '350', '1', '350', 77),
(914, 159, '385', '385', '1', '385', 77),
(915, 183, '350', '350', '1', '350', 77),
(916, 247, '640', '640', '1', '640', 77),
(917, 260, '840', '840', '2', '1680', 77),
(918, 263, '420', '420', '1', '420', 77),
(919, 296, '560', '560', '2', '1120', 77),
(920, 392, '385', '385', '1', '385', 77),
(921, 402, '390', '390', '1', '390', 77),
(922, 473, '450', '450', '1', '450', 77),
(923, 5, '400', '400', '1', '400', 78),
(924, 23, '440', '440', '1', '440', 78),
(925, 29, '440', '440', '1', '440', 78),
(926, 34, '320', '320', '2', '640', 78),
(927, 36, '160', '160', '1', '160', 78),
(928, 41, '190', '190', '1', '190', 78),
(929, 45, '530', '530', '1', '530', 78),
(930, 56, '600', '600', '1', '600', 78),
(931, 106, '760', '760', '2', '1520', 78),
(932, 108, '380', '380', '1', '380', 78),
(933, 159, '770', '770', '2', '1540', 78),
(934, 160, '550', '550', '1', '550', 78),
(935, 184, '300', '300', '1', '300', 78),
(936, 223, '1100', '1100', '1', '1100', 78),
(937, 289, '200', '200', '1', '200', 78),
(938, 290, '280', '280', '1', '280', 78),
(939, 296, '280', '280', '1', '280', 78),
(940, 322, '280', '280', '1', '280', 78),
(941, 352, '395', '395', '1', '395', 78),
(942, 374, '80', '80', '1', '80', 78),
(943, 441, '420', '420', '1', '420', 78),
(944, 453, '240', '240', '1', '240', 78),
(945, 467, '450', '450', '1', '450', 78),
(946, 475, '450', '450', '1', '450', 78),
(947, 34, '160', '160', '1', '160', 79),
(948, 47, '530', '530', '1', '530', 79),
(949, 75, '200', '200', '1', '200', 79),
(950, 94, '860', '860', '2', '1720', 79),
(951, 101, '450', '450', '1', '450', 79),
(952, 103, '800', '800', '1', '800', 79),
(953, 118, '420', '420', '1', '420', 79),
(954, 159, '385', '385', '1', '385', 79),
(955, 289, '400', '400', '2', '800', 79),
(956, 308, '280', '280', '1', '280', 79),
(957, 341, '350', '350', '1', '350', 79),
(958, 348, '350', '350', '1', '350', 79),
(959, 356, '210', '210', '1', '210', 79),
(960, 415, '1350', '1350', '1', '1350', 79),
(961, 441, '420', '420', '1', '420', 79),
(962, 446, '420', '420', '1', '420', 79),
(963, 453, '240', '240', '1', '240', 79),
(964, 120, '350', '350', '1', '350', 80),
(965, 183, '350', '350', '1', '350', 80),
(966, 202, '1300', '1300', '1', '1300', 80),
(967, 230, '700', '700', '1', '700', 80),
(968, 349, '395', '395', '1', '395', 80),
(969, 427, '580', '580', '1', '580', 80),
(970, 34, '160', '160', '1', '160', 81),
(971, 108, '380', '380', '1', '380', 81),
(972, 243, '300', '300', '1', '300', 81),
(973, 245, '640', '640', '1', '640', 81),
(974, 258, '780', '780', '1', '780', 81),
(975, 263, '420', '420', '1', '420', 81),
(976, 287, '210', '210', '1', '210', 81),
(977, 288, '100', '100', '1', '100', 81),
(978, 297, '280', '280', '1', '280', 81),
(979, 423, '540', '540', '1', '540', 81),
(980, 438, '650', '650', '1', '650', 81),
(981, 467, '450', '450', '1', '450', 81),
(982, 473, '450', '450', '1', '450', 81),
(983, 36, '320', '320', '2', '640', 82),
(984, 56, '600', '600', '1', '600', 82),
(985, 136, '470', '470', '1', '470', 82),
(986, 184, '300', '300', '1', '300', 82),
(987, 261, '1260', '1260', '3', '3780', 82),
(988, 438, '1300', '1300', '2', '2600', 82),
(989, 453, '240', '240', '1', '240', 82),
(990, 472, '450', '450', '1', '450', 82),
(991, 475, '450', '450', '1', '450', 82),
(992, 25, '440', '440', '1', '440', 83),
(993, 26, '1320', '1320', '3', '3960', 83),
(994, 34, '160', '160', '1', '160', 83),
(995, 36, '320', '320', '2', '640', 83),
(996, 41, '190', '190', '1', '190', 83),
(997, 58, '600', '600', '1', '600', 83),
(998, 63, '990', '990', '1', '990', 83),
(999, 101, '450', '450', '1', '450', 83),
(1000, 106, '380', '380', '1', '380', 83),
(1001, 108, '380', '380', '1', '380', 83),
(1002, 159, '385', '385', '1', '385', 83),
(1003, 229, '560', '560', '1', '560', 83),
(1004, 344, '350', '350', '1', '350', 83),
(1005, 347, '1185', '1185', '3', '3555', 83),
(1006, 351, '395', '395', '1', '395', 83),
(1007, 453, '240', '240', '1', '240', 83),
(1008, 461, '210', '210', '1', '210', 83),
(1009, 469, '450', '450', '1', '450', 83),
(1010, 58, '600', '600', '1', '600', 84),
(1011, 101, '450', '450', '1', '450', 84),
(1012, 103, '800', '800', '1', '800', 84),
(1013, 120, '350', '350', '1', '350', 84),
(1014, 159, '385', '385', '1', '385', 84),
(1015, 296, '280', '280', '1', '280', 84),
(1016, 423, '540', '540', '1', '540', 84),
(1017, 8, '350', '350', '1', '350', 85),
(1018, 34, '480', '480', '3', '1440', 85),
(1019, 36, '480', '480', '3', '1440', 85),
(1020, 101, '900', '900', '2', '1800', 85),
(1021, 130, '210', '210', '1', '210', 85),
(1022, 159, '385', '385', '1', '385', 85),
(1023, 167, '400', '400', '1', '400', 85),
(1024, 259, '570', '570', '1', '570', 85),
(1025, 260, '420', '420', '1', '420', 85),
(1026, 289, '200', '200', '1', '200', 85),
(1027, 356, '210', '210', '1', '210', 85),
(1028, 380, '500', '500', '1', '500', 85),
(1029, 423, '540', '540', '1', '540', 85),
(1030, 441, '420', '420', '1', '420', 85),
(1031, 101, '450', '450', '1', '450', 86),
(1032, 162, '385', '385', '1', '385', 86),
(1033, 167, '800', '800', '2', '1600', 86),
(1034, 174, '500', '500', '1', '500', 86),
(1035, 256, '1560', '1560', '2', '3120', 86),
(1036, 258, '780', '780', '1', '780', 86),
(1037, 262, '640', '640', '1', '640', 86),
(1038, 330, '280', '280', '1', '280', 86),
(1039, 374, '80', '80', '1', '80', 86),
(1040, 441, '1260', '1260', '3', '3780', 86),
(1041, 9, '150', '150', '1', '150', 87),
(1042, 10, '75', '75', '1', '75', 87),
(1043, 17, '75', '75', '1', '75', 87),
(1044, 37, '174', '174', '1', '174', 87),
(1045, 45, '265', '265', '1', '265', 87),
(1046, 49, '650', '650', '1', '650', 87),
(1047, 55, '650', '650', '1', '650', 87),
(1048, 97, '205', '205', '1', '205', 87),
(1049, 98, '260', '260', '1', '260', 87),
(1050, 101, '1105', '1105', '3', '3315', 87),
(1051, 106, '380', '380', '1', '380', 87),
(1052, 131, '70', '70', '1', '70', 87),
(1053, 159, '560', '560', '2', '1120', 87),
(1054, 162, '385', '385', '1', '385', 87),
(1055, 214, '75', '75', '1', '75', 87),
(1056, 228, '75', '75', '1', '75', 87),
(1057, 260, '420', '420', '1', '420', 87),
(1058, 263, '190', '190', '1', '190', 87),
(1059, 287, '75', '75', '1', '75', 87),
(1060, 289, '160', '160', '2', '320', 87),
(1061, 333, '150', '150', '1', '150', 87),
(1062, 343, '198', '198', '1', '198', 87),
(1063, 429, '480', '480', '1', '480', 87),
(1064, 437, '600', '600', '1', '600', 87),
(1065, 438, '650', '650', '1', '650', 87),
(1066, 456, '225', '225', '2', '450', 87),
(1067, 463, '75', '75', '1', '75', 87),
(1068, 464, '75', '75', '1', '75', 87),
(1069, 34, '160', '160', '1', '160', 88),
(1070, 36, '320', '320', '2', '640', 88),
(1071, 41, '190', '190', '1', '190', 88),
(1072, 51, '650', '650', '1', '650', 88),
(1073, 58, '600', '600', '1', '600', 88),
(1074, 99, '600', '600', '1', '600', 88),
(1075, 101, '1350', '1350', '3', '4050', 88),
(1076, 109, '385', '385', '1', '385', 88),
(1077, 159, '385', '385', '1', '385', 88),
(1078, 168, '400', '400', '1', '400', 88),
(1079, 183, '350', '350', '1', '350', 88),
(1080, 230, '700', '700', '1', '700', 88),
(1081, 260, '420', '420', '1', '420', 88),
(1082, 262, '640', '640', '1', '640', 88),
(1083, 374, '80', '80', '1', '80', 88),
(1084, 428, '750', '750', '1', '750', 88),
(1085, 453, '240', '240', '1', '240', 88),
(1086, 469, '450', '450', '1', '450', 88),
(1087, 9, '150', '150', '1', '150', 89),
(1088, 16, '150', '150', '1', '150', 89),
(1089, 17, '300', '300', '2', '600', 89),
(1090, 22, '880', '880', '2', '1760', 89),
(1091, 26, '440', '440', '1', '440', 89),
(1092, 101, '1350', '1350', '3', '4050', 89),
(1093, 120, '350', '350', '1', '350', 89),
(1094, 141, '150', '150', '1', '150', 89),
(1095, 158, '335', '335', '1', '335', 89),
(1096, 176, '550', '550', '1', '550', 89),
(1097, 178, '630', '630', '1', '630', 89),
(1098, 214, '150', '150', '1', '150', 89),
(1099, 239, '500', '500', '1', '500', 89),
(1100, 260, '1260', '1260', '3', '3780', 89),
(1101, 261, '420', '420', '1', '420', 89),
(1102, 262, '640', '640', '1', '640', 89),
(1103, 287, '150', '150', '1', '150', 89),
(1104, 289, '200', '200', '1', '200', 89),
(1105, 297, '1120', '1120', '4', '4480', 89),
(1106, 330, '560', '560', '2', '1120', 89),
(1107, 341, '700', '700', '2', '1400', 89),
(1108, 374, '80', '80', '1', '80', 89),
(1109, 430, '700', '700', '1', '700', 89),
(1110, 437, '600', '600', '1', '600', 89),
(1111, 438, '650', '650', '1', '650', 89),
(1112, 465, '450', '450', '1', '450', 89),
(1113, 484, '490', '490', '1', '490', 89),
(1114, 485, '150', '150', '1', '150', 89),
(1115, 4, '400', '400', '1', '400', 90),
(1116, 10, '150', '150', '1', '150', 90),
(1117, 12, '1460', '1460', '1', '1460', 90),
(1118, 29, '440', '440', '1', '440', 90),
(1119, 36, '160', '160', '1', '160', 90),
(1120, 101, '450', '450', '1', '450', 90),
(1121, 120, '350', '350', '1', '350', 90),
(1122, 155, '300', '300', '2', '600', 90),
(1123, 167, '400', '400', '1', '400', 90),
(1124, 176, '550', '550', '1', '550', 90),
(1125, 183, '350', '350', '1', '350', 90),
(1126, 225, '1100', '1100', '1', '1100', 90),
(1127, 233, '500', '500', '1', '500', 90),
(1128, 239, '500', '500', '1', '500', 90),
(1129, 258, '780', '780', '1', '780', 90),
(1130, 294, '110', '110', '1', '110', 90),
(1131, 333, '300', '300', '2', '600', 90),
(1132, 424, '540', '540', '1', '540', 90),
(1133, 441, '840', '840', '2', '1680', 90),
(1134, 449, '892', '892', '2', '1784', 90),
(1135, 464, '150', '150', '1', '150', 90),
(1136, 469, '450', '450', '1', '450', 90),
(1137, 485, '150', '150', '1', '150', 90),
(1138, 6, '800', '800', '2', '1600', 91),
(1139, 95, '600', '600', '1', '600', 91),
(1140, 101, '450', '450', '1', '450', 91),
(1141, 257, '780', '780', '1', '780', 91),
(1142, 294, '110', '110', '1', '110', 91),
(1143, 318, '110', '110', '1', '110', 91),
(1144, 374, '80', '80', '1', '80', 91),
(1145, 421, '540', '540', '1', '540', 91),
(1146, 463, '150', '150', '1', '150', 91),
(1147, 484, '490', '490', '1', '490', 91),
(1148, 2, '400', '400', '1', '400', 92),
(1149, 3, '350', '350', '1', '350', 92),
(1150, 26, '440', '440', '1', '440', 92),
(1151, 68, '300', '300', '1', '300', 92),
(1152, 94, '430', '430', '1', '430', 92),
(1153, 101, '450', '450', '1', '450', 92),
(1154, 120, '350', '350', '1', '350', 92),
(1155, 192, '560', '560', '1', '560', 92),
(1156, 253, '350', '350', '1', '350', 92),
(1157, 288, '200', '200', '2', '400', 92),
(1158, 296, '280', '280', '1', '280', 92),
(1159, 462, '610', '610', '1', '610', 92),
(1160, 470, '450', '450', '1', '450', 92),
(1161, 9, '150', '150', '1', '150', 93),
(1162, 97, '430', '430', '1', '430', 93),
(1163, 101, '900', '900', '2', '1800', 93),
(1164, 106, '760', '760', '2', '1520', 93),
(1165, 155, '150', '150', '1', '150', 93),
(1166, 156, '550', '550', '1', '550', 93),
(1167, 162, '385', '385', '1', '385', 93),
(1168, 167, '400', '400', '1', '400', 93),
(1169, 229, '560', '560', '1', '560', 93),
(1170, 231, '570', '570', '1', '570', 93),
(1171, 255, '780', '780', '1', '780', 93),
(1172, 256, '1560', '1560', '2', '3120', 93),
(1173, 264, '280', '280', '1', '280', 93),
(1174, 288, '200', '200', '2', '400', 93),
(1175, 289, '400', '400', '2', '800', 93),
(1176, 342, '350', '350', '1', '350', 93),
(1177, 350, '350', '350', '1', '350', 93),
(1178, 374, '80', '80', '1', '80', 93),
(1179, 421, '540', '540', '1', '540', 93),
(1180, 430, '700', '700', '1', '700', 93),
(1181, 469, '450', '450', '1', '450', 93),
(1182, 1, '350', '350', '1', '350', 94),
(1183, 5, '400', '400', '1', '400', 94),
(1184, 13, '800', '800', '1', '800', 94),
(1185, 34, '160', '160', '1', '160', 94),
(1186, 44, '560', '560', '1', '560', 94),
(1187, 101, '900', '900', '2', '1800', 94),
(1188, 120, '700', '700', '2', '1400', 94),
(1189, 134, '310', '310', '1', '310', 94),
(1190, 136, '470', '470', '1', '470', 94),
(1191, 159, '385', '385', '1', '385', 94),
(1192, 162, '385', '385', '1', '385', 94),
(1193, 233, '500', '500', '1', '500', 94),
(1194, 245, '640', '640', '1', '640', 94),
(1195, 342, '350', '350', '1', '350', 94),
(1196, 441, '840', '840', '2', '1680', 94),
(1197, 450, '446', '446', '1', '446', 94),
(1198, 452, '446', '446', '1', '446', 94),
(1199, 475, '450', '450', '1', '450', 94),
(1200, 25, '440', '418', '1', '440', 95),
(1201, 101, '900', '877', '2', '1800', 5),
(1202, 106, '380', '361', '1', '380', 95),
(1203, 120, '1050', '1050', '3', '3150', 95),
(1204, 136, '470', '470', '1', '470', 95),
(1205, 159, '1155', '1097', '3', '3465', 25),
(1206, 167, '400', '400', '1', '400', 95),
(1207, 178, '630', '598', '1', '630', 5),
(1208, 263, '420', '399', '1', '420', 95),
(1209, 354, '470', '470', '1', '470', 95),
(1210, 422, '540', '540', '1', '540', 95),
(1211, 424, '540', '513', '1', '540', 95),
(1212, 464, '150', '150', '1', '150', 95),
(1213, 465, '900', '900', '2', '1800', 95),
(1214, 469, '450', '427', '1', '450', 5),
(1215, 470, '450', '427', '1', '450', 5),
(1216, 3, '350', '350', '1', '350', 96),
(1217, 7, '400', '400', '1', '400', 96),
(1218, 22, '440', '440', '1', '440', 96),
(1219, 34, '480', '480', '3', '1440', 96),
(1220, 59, '1200', '1200', '1', '1200', 96),
(1221, 96, '430', '430', '1', '430', 96),
(1222, 101, '900', '900', '2', '1800', 96),
(1223, 106, '380', '380', '1', '380', 96),
(1224, 134, '310', '310', '1', '310', 96),
(1225, 184, '300', '300', '1', '300', 96),
(1226, 247, '640', '640', '1', '640', 96),
(1227, 290, '280', '280', '1', '280', 96),
(1228, 296, '280', '280', '1', '280', 96),
(1229, 314, '280', '280', '1', '280', 96),
(1230, 431, '1400', '1400', '2', '2800', 96),
(1231, 450, '446', '446', '1', '446', 96),
(1232, 452, '446', '446', '1', '446', 96),
(1233, 465, '450', '450', '1', '450', 96),
(1234, 470, '450', '450', '1', '450', 96),
(1235, 50, '650', '650', '1', '650', 97),
(1236, 58, '600', '600', '1', '600', 97),
(1237, 101, '450', '450', '1', '450', 97),
(1238, 239, '500', '500', '1', '500', 97),
(1239, 262, '640', '640', '1', '640', 97),
(1240, 296, '280', '280', '1', '280', 97),
(1241, 441, '420', '420', '1', '420', 97),
(1242, 13, '800', '800', '1', '800', 98),
(1243, 94, '430', '430', '1', '430', 98),
(1244, 97, '430', '430', '1', '430', 98);
INSERT INTO `items_orders` (`id`, `items_id`, `items_price`, `items_price_discount`, `items_quantity`, `items_sum`, `orders_id`) VALUES
(1245, 162, '385', '385', '1', '385', 98),
(1246, 168, '400', '400', '1', '400', 98),
(1247, 372, '3000', '2850', '1', '3000', 98),
(1248, 441, '420', '420', '1', '420', 98),
(1249, 44, '560', '560', '1', '560', 99),
(1250, 101, '1350', '1350', '3', '4050', 99),
(1251, 116, '850', '850', '1', '850', 99),
(1252, 135, '310', '310', '1', '310', 99),
(1253, 142, '150', '150', '1', '150', 99),
(1254, 424, '540', '540', '1', '540', 99),
(1255, 13, '800', '800', '1', '800', 100),
(1256, 40, '420', '420', '1', '420', 100),
(1257, 48, '150', '150', '1', '150', 100),
(1258, 82, '420', '420', '1', '420', 100),
(1259, 142, '150', '150', '1', '150', 100),
(1260, 192, '560', '560', '1', '560', 100),
(1261, 232, '570', '570', '1', '570', 100),
(1262, 263, '420', '420', '1', '420', 100),
(1263, 283, '1000', '1000', '2', '2000', 100),
(1264, 389, '150', '150', '1', '150', 100),
(1265, 456, '150', '150', '1', '150', 100),
(1266, 457, '300', '300', '2', '600', 100),
(1267, 465, '450', '450', '1', '450', 100),
(1268, 28, '440', '440', '1', '440', 101),
(1269, 262, '640', '640', '1', '640', 101),
(1270, 296, '280', '280', '1', '280', 101),
(1271, 297, '280', '280', '1', '280', 101),
(1272, 392, '385', '385', '1', '385', 101),
(1273, 453, '240', '240', '1', '240', 101),
(1274, 7, '400', '400', '1', '400', 102),
(1275, 101, '450', '450', '1', '450', 102),
(1276, 106, '380', '380', '1', '380', 102),
(1277, 120, '350', '350', '1', '350', 102),
(1278, 130, '150', '150', '1', '150', 102),
(1279, 167, '400', '400', '1', '400', 102),
(1280, 173, '600', '600', '1', '600', 102),
(1281, 183, '350', '350', '1', '350', 102),
(1282, 229, '560', '560', '1', '560', 102),
(1283, 296, '280', '280', '1', '280', 102),
(1284, 374, '80', '80', '1', '80', 102),
(1285, 392, '385', '385', '1', '385', 102),
(1286, 441, '840', '840', '2', '1680', 102),
(1287, 461, '300', '300', '2', '600', 102),
(1288, 480, '580', '580', '1', '580', 102),
(1289, 37, '350', '350', '1', '350', 103),
(1290, 53, '650', '650', '1', '650', 103),
(1291, 101, '450', '450', '1', '450', 103),
(1292, 108, '380', '380', '1', '380', 103),
(1293, 120, '350', '350', '1', '350', 103),
(1294, 167, '400', '400', '1', '400', 103),
(1295, 173, '600', '600', '1', '600', 103),
(1296, 179, '760', '760', '1', '760', 103),
(1297, 233, '500', '500', '1', '500', 103),
(1298, 441, '840', '840', '2', '1680', 103),
(1299, 472, '450', '450', '1', '450', 103),
(1300, 481, '580', '580', '1', '580', 103),
(1301, 23, '440', '440', '1', '440', 104),
(1302, 28, '440', '440', '1', '440', 104),
(1303, 81, '340', '340', '1', '340', 104),
(1304, 94, '430', '430', '1', '430', 104),
(1305, 106, '380', '380', '1', '380', 104),
(1306, 108, '380', '380', '1', '380', 104),
(1307, 120, '350', '350', '1', '350', 104),
(1308, 146, '620', '620', '1', '620', 104),
(1309, 215, '385', '385', '1', '385', 104),
(1310, 288, '100', '100', '1', '100', 104),
(1311, 296, '280', '280', '1', '280', 104),
(1312, 297, '840', '840', '3', '2520', 104),
(1313, 303, '260', '260', '1', '260', 104),
(1314, 306, '560', '560', '2', '1120', 104),
(1315, 314, '560', '560', '2', '1120', 104),
(1316, 439, '360', '360', '1', '360', 104),
(1317, 475, '450', '450', '1', '450', 104),
(1318, 16, '150', '150', '1', '150', 105),
(1319, 28, '440', '440', '1', '440', 105),
(1320, 51, '650', '650', '1', '650', 105),
(1321, 103, '800', '800', '1', '800', 105),
(1322, 175, '600', '600', '1', '600', 105),
(1323, 227, '1000', '1000', '5', '5000', 105),
(1324, 297, '280', '280', '1', '280', 105),
(1325, 306, '280', '280', '1', '280', 105),
(1326, 10, '150', '150', '1', '150', 106),
(1327, 53, '650', '650', '1', '650', 106),
(1328, 262, '640', '640', '1', '640', 106),
(1329, 297, '840', '840', '3', '2520', 106),
(1330, 167, '400', '400', '1', '400', 107),
(1331, 437, '600', '600', '1', '600', 107),
(1332, 352, '395', '395', '1', '395', 108),
(1333, 422, '540', '540', '1', '540', 108),
(1334, 470, '450', '450', '1', '450', 108),
(1335, 392, '385', '385', '1', '385', 109),
(1336, 1, '350', '332', '1', '350', 5),
(1337, 29, '440', '418', '1', '440', 110),
(1338, 36, '160', '152', '1', '160', 110),
(1339, 136, '470', '446', '1', '470', 5),
(1340, 181, '760', '722', '1', '760', 110),
(1341, 261, '420', '399', '1', '420', 110),
(1342, 288, '100', '95', '1', '100', 110),
(1343, 341, '350', '332', '1', '350', 5),
(1344, 452, '446', '423', '1', '446', 7),
(1345, 22, '440', '440', '1', '440', 111),
(1346, 25, '1320', '1320', '3', '3960', 111),
(1347, 34, '480', '480', '3', '1440', 111),
(1348, 36, '160', '160', '1', '160', 111),
(1349, 81, '340', '340', '1', '340', 111),
(1350, 120, '1050', '1050', '3', '3150', 111),
(1351, 125, '620', '620', '1', '620', 111),
(1352, 158, '335', '335', '1', '335', 111),
(1353, 261, '420', '420', '1', '420', 111),
(1354, 450, '446', '446', '1', '446', 111),
(1355, 469, '900', '900', '2', '1800', 111),
(1356, 23, '440', '440', '1', '440', 112),
(1357, 25, '440', '440', '1', '440', 112),
(1358, 27, '880', '880', '2', '1760', 112),
(1359, 34, '800', '800', '5', '4000', 112),
(1360, 36, '160', '160', '1', '160', 112),
(1361, 41, '190', '180', '1', '190', 5),
(1362, 58, '600', '600', '1', '600', 112),
(1363, 103, '800', '800', '1', '800', 112),
(1364, 106, '380', '380', '1', '380', 112),
(1365, 120, '350', '350', '1', '350', 112),
(1366, 159, '1155', '1155', '3', '3465', 112),
(1367, 165, '470', '446', '1', '470', 5),
(1368, 167, '400', '400', '1', '400', 112),
(1369, 171, '400', '400', '1', '400', 112),
(1370, 180, '650', '650', '1', '650', 112),
(1371, 181, '760', '722', '1', '760', 112),
(1372, 227, '400', '400', '2', '800', 112),
(1373, 249, '720', '684', '1', '720', 112),
(1374, 260, '420', '399', '1', '420', 112),
(1375, 263, '420', '420', '1', '420', 112),
(1376, 306, '280', '266', '1', '280', 112),
(1377, 310, '280', '266', '1', '280', 112),
(1378, 318, '110', '110', '1', '110', 112),
(1379, 320, '280', '266', '1', '280', 112),
(1380, 346, '350', '332', '1', '350', 5),
(1381, 397, '295', '295', '1', '295', 112),
(1382, 459, '620', '620', '1', '620', 112),
(1383, 468, '850', '850', '1', '850', 112),
(1384, 473, '450', '450', '1', '450', 112),
(1385, 22, '440', '409', '1', '440', 2),
(1386, 28, '440', '409', '1', '440', 2),
(1387, 34, '160', '148', '1', '160', 8),
(1388, 39, '800', '760', '4', '3200', 113),
(1389, 41, '570', '530', '3', '1710', 1),
(1390, 120, '700', '651', '2', '1400', 113),
(1391, 136, '470', '437', '1', '470', 1),
(1392, 157, '450', '418', '1', '450', 5),
(1393, 159, '770', '716', '2', '1540', 1),
(1394, 161, '3200', '2976', '4', '12800', 113),
(1395, 168, '400', '372', '1', '400', 113),
(1396, 171, '400', '380', '1', '400', 113),
(1397, 172, '900', '855', '2', '1800', 113),
(1398, 183, '350', '325', '1', '350', 5),
(1399, 184, '300', '279', '1', '300', 113),
(1400, 190, '290', '269', '1', '290', 7),
(1401, 238, '650', '617', '1', '650', 5),
(1402, 249, '720', '669', '1', '720', 6),
(1403, 258, '780', '725', '1', '780', 4),
(1404, 260, '840', '781', '2', '1680', 2),
(1405, 261, '420', '390', '1', '420', 6),
(1406, 263, '420', '390', '1', '420', 6),
(1407, 288, '100', '93', '1', '100', 113),
(1408, 335, '385', '365', '1', '385', 75),
(1409, 348, '320', '297', '1', '320', 6),
(1410, 353, '320', '297', '1', '320', 6),
(1411, 427, '550', '511', '1', '550', 5),
(1412, 441, '1260', '1171', '3', '3780', 8),
(1413, 469, '450', '418', '1', '450', 5),
(1414, 473, '450', '418', '1', '450', 5),
(1415, 39, '200', '200', '1', '200', 114),
(1416, 41, '190', '190', '1', '190', 114),
(1417, 48, '150', '150', '1', '150', 114),
(1418, 156, '450', '450', '1', '450', 114),
(1419, 168, '400', '400', '1', '400', 114),
(1420, 172, '900', '900', '2', '1800', 114),
(1421, 334, '385', '385', '1', '385', 114),
(1422, 335, '385', '385', '1', '385', 114),
(1423, 441, '420', '420', '1', '420', 114),
(1424, 444, '420', '420', '1', '420', 114),
(1425, 445, '420', '420', '1', '420', 114),
(1426, 36, '480', '480', '3', '1440', 115),
(1427, 56, '600', '600', '1', '600', 115),
(1428, 78, '200', '186', '1', '200', 115),
(1429, 146, '1240', '1240', '2', '2480', 115),
(1430, 159, '385', '358', '1', '385', 5),
(1431, 175, '600', '600', '1', '600', 115),
(1432, 227, '200', '190', '1', '200', 115),
(1433, 238, '650', '617', '1', '650', 5),
(1434, 260, '420', '390', '1', '420', 6),
(1435, 341, '320', '297', '1', '320', 6),
(1436, 366, '3000', '2790', '1', '3000', 115),
(1437, 378, '400', '390', '2', '800', 115),
(1438, 34, '160', '148', '1', '160', 8),
(1439, 38, '350', '325', '1', '350', 5),
(1440, 58, '600', '600', '1', '600', 116),
(1441, 74, '200', '186', '1', '200', 116),
(1442, 76, '200', '186', '1', '200', 116),
(1443, 103, '1600', '1544', '2', '3200', 116),
(1444, 106, '760', '733', '2', '1520', 4),
(1445, 108, '380', '380', '1', '380', 116),
(1446, 136, '940', '874', '2', '1880', 2),
(1447, 159, '385', '358', '1', '385', 5),
(1448, 168, '400', '400', '1', '400', 116),
(1449, 190, '290', '269', '1', '290', 7),
(1450, 227, '200', '200', '1', '200', 116),
(1451, 231, '570', '530', '1', '570', 1),
(1452, 245, '640', '608', '1', '640', 116),
(1453, 249, '720', '684', '1', '720', 116),
(1454, 260, '420', '390', '1', '420', 6),
(1455, 261, '420', '420', '1', '420', 116),
(1456, 263, '420', '420', '1', '420', 116),
(1457, 335, '385', '365', '1', '385', 75),
(1458, 338, '385', '385', '1', '385', 116),
(1459, 339, '385', '385', '1', '385', 116),
(1460, 348, '640', '640', '2', '1280', 116),
(1461, 355, '470', '437', '1', '470', 1),
(1462, 388, '1240', '1209', '2', '2480', 116),
(1463, 421, '1080', '1042', '2', '2160', 2),
(1464, 437, '600', '570', '1', '600', 116),
(1465, 444, '420', '399', '1', '420', 116),
(1466, 13, '800', '744', '1', '800', 117),
(1467, 25, '440', '409', '1', '440', 2),
(1468, 36, '480', '449', '3', '1440', 6),
(1469, 37, '350', '325', '1', '350', 5),
(1470, 44, '560', '520', '1', '560', 8),
(1471, 78, '200', '186', '1', '200', 117),
(1472, 96, '430', '399', '1', '430', 9),
(1473, 104, '680', '646', '1', '680', 117),
(1474, 136, '470', '437', '1', '470', 1),
(1475, 157, '450', '418', '1', '450', 5),
(1476, 158, '670', '636', '2', '1340', 5),
(1477, 159, '1155', '1101', '3', '3465', 1),
(1478, 171, '400', '380', '1', '400', 117),
(1479, 189, '270', '251', '1', '270', 1),
(1480, 190, '290', '269', '1', '290', 7),
(1481, 254, '830', '771', '1', '830', 9),
(1482, 259, '1140', '1060', '2', '2280', 2),
(1483, 261, '420', '420', '1', '420', 117),
(1484, 263, '420', '390', '1', '420', 6),
(1485, 288, '200', '186', '2', '400', 117),
(1486, 306, '280', '260', '1', '280', 4),
(1487, 342, '640', '595', '2', '1280', 2),
(1488, 349, '320', '297', '1', '320', 6),
(1489, 351, '320', '297', '1', '320', 6),
(1490, 352, '640', '595', '2', '1280', 2),
(1491, 371, '3000', '2850', '1', '3000', 117),
(1492, 374, '80', '74', '1', '80', 4),
(1493, 441, '420', '390', '1', '420', 6),
(1494, 443, '420', '390', '1', '420', 6),
(1495, 444, '420', '390', '1', '420', 6),
(1496, 446, '420', '390', '1', '420', 6),
(1497, 469, '450', '418', '1', '450', 5),
(1498, 13, '800', '800', '1', '800', 118),
(1499, 23, '440', '440', '1', '440', 118),
(1500, 29, '440', '440', '1', '440', 118),
(1501, 44, '560', '560', '1', '560', 118),
(1502, 56, '600', '600', '1', '600', 118),
(1503, 74, '200', '200', '1', '200', 118),
(1504, 133, '200', '200', '1', '200', 118),
(1505, 158, '335', '335', '1', '335', 118),
(1506, 191, '270', '270', '1', '270', 118),
(1507, 227, '400', '400', '2', '800', 118),
(1508, 238, '650', '650', '1', '650', 118),
(1509, 257, '1560', '1560', '2', '3120', 118),
(1510, 263, '420', '420', '1', '420', 118),
(1511, 310, '560', '560', '2', '1120', 118),
(1512, 338, '385', '385', '1', '385', 118),
(1513, 340, '385', '385', '1', '385', 118),
(1514, 348, '1280', '1280', '4', '5120', 118),
(1515, 353, '320', '320', '1', '320', 118),
(1516, 437, '600', '600', '1', '600', 118),
(1517, 441, '420', '420', '1', '420', 118),
(1518, 449, '446', '446', '1', '446', 118),
(1519, 469, '450', '450', '1', '450', 118),
(1520, 61, '400', '400', '1', '400', 119),
(1521, 165, '470', '470', '1', '470', 119),
(1522, 168, '400', '400', '1', '400', 119),
(1523, 341, '320', '320', '1', '320', 119),
(1524, 347, '320', '320', '1', '320', 119),
(1525, 349, '320', '320', '1', '320', 119),
(1526, 355, '470', '470', '1', '470', 119),
(1527, 406, '800', '800', '1', '800', 119),
(1528, 29, '440', '440', '1', '440', 120),
(1529, 58, '600', '570', '1', '600', 120),
(1530, 81, '340', '340', '1', '340', 120),
(1531, 101, '1800', '1683', '4', '7200', 120),
(1532, 162, '385', '365', '1', '385', 75),
(1533, 172, '450', '427', '1', '450', 5),
(1534, 254, '1660', '1543', '2', '3320', 8),
(1535, 260, '840', '840', '2', '1680', 120),
(1536, 289, '200', '186', '1', '200', 120),
(1537, 297, '560', '540', '2', '1120', 4),
(1538, 329, '280', '280', '1', '280', 120),
(1539, 330, '280', '266', '1', '280', 120),
(1540, 354, '470', '470', '1', '470', 120),
(1541, 421, '540', '513', '1', '540', 120),
(1542, 441, '420', '390', '1', '420', 6),
(1543, 447, '420', '420', '1', '420', 120),
(1544, 448, '420', '390', '1', '420', 6),
(1545, 452, '446', '446', '1', '446', 120),
(1546, 469, '900', '877', '2', '1800', 5),
(1547, 473, '450', '427', '1', '450', 5),
(1548, 475, '900', '868', '2', '1800', 5),
(1549, 22, '440', '440', '1', '440', 121),
(1550, 23, '1320', '1298', '3', '3960', 121),
(1551, 25, '440', '440', '1', '440', 121),
(1552, 28, '440', '440', '1', '440', 121),
(1553, 29, '440', '440', '1', '440', 121),
(1554, 54, '650', '650', '1', '650', 121),
(1555, 61, '400', '400', '1', '400', 121),
(1556, 72, '400', '400', '2', '800', 121),
(1557, 76, '200', '200', '1', '200', 121),
(1558, 101, '450', '427', '1', '450', 5),
(1559, 120, '350', '332', '1', '350', 5),
(1560, 158, '335', '318', '1', '335', 25),
(1561, 211, '1200', '1140', '1', '1200', 121),
(1562, 260, '420', '420', '1', '420', 121),
(1563, 263, '840', '819', '2', '1680', 121),
(1564, 297, '280', '280', '1', '280', 121),
(1565, 308, '280', '280', '1', '280', 121),
(1566, 314, '560', '560', '2', '1120', 121),
(1567, 330, '280', '280', '1', '280', 121),
(1568, 334, '385', '385', '1', '385', 121),
(1569, 467, '1800', '1777', '4', '7200', 5),
(1570, 44, '1120', '1120', '2', '2240', 122),
(1571, 101, '450', '450', '1', '450', 122),
(1572, 104, '680', '680', '1', '680', 122),
(1573, 120, '350', '350', '1', '350', 122),
(1574, 136, '470', '470', '1', '470', 122),
(1575, 157, '450', '450', '1', '450', 122),
(1576, 171, '400', '400', '1', '400', 122),
(1577, 183, '350', '350', '1', '350', 122),
(1578, 184, '300', '300', '1', '300', 122),
(1579, 187, '270', '270', '1', '270', 122),
(1580, 189, '270', '270', '1', '270', 122),
(1581, 230, '700', '700', '1', '700', 122),
(1582, 231, '570', '570', '1', '570', 122),
(1583, 263, '420', '420', '1', '420', 122),
(1584, 264, '280', '280', '1', '280', 122),
(1585, 290, '1040', '1040', '4', '4160', 122),
(1586, 296, '780', '780', '3', '2340', 122),
(1587, 297, '780', '780', '3', '2340', 122),
(1588, 308, '1040', '1040', '4', '4160', 122),
(1589, 314, '260', '260', '1', '260', 122),
(1590, 441, '1260', '1260', '3', '3780', 122),
(1591, 450, '446', '446', '1', '446', 122),
(1592, 470, '420', '420', '1', '420', 122),
(1593, 473, '420', '420', '1', '420', 122),
(1594, 475, '420', '420', '1', '420', 122),
(1595, 79, '200', '200', '1', '200', 123),
(1596, 121, '1360', '1360', '2', '2720', 123),
(1597, 162, '385', '385', '1', '385', 123),
(1598, 168, '400', '400', '1', '400', 123),
(1599, 290, '260', '260', '1', '260', 123),
(1600, 308, '260', '260', '1', '260', 123),
(1601, 310, '260', '260', '1', '260', 123),
(1602, 314, '260', '260', '1', '260', 123),
(1603, 471, '520', '520', '1', '520', 123),
(1604, 24, '800', '760', '1', '800', 124),
(1605, 25, '410', '410', '1', '410', 124),
(1606, 37, '350', '350', '1', '350', 124),
(1607, 61, '400', '400', '1', '400', 124),
(1608, 91, '500', '500', '1', '500', 124),
(1609, 96, '410', '410', '1', '410', 124),
(1610, 97, '410', '410', '1', '410', 124),
(1611, 101, '1800', '1777', '4', '7200', 5),
(1612, 120, '700', '682', '2', '1400', 5),
(1613, 135, '310', '310', '1', '310', 124),
(1614, 136, '470', '470', '1', '470', 124),
(1615, 158, '335', '335', '1', '335', 124),
(1616, 162, '385', '365', '1', '385', 75),
(1617, 167, '400', '400', '1', '400', 124),
(1618, 168, '400', '400', '1', '400', 124),
(1619, 169, '400', '400', '1', '400', 124),
(1620, 172, '900', '900', '2', '1800', 124),
(1621, 186, '800', '800', '2', '1600', 124),
(1622, 193, '680', '680', '1', '680', 124),
(1623, 227, '1000', '1000', '5', '5000', 124),
(1624, 263, '420', '399', '1', '420', 124),
(1625, 289, '200', '200', '1', '200', 124),
(1626, 338, '385', '385', '1', '385', 124),
(1627, 341, '320', '320', '1', '320', 124),
(1628, 343, '320', '320', '1', '320', 124),
(1629, 347, '320', '320', '1', '320', 124),
(1630, 355, '470', '470', '1', '470', 124),
(1631, 367, '3000', '2850', '1', '3000', 124),
(1632, 382, '700', '700', '2', '1400', 124),
(1633, 406, '800', '800', '1', '800', 124),
(1634, 413, '2200', '2200', '1', '2200', 124),
(1635, 441, '420', '420', '1', '420', 124),
(1636, 469, '420', '399', '1', '420', 124),
(1637, 471, '520', '494', '1', '520', 124),
(1638, 475, '420', '420', '1', '420', 124),
(1639, 486, '500', '500', '1', '500', 124),
(1640, 13, '800', '800', '1', '800', 125),
(1641, 25, '410', '410', '1', '410', 125),
(1642, 30, '160', '160', '1', '160', 125),
(1643, 31, '160', '160', '1', '160', 125),
(1644, 35, '160', '160', '1', '160', 125),
(1645, 73, '200', '200', '1', '200', 125),
(1646, 76, '200', '200', '1', '200', 125),
(1647, 79, '200', '200', '1', '200', 125),
(1648, 81, '340', '340', '1', '340', 125),
(1649, 91, '500', '500', '1', '500', 125),
(1650, 101, '1350', '1350', '3', '4050', 125),
(1651, 120, '700', '700', '2', '1400', 125),
(1652, 133, '200', '190', '1', '200', 125),
(1653, 167, '400', '400', '1', '400', 125),
(1654, 168, '400', '400', '1', '400', 125),
(1655, 169, '400', '400', '1', '400', 125),
(1656, 171, '400', '400', '1', '400', 125),
(1657, 172, '900', '900', '2', '1800', 125),
(1658, 198, '1200', '1200', '1', '1200', 125),
(1659, 227, '200', '200', '1', '200', 125),
(1660, 229, '1120', '1120', '2', '2240', 125),
(1661, 243, '300', '300', '1', '300', 125),
(1662, 249, '720', '720', '1', '720', 125),
(1663, 255, '780', '780', '1', '780', 125),
(1664, 257, '780', '780', '1', '780', 125),
(1665, 259, '500', '500', '1', '500', 125),
(1666, 290, '260', '260', '1', '260', 125),
(1667, 296, '260', '260', '1', '260', 125),
(1668, 329, '260', '260', '1', '260', 125),
(1669, 331, '600', '600', '2', '1200', 125),
(1670, 334, '385', '385', '1', '385', 125),
(1671, 337, '770', '770', '2', '1540', 125),
(1672, 340, '385', '385', '1', '385', 125),
(1673, 342, '320', '320', '1', '320', 125),
(1674, 343, '640', '640', '2', '1280', 125),
(1675, 349, '1280', '1280', '4', '5120', 125),
(1676, 350, '640', '640', '2', '1280', 125),
(1677, 353, '320', '320', '1', '320', 125),
(1678, 362, '3000', '2850', '1', '3000', 125),
(1679, 364, '3000', '2850', '1', '3000', 125),
(1680, 367, '3000', '2850', '1', '3000', 125),
(1681, 421, '540', '540', '1', '540', 125),
(1682, 427, '550', '550', '1', '550', 125),
(1683, 441, '420', '420', '1', '420', 125),
(1684, 448, '420', '420', '1', '420', 125),
(1685, 22, '410', '410', '1', '410', 126),
(1686, 26, '410', '410', '1', '410', 126),
(1687, 27, '410', '410', '1', '410', 126),
(1688, 37, '350', '350', '1', '350', 126),
(1689, 38, '350', '350', '1', '350', 126),
(1690, 58, '600', '600', '1', '600', 126),
(1691, 81, '680', '680', '2', '1360', 126),
(1692, 120, '700', '700', '2', '1400', 126),
(1693, 171, '400', '400', '1', '400', 126),
(1694, 310, '780', '780', '3', '2340', 126),
(1695, 314, '520', '520', '2', '1040', 126),
(1696, 329, '260', '260', '1', '260', 126),
(1697, 330, '260', '260', '1', '260', 126),
(1698, 340, '385', '385', '1', '385', 126),
(1699, 348, '640', '640', '2', '1280', 126),
(1700, 349, '320', '320', '1', '320', 126),
(1701, 406, '800', '800', '1', '800', 126),
(1702, 441, '420', '420', '1', '420', 126),
(1703, 447, '420', '420', '1', '420', 126),
(1704, 448, '420', '420', '1', '420', 126),
(1705, 449, '446', '446', '1', '446', 126),
(1706, 473, '420', '420', '1', '420', 126),
(1707, 477, '580', '580', '1', '580', 126),
(1708, 26, '410', '410', '1', '410', 127),
(1709, 28, '410', '410', '1', '410', 127),
(1710, 58, '600', '600', '1', '600', 127),
(1711, 97, '820', '820', '2', '1640', 127),
(1712, 101, '450', '450', '1', '450', 127),
(1713, 104, '680', '680', '1', '680', 127),
(1714, 120, '350', '350', '1', '350', 127),
(1715, 135, '310', '310', '1', '310', 127),
(1716, 156, '900', '900', '2', '1800', 127),
(1717, 158, '335', '335', '1', '335', 127),
(1718, 164, '650', '650', '1', '650', 127),
(1719, 169, '400', '400', '1', '400', 127),
(1720, 183, '350', '350', '1', '350', 127),
(1721, 184, '300', '300', '1', '300', 127),
(1722, 186, '800', '800', '2', '1600', 127),
(1723, 191, '270', '270', '1', '270', 127),
(1724, 201, '1300', '1300', '1', '1300', 127),
(1725, 227, '200', '200', '1', '200', 127),
(1726, 249, '720', '720', '1', '720', 127),
(1727, 253, '350', '350', '1', '350', 127),
(1728, 257, '780', '780', '1', '780', 127),
(1729, 296, '260', '260', '1', '260', 127),
(1730, 306, '260', '260', '1', '260', 127),
(1731, 310, '520', '520', '2', '1040', 127),
(1732, 329, '260', '260', '1', '260', 127),
(1733, 330, '260', '260', '1', '260', 127),
(1734, 334, '385', '385', '1', '385', 127),
(1735, 339, '385', '385', '1', '385', 127),
(1736, 341, '640', '640', '2', '1280', 127),
(1737, 344, '320', '320', '1', '320', 127),
(1738, 347, '320', '320', '1', '320', 127),
(1739, 352, '320', '320', '1', '320', 127),
(1740, 355, '470', '470', '1', '470', 127),
(1741, 374, '80', '80', '1', '80', 127),
(1742, 421, '540', '540', '1', '540', 127),
(1743, 422, '540', '540', '1', '540', 127),
(1744, 441, '420', '420', '1', '420', 127),
(1745, 473, '1260', '1260', '3', '3780', 127),
(1746, 475, '420', '420', '1', '420', 127),
(1747, 486, '500', '500', '1', '500', 127),
(1748, 28, '410', '410', '1', '410', 128),
(1749, 33, '180', '180', '1', '180', 128),
(1750, 91, '500', '500', '1', '500', 128),
(1751, 101, '450', '450', '1', '450', 128),
(1752, 137, '310', '310', '1', '310', 128),
(1753, 162, '770', '770', '2', '1540', 128),
(1754, 189, '270', '270', '1', '270', 128),
(1755, 216, '385', '385', '1', '385', 128),
(1756, 296, '260', '260', '1', '260', 128),
(1757, 314, '520', '520', '2', '1040', 128),
(1758, 329, '520', '520', '2', '1040', 128),
(1759, 341, '640', '640', '2', '1280', 128),
(1760, 342, '320', '320', '1', '320', 128),
(1761, 344, '640', '640', '2', '1280', 128),
(1762, 473, '420', '420', '1', '420', 128),
(1763, 61, '400', '400', '1', '400', 129),
(1764, 78, '200', '200', '1', '200', 129),
(1765, 157, '450', '450', '1', '450', 129),
(1766, 161, '800', '800', '1', '800', 129),
(1767, 195, '1200', '1200', '1', '1200', 129),
(1768, 406, '800', '800', '1', '800', 129),
(1769, 449, '446', '446', '1', '446', 129),
(1770, 480, '580', '580', '1', '580', 129),
(1771, 489, '360', '360', '1', '360', 129),
(1772, 171, '400', '400', '1', '400', 130),
(1773, 192, '560', '560', '1', '560', 130),
(1774, 227, '200', '200', '1', '200', 130),
(1775, 262, '640', '640', '1', '640', 130),
(1776, 336, '400', '400', '1', '400', 130),
(1777, 339, '385', '385', '1', '385', 130),
(1778, 422, '540', '540', '1', '540', 130),
(1779, 438, '650', '650', '1', '650', 130),
(1780, 451, '446', '446', '1', '446', 130),
(1781, 12, '1460', '1460', '1', '1460', 131),
(1782, 13, '800', '800', '1', '800', 131),
(1783, 22, '410', '410', '1', '410', 131),
(1784, 70, '300', '300', '1', '300', 131),
(1785, 73, '200', '200', '1', '200', 131),
(1786, 88, '800', '800', '1', '800', 131),
(1787, 156, '450', '450', '1', '450', 131),
(1788, 249, '720', '720', '1', '720', 131),
(1789, 255, '780', '780', '1', '780', 131),
(1790, 345, '320', '320', '1', '320', 131),
(1791, 353, '320', '320', '1', '320', 131),
(1792, 408, '900', '900', '1', '900', 131),
(1793, 216, '385', '385', '1', '385', 132),
(1794, 283, '500', '500', '1', '500', 132),
(1795, 348, '-320', '-320', '-1', '320', 132),
(1796, 11, '250', '232', '1', '250', 5),
(1797, 56, '1200', '1116', '2', '2400', 133),
(1798, 57, '2400', '2232', '2', '4800', 133),
(1799, 75, '200', '200', '1', '200', 133),
(1800, 104, '680', '646', '1', '680', 133),
(1801, 125, '620', '576', '1', '620', 6),
(1802, 157, '450', '418', '1', '450', 5),
(1803, 162, '385', '385', '1', '385', 133),
(1804, 207, '1200', '1200', '1', '1200', 133),
(1805, 227, '600', '580', '3', '1800', 133),
(1806, 237, '1300', '1235', '2', '2600', 133),
(1807, 238, '650', '650', '1', '650', 133),
(1808, 318, '330', '306', '3', '990', 9),
(1809, 320, '260', '260', '1', '260', 133),
(1810, 348, '640', '595', '2', '1280', 2),
(1811, 363, '3000', '2790', '1', '3000', 133),
(1812, 369, '3000', '2850', '1', '3000', 133),
(1813, 372, '3000', '2850', '1', '3000', 133),
(1814, 427, '550', '511', '1', '550', 5),
(1815, 430, '700', '700', '1', '700', 133),
(1816, 453, '240', '223', '1', '240', 2),
(1817, 487, '250', '232', '1', '250', 5),
(1818, 44, '560', '532', '1', '560', 134),
(1819, 94, '410', '381', '1', '410', 3),
(1820, 104, '1360', '1326', '2', '2720', 134),
(1821, 156, '450', '418', '1', '450', 5),
(1822, 164, '650', '617', '1', '650', 5),
(1823, 169, '400', '372', '1', '400', 134),
(1824, 182, '700', '665', '1', '700', 134),
(1825, 237, '650', '617', '1', '650', 5),
(1826, 247, '640', '640', '1', '640', 134),
(1827, 257, '780', '725', '1', '780', 4),
(1828, 259, '500', '500', '1', '500', 134),
(1829, 306, '260', '247', '1', '260', 134),
(1830, 315, '275', '255', '1', '275', 75),
(1831, 316, '385', '358', '1', '385', 5),
(1832, 341, '1280', '1190', '4', '5120', 4),
(1833, 347, '640', '595', '2', '1280', 2),
(1834, 350, '320', '297', '1', '320', 6),
(1835, 378, '600', '570', '3', '1800', 134),
(1836, 431, '700', '651', '1', '700', 134),
(1837, 441, '420', '390', '1', '420', 6),
(1838, 443, '420', '399', '1', '420', 134),
(1839, 450, '446', '446', '1', '446', 134),
(1840, 483, '490', '465', '1', '490', 5),
(1841, 28, '410', '410', '1', '410', 135),
(1842, 55, '650', '650', '1', '650', 135),
(1843, 69, '300', '300', '1', '300', 135),
(1844, 104, '680', '680', '1', '680', 135),
(1845, 260, '420', '420', '1', '420', 135),
(1846, 263, '420', '420', '1', '420', 135),
(1847, 345, '640', '640', '2', '1280', 135),
(1848, 378, '200', '200', '1', '200', 135),
(1849, 441, '840', '840', '2', '1680', 135),
(1850, 26, '1230', '1209', '3', '3690', 5),
(1851, 45, '540', '540', '1', '540', 136),
(1852, 87, '600', '570', '1', '600', 136),
(1853, 91, '500', '475', '1', '500', 136),
(1854, 148, '806', '806', '1', '806', 136),
(1855, 159, '1155', '1135', '3', '3465', 75),
(1856, 168, '400', '380', '1', '400', 136),
(1857, 171, '400', '400', '1', '400', 136),
(1858, 204, '1200', '1200', '1', '1200', 136),
(1859, 227, '200', '200', '1', '200', 136),
(1860, 255, '1560', '1560', '2', '3120', 136),
(1861, 378, '1200', '1160', '6', '7200', 136),
(1862, 441, '840', '840', '2', '1680', 136),
(1863, 453, '240', '228', '1', '240', 136),
(1864, 466, '520', '520', '1', '520', 136),
(1865, 467, '420', '420', '1', '420', 136),
(1866, 470, '420', '420', '1', '420', 136),
(1867, 483, '490', '465', '1', '490', 5),
(1868, 23, '410', '410', '1', '410', 137),
(1869, 25, '410', '389', '1', '410', 5),
(1870, 46, '530', '530', '1', '530', 137),
(1871, 94, '410', '410', '1', '410', 137),
(1872, 96, '410', '410', '1', '410', 137),
(1873, 146, '620', '589', '1', '620', 137),
(1874, 159, '385', '385', '1', '385', 137),
(1875, 177, '900', '855', '1', '900', 137),
(1876, 220, '1800', '1710', '1', '1800', 137),
(1877, 222, '1000', '1000', '1', '1000', 137),
(1878, 227, '400', '390', '2', '800', 137),
(1879, 260, '1260', '1218', '3', '3780', 137),
(1880, 261, '420', '420', '1', '420', 137),
(1881, 262, '640', '640', '1', '640', 137),
(1882, 318, '110', '110', '1', '110', 137),
(1883, 355, '470', '470', '1', '470', 137),
(1884, 378, '1200', '1160', '6', '7200', 137),
(1885, 467, '420', '420', '1', '420', 137),
(1886, 470, '420', '420', '1', '420', 137),
(1887, 25, '410', '389', '1', '410', 5),
(1888, 26, '820', '820', '2', '1640', 138),
(1889, 28, '410', '389', '1', '410', 5),
(1890, 93, '790', '750', '1', '790', 5),
(1891, 159, '385', '385', '1', '385', 138),
(1892, 173, '600', '600', '1', '600', 138),
(1893, 174, '600', '600', '1', '600', 138),
(1894, 187, '270', '270', '1', '270', 138),
(1895, 189, '270', '270', '1', '270', 138),
(1896, 191, '270', '270', '1', '270', 138),
(1897, 259, '500', '475', '1', '500', 138),
(1898, 260, '420', '420', '1', '420', 138),
(1899, 353, '320', '320', '1', '320', 138),
(1900, 378, '400', '400', '2', '800', 138),
(1901, 427, '550', '522', '1', '550', 5),
(1902, 430, '700', '665', '1', '700', 138),
(1903, 446, '420', '420', '1', '420', 138),
(1904, 465, '840', '819', '2', '1680', 138),
(1905, 469, '840', '819', '2', '1680', 138),
(1906, 470, '420', '420', '1', '420', 138),
(1907, 28, '410', '410', '1', '410', 139),
(1908, 227, '200', '200', '1', '200', 139),
(1909, 25, '820', '820', '2', '1640', 140),
(1910, 27, '410', '410', '1', '410', 140),
(1911, 34, '480', '480', '3', '1440', 140),
(1912, 36, '160', '160', '1', '160', 140),
(1913, 41, '190', '190', '1', '190', 140),
(1914, 58, '600', '600', '1', '600', 140),
(1915, 94, '1230', '1230', '3', '3690', 140),
(1916, 96, '410', '410', '1', '410', 140),
(1917, 106, '1520', '1520', '4', '6080', 140),
(1918, 122, '410', '410', '1', '410', 140),
(1919, 133, '250', '250', '1', '250', 140),
(1920, 159, '770', '770', '2', '1540', 140),
(1921, 230, '700', '700', '1', '700', 140),
(1922, 248, '640', '640', '1', '640', 140),
(1923, 260, '1680', '1680', '4', '6720', 140),
(1924, 262, '640', '640', '1', '640', 140),
(1925, 296, '260', '260', '1', '260', 140),
(1926, 297, '260', '260', '1', '260', 140),
(1927, 299, '200', '200', '1', '200', 140),
(1928, 300, '520', '520', '2', '1040', 140),
(1929, 314, '260', '260', '1', '260', 140),
(1930, 322, '260', '260', '1', '260', 140),
(1931, 329, '260', '260', '1', '260', 140),
(1932, 336, '400', '400', '1', '400', 140),
(1933, 378, '400', '400', '2', '800', 140),
(1934, 429, '500', '500', '1', '500', 140),
(1935, 465, '420', '420', '1', '420', 140),
(1936, 467, '420', '420', '1', '420', 140),
(1937, 469, '2100', '2100', '5', '10500', 140),
(1938, 473, '420', '420', '1', '420', 140),
(1939, 34, '480', '480', '3', '1440', 141),
(1940, 36, '320', '320', '2', '640', 141),
(1941, 41, '190', '190', '1', '190', 141),
(1942, 101, '450', '450', '1', '450', 141),
(1943, 106, '760', '760', '2', '1520', 141),
(1944, 159, '770', '770', '2', '1540', 141),
(1945, 260, '420', '420', '1', '420', 141),
(1946, 261, '420', '420', '1', '420', 141),
(1947, 296, '260', '260', '1', '260', 141),
(1948, 315, '275', '275', '1', '275', 141),
(1949, 465, '420', '420', '1', '420', 141),
(1950, 28, '410', '410', '1', '410', 142),
(1951, 34, '160', '160', '1', '160', 142),
(1952, 36, '480', '480', '3', '1440', 142),
(1953, 41, '190', '190', '1', '190', 142),
(1954, 47, '1590', '1590', '3', '4770', 142),
(1955, 49, '800', '760', '1', '800', 142),
(1956, 54, '800', '760', '1', '800', 142),
(1957, 120, '1050', '1050', '3', '3150', 142),
(1958, 131, '385', '365', '1', '385', 75),
(1959, 159, '385', '385', '1', '385', 142),
(1960, 164, '650', '617', '1', '650', 5),
(1961, 165, '470', '446', '1', '470', 5),
(1962, 183, '350', '332', '1', '350', 5),
(1963, 184, '300', '285', '1', '300', 142),
(1964, 260, '420', '420', '1', '420', 142),
(1965, 261, '420', '420', '1', '420', 142),
(1966, 290, '260', '260', '1', '260', 142),
(1967, 296, '260', '260', '1', '260', 142),
(1968, 297, '260', '260', '1', '260', 142),
(1969, 300, '260', '260', '1', '260', 142),
(1970, 314, '260', '260', '1', '260', 142),
(1971, 315, '275', '261', '1', '275', 25),
(1972, 322, '260', '260', '1', '260', 142),
(1973, 329, '260', '260', '1', '260', 142),
(1974, 336, '400', '380', '1', '400', 142),
(1975, 396, '560', '560', '2', '1120', 142),
(1976, 421, '540', '540', '1', '540', 142),
(1977, 435, '1450', '1377', '1', '1450', 5),
(1978, 465, '420', '420', '1', '420', 142),
(1979, 473, '840', '840', '2', '1680', 142),
(1980, 475, '840', '840', '2', '1680', 142),
(1981, 36, '160', '152', '1', '160', 143),
(1982, 41, '570', '560', '3', '1710', 5),
(1983, 101, '1350', '1305', '3', '4050', 143),
(1984, 106, '380', '361', '1', '380', 143),
(1985, 120, '350', '350', '1', '350', 143),
(1986, 134, '250', '237', '1', '250', 5),
(1987, 135, '250', '237', '1', '250', 5),
(1988, 157, '450', '450', '1', '450', 143),
(1989, 168, '400', '400', '1', '400', 143),
(1990, 197, '1300', '1300', '1', '1300', 143),
(1991, 259, '500', '475', '1', '500', 143),
(1992, 297, '520', '494', '2', '1040', 143),
(1993, 441, '420', '399', '1', '420', 143),
(1994, 447, '420', '399', '1', '420', 143),
(1995, 472, '420', '420', '1', '420', 143),
(1996, 474, '520', '520', '1', '520', 143),
(1997, 47, '530', '530', '1', '530', 144),
(1998, 61, '800', '800', '2', '1600', 144),
(1999, 96, '410', '410', '1', '410', 144),
(2000, 97, '410', '410', '1', '410', 144),
(2001, 106, '380', '380', '1', '380', 144),
(2002, 108, '350', '350', '1', '350', 144),
(2003, 134, '250', '250', '1', '250', 144),
(2004, 168, '400', '400', '1', '400', 144),
(2005, 196, '1200', '1200', '1', '1200', 144),
(2006, 203, '700', '700', '1', '700', 144),
(2007, 239, '500', '500', '1', '500', 144),
(2008, 297, '260', '260', '1', '260', 144),
(2009, 378, '200', '200', '1', '200', 144),
(2010, 453, '240', '240', '1', '240', 144),
(2011, 23, '410', '410', '1', '410', 145),
(2012, 46, '530', '530', '1', '530', 145),
(2013, 108, '350', '350', '1', '350', 145),
(2014, 165, '470', '470', '1', '470', 145),
(2015, 184, '300', '300', '1', '300', 145),
(2016, 282, '600', '600', '1', '600', 145),
(2017, 296, '260', '260', '1', '260', 145),
(2018, 297, '260', '260', '1', '260', 145),
(2019, 322, '260', '260', '1', '260', 145),
(2020, 28, '410', '410', '1', '410', 146),
(2021, 61, '400', '400', '1', '400', 146),
(2022, 120, '700', '700', '2', '1400', 146),
(2023, 165, '470', '470', '1', '470', 146),
(2024, 227, '400', '400', '2', '800', 146),
(2025, 355, '470', '470', '1', '470', 146),
(2026, 453, '240', '240', '1', '240', 146),
(2027, 473, '420', '420', '1', '420', 146),
(2028, 489, '250', '250', '1', '250', 146),
(2029, 143, '2200', '2090', '1', '2200', 147),
(2030, 218, '1120', '1064', '1', '1120', 147),
(2031, 381, '1500', '1425', '1', '1500', 147),
(2032, 429, '500', '500', '1', '500', 147),
(2033, 108, '350', '350', '1', '350', 148),
(2034, 159, '770', '770', '2', '1540', 148),
(2035, 243, '300', '300', '1', '300', 148),
(2036, 290, '260', '260', '1', '260', 148),
(2037, 296, '260', '260', '1', '260', 148),
(2038, 322, '520', '520', '2', '1040', 148),
(2039, 329, '260', '260', '1', '260', 148),
(2040, 26, '410', '410', '1', '410', 149),
(2041, 45, '540', '540', '1', '540', 149),
(2042, 50, '800', '800', '1', '800', 149),
(2043, 120, '350', '350', '1', '350', 149),
(2044, 159, '770', '770', '2', '1540', 149),
(2045, 233, '500', '500', '1', '500', 149),
(2046, 260, '840', '840', '2', '1680', 149),
(2047, 261, '420', '420', '1', '420', 149),
(2048, 262, '640', '640', '1', '640', 149),
(2049, 290, '520', '520', '2', '1040', 149),
(2050, 306, '260', '260', '1', '260', 149),
(2051, 314, '260', '260', '1', '260', 149),
(2052, 322, '260', '260', '1', '260', 149),
(2053, 329, '260', '260', '1', '260', 149),
(2054, 467, '420', '420', '1', '420', 149),
(2055, 470, '420', '420', '1', '420', 149),
(2056, 23, '410', '410', '1', '410', 150),
(2057, 26, '410', '410', '1', '410', 150),
(2058, 43, '720', '720', '1', '720', 150),
(2059, 45, '540', '540', '1', '540', 150),
(2060, 46, '530', '530', '1', '530', 150),
(2061, 96, '410', '410', '1', '410', 150),
(2062, 108, '700', '700', '2', '1400', 150),
(2063, 113, '760', '760', '2', '1520', 150),
(2064, 159, '1155', '1155', '3', '3465', 150),
(2065, 231, '570', '570', '1', '570', 150),
(2066, 239, '500', '500', '1', '500', 150),
(2067, 242, '800', '800', '1', '800', 150),
(2068, 243, '600', '600', '2', '1200', 150),
(2069, 255, '780', '780', '1', '780', 150),
(2070, 260, '1260', '1260', '3', '3780', 150),
(2071, 314, '260', '260', '1', '260', 150),
(2072, 378, '200', '200', '1', '200', 150),
(2073, 453, '240', '240', '1', '240', 150),
(2074, 465, '420', '420', '1', '420', 150),
(2075, 467, '840', '840', '2', '1680', 150),
(2076, 470, '420', '420', '1', '420', 150),
(2077, 480, '580', '580', '1', '580', 150),
(2078, 25, '410', '410', '1', '410', 151),
(2079, 27, '410', '410', '1', '410', 151),
(2080, 52, '800', '800', '1', '800', 151),
(2081, 61, '400', '400', '1', '400', 151),
(2082, 101, '900', '900', '2', '1800', 151),
(2083, 227, '200', '200', '1', '200', 151),
(2084, 263, '420', '420', '1', '420', 151),
(2085, 453, '240', '240', '1', '240', 151),
(2086, 467, '420', '420', '1', '420', 151),
(2087, 61, '1200', '1140', '3', '3600', 1362),
(2088, 227, '800', '760', '4', '3200', 1362),
(2089, 257, '780', '741', '1', '780', 1362);

-- --------------------------------------------------------

--
-- Структура таблицы `items_supply`
--

CREATE TABLE `items_supply` (
  `id` int(10) UNSIGNED NOT NULL,
  `items_id` int(11) NOT NULL,
  `items_price` varchar(255) COLLATE utf8_unicode_ci NOT NULL,
  `items_price_discount` varchar(255) COLLATE utf8_unicode_ci NOT NULL,
  `items_quantity` varchar(255) COLLATE utf8_unicode_ci NOT NULL,
  `items_sum` varchar(255) COLLATE utf8_unicode_ci NOT NULL,
  `supply_id` int(10) UNSIGNED NOT NULL
) ENGINE=InnoDB DEFAULT CHARSET=utf8 COLLATE=utf8_unicode_ci;

-- --------------------------------------------------------

--
-- Структура таблицы `migrations`
--

CREATE TABLE `migrations` (
  `migration` varchar(255) COLLATE utf8_unicode_ci NOT NULL,
  `batch` int(11) NOT NULL
) ENGINE=InnoDB DEFAULT CHARSET=utf8 COLLATE=utf8_unicode_ci;

--
-- Дамп данных таблицы `migrations`
--

INSERT INTO `migrations` (`migration`, `batch`) VALUES
('2014_10_12_000000_create_users_table', 1),
('2016_07_12_143553_create_orders_table', 1),
('2016_07_14_123636_create_items', 1),
('2016_07_19_191527_create_items_orders', 1),
('2016_07_26_140151_create_costs_table', 1),
('2016_07_26_143254_create_ccosts_table', 1),
('2016_07_26_144309_create_ccosts_costs_table', 1),
('2016_10_19_205734_create_supply_table', 1),
('2016_10_26_150715_create_items_supply', 1),
('2014_10_12_000000_create_users_table', 1),
('2016_07_12_143553_create_orders_table', 1),
('2016_07_14_123636_create_items', 1),
('2016_07_19_191527_create_items_orders', 1),
('2016_07_26_140151_create_costs_table', 1),
('2016_07_26_143254_create_ccosts_table', 1),
('2016_07_26_144309_create_ccosts_costs_table', 1),
('2016_10_19_205734_create_supply_table', 1),
('2016_10_26_150715_create_items_supply', 1);

-- --------------------------------------------------------

--
-- Структура таблицы `orders`
--

CREATE TABLE `orders` (
  `id` int(10) UNSIGNED NOT NULL,
  `sum` varchar(255) COLLATE utf8_unicode_ci NOT NULL,
  `sum_discount` varchar(255) COLLATE utf8_unicode_ci NOT NULL,
  `type` int(11) NOT NULL,
  `point` int(11) NOT NULL,
  `created_at` timestamp NULL DEFAULT NULL,
  `updated_at` timestamp NULL DEFAULT NULL
) ENGINE=InnoDB DEFAULT CHARSET=utf8 COLLATE=utf8_unicode_ci;

--
-- Дамп данных таблицы `orders`
--

INSERT INTO `orders` (`id`, `sum`, `sum_discount`, `type`, `point`, `created_at`, `updated_at`) VALUES
(1, '12595', '11967', 1, 1, '2016-08-23 19:26:43', NULL),
(2, '17190', '16234', 1, 1, '2016-09-08 19:24:24', NULL),
(3, '9040', '9011', 1, 1, '2016-09-08 19:24:24', NULL),
(4, '26570', '25832', 1, 1, '2016-09-08 19:24:24', NULL),
(5, '57055', '55165', 1, 1, '2016-09-17 18:56:00', NULL),
(6, '24115', '23429', 1, 1, '2016-09-08 19:24:24', NULL),
(7, '12246', '12160', 1, 1, '2016-08-23 19:26:43', NULL),
(8, '10980', '10222', 1, 1, '2016-08-26 19:09:52', NULL),
(9, '3815', '3591', 1, 1, '2016-09-07 19:17:10', NULL),
(10, '3090', '3090', 1, 1, '2016-05-05 19:28:09', NULL),
(11, '5080', '5080', 1, 1, '2016-05-06 19:35:17', NULL),
(12, '9370', '9370', 1, 1, '2016-05-08 19:14:18', NULL),
(13, '4630', '4630', 1, 1, '2016-05-09 19:17:22', NULL),
(14, '2570', '2570', 1, 1, '2016-05-10 19:03:50', NULL),
(15, '10200', '10200', 1, 1, '2016-05-17 10:27:17', NULL),
(16, '7801', '7801', 1, 1, '2016-05-17 10:36:52', NULL),
(17, '720', '720', 1, 1, '2016-05-17 10:38:32', NULL),
(18, '1200', '1200', 1, 1, '2016-05-17 10:40:47', NULL),
(19, '430', '430', 1, 1, '2016-05-17 19:04:47', NULL),
(20, '4600', '4600', 1, 1, '2016-05-18 18:17:06', NULL),
(21, '6340', '6340', 1, 1, '2016-05-19 18:54:58', NULL),
(22, '2340', '2340', 1, 1, '2016-05-20 19:01:18', NULL),
(23, '8780', '8780', 1, 1, '2016-05-21 18:57:28', NULL),
(24, '1890', '1890', 1, 1, '2016-05-22 19:14:18', NULL),
(25, '6895', '6690', 1, 1, '2016-09-16 19:04:09', NULL),
(26, '3160', '3160', 1, 1, '2016-05-24 18:56:02', NULL),
(27, '1010', '1010', 1, 1, '2016-05-26 13:56:29', NULL),
(28, '3650', '3650', 1, 1, '2016-05-26 14:08:01', NULL),
(29, '5760', '5760', 1, 1, '2016-05-26 18:55:06', NULL),
(30, '2895', '2895', 1, 1, '2016-05-27 19:02:27', NULL),
(31, '8110', '8110', 1, 1, '2016-05-28 18:52:39', NULL),
(32, '10114', '10114', 1, 1, '2016-05-29 19:12:52', NULL),
(33, '10950', '10950', 1, 1, '2016-05-30 19:03:09', NULL),
(34, '2400', '2400', 1, 1, '2016-05-31 19:03:57', NULL),
(35, '8430', '8430', 1, 1, '2016-06-01 19:04:04', NULL),
(36, '2430', '2430', 1, 1, '2016-06-02 18:56:03', NULL),
(37, '8890', '8890', 1, 1, '2016-06-03 19:18:02', NULL),
(38, '4940', '4940', 1, 1, '2016-06-04 19:07:35', NULL),
(39, '5820', '5820', 1, 1, '2016-06-05 18:23:08', NULL),
(40, '240', '240', 1, 1, '2016-06-06 20:29:55', NULL),
(41, '6200', '6200', 1, 1, '2016-06-07 09:01:06', NULL),
(42, '15556', '15556', 1, 1, '2016-06-07 19:08:18', NULL),
(43, '10033', '10033', 1, 1, '2016-06-08 20:07:19', NULL),
(44, '20726', '20726', 1, 1, '2016-06-09 19:46:45', NULL),
(45, '4535', '4535', 1, 1, '2016-06-10 19:21:20', NULL),
(46, '8215', '8215', 1, 1, '2016-06-11 19:01:56', NULL),
(47, '23651', '23651', 1, 1, '2016-06-12 19:42:01', NULL),
(48, '4200', '4200', 1, 1, '2016-06-13 19:17:50', NULL),
(49, '9195', '9195', 1, 1, '2016-06-14 19:31:32', NULL),
(50, '22790', '22790', 1, 1, '2016-06-15 19:49:05', NULL),
(51, '7385', '7385', 1, 1, '2016-06-16 20:00:51', NULL),
(52, '26250', '26250', 1, 1, '2016-06-17 19:28:04', NULL),
(53, '11325', '11325', 1, 1, '2016-06-18 19:35:49', NULL),
(54, '9826', '9826', 1, 1, '2016-06-19 19:44:37', NULL),
(55, '2420', '2420', 1, 1, '2016-06-20 19:54:19', NULL),
(56, '3610', '3610', 1, 1, '2016-06-21 19:35:17', NULL),
(57, '3770', '3770', 1, 1, '2016-06-22 19:45:29', NULL),
(58, '9626', '9626', 1, 1, '2016-06-23 19:35:33', NULL),
(59, '44106', '44106', 1, 1, '2016-06-24 21:02:50', NULL),
(60, '6655', '6655', 1, 1, '2016-06-25 20:15:30', NULL),
(61, '8845', '8845', 1, 1, '2016-06-26 20:23:08', NULL),
(62, '32321', '32321', 1, 1, '2016-06-27 19:52:06', NULL),
(63, '8310', '8310', 1, 1, '2016-06-28 19:34:24', NULL),
(64, '9045', '9045', 1, 1, '2016-06-29 19:57:43', NULL),
(65, '3985', '3985', 1, 1, '2016-06-30 20:21:38', NULL),
(66, '13806', '13806', 1, 1, '2016-07-01 19:37:56', NULL),
(67, '14051', '14051', 1, 1, '2016-07-02 19:50:55', NULL),
(68, '7645', '7645', 1, 1, '2016-07-03 20:05:21', NULL),
(69, '6216', '6216', 1, 1, '2016-07-04 19:50:51', NULL),
(70, '10890', '10890', 1, 1, '2016-07-05 20:14:15', NULL),
(71, '4026', '4026', 1, 1, '2016-07-06 20:14:22', NULL),
(72, '280', '280', 1, 1, '2016-07-07 19:54:45', NULL),
(73, '950', '950', 1, 1, '2016-07-08 10:54:43', NULL),
(74, '12080', '12080', 1, 1, '2016-07-08 20:00:53', NULL),
(75, '9365', '9000', 1, 1, '2016-09-16 19:04:09', NULL),
(76, '30210', '28936', 1, 1, '2016-07-09 19:58:00', NULL),
(77, '29260', '28280', 1, 1, '2016-07-10 20:00:57', NULL),
(78, '11865', '11865', 1, 1, '2016-07-11 19:54:21', NULL),
(79, '9085', '9085', 1, 1, '2016-07-12 19:55:11', NULL),
(80, '3675', '3675', 1, 1, '2016-07-13 19:59:55', NULL),
(81, '5360', '5360', 1, 1, '2016-07-14 19:57:19', NULL),
(82, '9530', '9530', 1, 1, '2016-07-15 19:54:52', NULL),
(83, '14335', '14335', 1, 1, '2016-07-16 19:54:20', NULL),
(84, '3405', '3405', 1, 1, '2016-07-17 19:54:11', NULL),
(85, '8885', '8885', 1, 1, '2016-07-18 19:54:19', NULL),
(86, '11615', '11615', 1, 1, '2016-07-19 19:51:06', NULL),
(87, '11607', '11607', 1, 1, '2016-07-20 19:55:47', NULL),
(88, '11690', '11690', 1, 1, '2016-07-21 19:57:17', NULL),
(89, '25125', '25125', 1, 1, '2016-07-22 19:55:03', NULL),
(90, '13654', '13654', 1, 1, '2016-07-23 19:28:29', NULL),
(91, '4910', '4910', 1, 1, '2016-07-24 18:56:01', NULL),
(92, '5370', '5370', 1, 1, '2016-07-25 19:55:40', NULL),
(93, '14365', '14365', 1, 1, '2016-07-26 19:55:10', NULL),
(94, '11532', '11532', 1, 1, '2016-07-27 19:38:42', NULL),
(95, '8760', '8671', 1, 1, '2016-07-28 19:39:39', NULL),
(96, '13122', '13122', 1, 1, '2016-07-29 19:54:07', NULL),
(97, '3540', '3540', 1, 1, '2016-07-30 19:45:50', NULL),
(98, '5865', '5715', 1, 1, '2016-07-31 19:51:05', NULL),
(99, '6460', '6460', 1, 1, '2016-08-01 19:46:11', NULL),
(100, '6840', '6840', 1, 1, '2016-08-02 19:53:37', NULL),
(101, '2265', '2265', 1, 1, '2016-08-03 19:54:45', NULL),
(102, '7245', '7245', 1, 1, '2016-08-04 19:42:17', NULL),
(103, '7150', '7150', 1, 1, '2016-08-05 19:56:26', NULL),
(104, '9975', '9975', 1, 1, '2016-08-06 19:48:51', NULL),
(105, '8200', '8200', 1, 1, '2016-08-07 19:48:21', NULL),
(106, '3960', '3960', 1, 1, '2016-08-08 19:35:51', NULL),
(107, '1000', '1000', 1, 1, '2016-08-09 19:32:03', NULL),
(108, '1385', '1385', 1, 1, '2016-08-10 19:46:27', NULL),
(109, '385', '385', 1, 1, '2016-08-11 19:51:21', NULL),
(110, '1880', '1786', 1, 1, '2016-08-13 16:50:34', NULL),
(111, '13111', '13111', 1, 1, '2016-08-19 17:27:19', NULL),
(112, '20130', '19993', 1, 1, '2016-08-19 18:19:00', NULL),
(113, '20400', '19080', 1, 1, '2016-08-19 20:18:22', NULL),
(114, '5220', '5220', 1, 1, '2016-08-22 18:12:29', NULL),
(115, '9320', '9066', 1, 1, '2016-08-22 18:20:02', NULL),
(116, '12930', '12609', 1, 1, '2016-08-22 20:02:35', NULL),
(117, '5900', '5598', 1, 1, '2016-08-23 19:26:43', NULL),
(118, '18081', '18081', 1, 1, '2016-08-24 20:03:18', NULL),
(119, '3500', '3500', 1, 1, '2016-08-25 19:57:16', NULL),
(120, '12896', '12343', 1, 1, '2016-08-26 19:09:52', NULL),
(121, '13415', '13247', 1, 1, '2016-08-27 19:57:07', NULL),
(122, '26946', '26946', 1, 1, '2016-08-28 19:04:47', NULL),
(123, '5265', '5265', 1, 1, '2016-08-29 18:19:45', NULL),
(124, '26790', '26532', 1, 1, '2016-08-30 19:47:20', NULL),
(125, '42440', '41980', 1, 1, '2016-08-31 19:34:28', NULL),
(126, '15081', '15081', 1, 1, '2016-09-01 19:51:21', NULL),
(127, '25745', '25745', 1, 1, '2016-09-02 20:08:17', NULL),
(128, '9685', '9685', 1, 1, '2016-09-03 19:03:39', NULL),
(129, '5236', '5236', 1, 1, '2016-09-04 19:13:55', NULL),
(130, '4221', '4221', 1, 1, '2016-09-05 19:22:25', NULL),
(131, '7460', '7460', 1, 1, '2016-09-06 19:23:38', NULL),
(132, '1205', '1205', 1, 1, '2016-09-07 10:46:40', NULL),
(133, '24675', '23437', 1, 1, '2016-09-07 19:17:10', NULL),
(134, '9146', '8814', 1, 1, '2016-09-08 19:24:24', NULL),
(135, '6040', '6040', 1, 1, '2016-09-09 19:34:38', NULL),
(136, '18246', '17919', 1, 1, '2016-09-10 19:44:30', NULL),
(137, '20725', '20173', 1, 1, '2016-09-11 18:57:32', NULL),
(138, '10975', '10831', 1, 1, '2016-09-12 19:19:05', NULL),
(139, '610', '610', 1, 1, '2016-09-13 15:08:27', NULL),
(140, '41520', '41520', 1, 1, '2016-09-14 19:34:15', NULL),
(141, '7575', '7575', 1, 1, '2016-09-15 19:05:50', NULL),
(142, '20905', '20790', 1, 1, '2016-09-16 19:04:09', NULL),
(143, '10410', '10129', 1, 1, '2016-09-17 18:56:00', NULL),
(144, '7430', '7430', 1, 1, '2016-09-18 19:00:03', NULL),
(145, '3440', '3440', 1, 1, '2016-09-19 18:57:18', NULL),
(146, '4860', '4860', 1, 1, '2016-09-20 18:41:37', NULL),
(147, '5320', '5079', 1, 1, '2016-09-21 17:14:55', NULL),
(148, '4010', '4010', 1, 1, '2016-09-22 17:28:07', NULL),
(149, '9800', '9800', 1, 1, '2016-09-23 18:47:35', NULL),
(150, '20835', '20835', 1, 1, '2016-09-24 18:40:05', NULL),
(151, '5100', '5100', 1, 1, '2016-09-25 18:47:01', NULL),
(1362, '7580', '7201', 1, 1, NULL, NULL);

-- --------------------------------------------------------

--
-- Структура таблицы `supply`
--

CREATE TABLE `supply` (
  `id` int(10) UNSIGNED NOT NULL,
  `sum` varchar(255) COLLATE utf8_unicode_ci NOT NULL,
  `sum_discount` varchar(255) COLLATE utf8_unicode_ci NOT NULL,
  `type` int(11) NOT NULL,
  `point` int(11) NOT NULL,
  `created_at` timestamp NULL DEFAULT NULL,
  `updated_at` timestamp NULL DEFAULT NULL
) ENGINE=InnoDB DEFAULT CHARSET=utf8 COLLATE=utf8_unicode_ci;

-- --------------------------------------------------------

--
-- Структура таблицы `users`
--

CREATE TABLE `users` (
  `id` int(10) UNSIGNED NOT NULL,
  `username` varchar(255) COLLATE utf8_unicode_ci NOT NULL,
  `password` varchar(255) COLLATE utf8_unicode_ci NOT NULL,
  `status` int(11) NOT NULL,
  `point` int(11) NOT NULL,
  `remember_token` varchar(100) COLLATE utf8_unicode_ci DEFAULT NULL,
  `created_at` timestamp NULL DEFAULT NULL,
  `updated_at` timestamp NULL DEFAULT NULL
) ENGINE=InnoDB DEFAULT CHARSET=utf8 COLLATE=utf8_unicode_ci;

--
-- Дамп данных таблицы `users`
--

INSERT INTO `users` (`id`, `username`, `password`, `status`, `point`, `remember_token`, `created_at`, `updated_at`) VALUES
(1, 'manage', '$2y$10$EUM37d31oTuSIsyGXLXs0eDGYEkMT73lPwzzoEcUdCb6O/PVJHHP6', 0, 0, 'I8dAG4uXHqGGM3bxm1Zp5FUtl21K3ZguR0R1MeMXqLFNY9sowhouS9uDUT7m', NULL, '2016-11-01 16:46:46'),
(2, 'admin1', '$2y$10$EUM37d31oTuSIsyGXLXs0eDGYEkMT73lPwzzoEcUdCb6O/PVJHHP6', 1, 1, '5Fjxqi3kZ3OCOMgjYUdvXGUT2Vc4QgF92ue70olZkcJ9iqvPiewGAtpiVTli', NULL, '2016-11-01 16:48:06'),
(3, 'cashier1', '$2y$10$EUM37d31oTuSIsyGXLXs0eDGYEkMT73lPwzzoEcUdCb6O/PVJHHP6', 2, 1, 'sdh3Z0jI93Ppm68nOg1GlpMywSmX9KyWvEYgkR7aIcoCV4jN08E4tFYESEpg', NULL, '2016-11-01 16:44:01');

--
-- Индексы сохранённых таблиц
--

--
-- Индексы таблицы `ccosts`
--
ALTER TABLE `ccosts`
  ADD PRIMARY KEY (`id`);

--
-- Индексы таблицы `ccosts_costs`
--
ALTER TABLE `ccosts_costs`
  ADD PRIMARY KEY (`id`),
  ADD KEY `ccosts_costs_costs_id_index` (`costs_id`);

--
-- Индексы таблицы `costs`
--
ALTER TABLE `costs`
  ADD PRIMARY KEY (`id`);

--
-- Индексы таблицы `items`
--
ALTER TABLE `items`
  ADD PRIMARY KEY (`id`);

--
-- Индексы таблицы `items_orders`
--
ALTER TABLE `items_orders`
  ADD PRIMARY KEY (`id`),
  ADD KEY `items_orders_orders_id_index` (`orders_id`);

--
-- Индексы таблицы `items_supply`
--
ALTER TABLE `items_supply`
  ADD PRIMARY KEY (`id`),
  ADD KEY `items_supply_supply_id_index` (`supply_id`);

--
-- Индексы таблицы `orders`
--
ALTER TABLE `orders`
  ADD PRIMARY KEY (`id`);

--
-- Индексы таблицы `supply`
--
ALTER TABLE `supply`
  ADD PRIMARY KEY (`id`);

--
-- Индексы таблицы `users`
--
ALTER TABLE `users`
  ADD PRIMARY KEY (`id`);

--
-- AUTO_INCREMENT для сохранённых таблиц
--

--
-- AUTO_INCREMENT для таблицы `ccosts`
--
ALTER TABLE `ccosts`
  MODIFY `id` int(10) UNSIGNED NOT NULL AUTO_INCREMENT, AUTO_INCREMENT=9;
--
-- AUTO_INCREMENT для таблицы `ccosts_costs`
--
ALTER TABLE `ccosts_costs`
  MODIFY `id` int(10) UNSIGNED NOT NULL AUTO_INCREMENT, AUTO_INCREMENT=115;
--
-- AUTO_INCREMENT для таблицы `costs`
--
ALTER TABLE `costs`
  MODIFY `id` int(10) UNSIGNED NOT NULL AUTO_INCREMENT, AUTO_INCREMENT=109;
--
-- AUTO_INCREMENT для таблицы `items`
--
ALTER TABLE `items`
  MODIFY `id` int(10) UNSIGNED NOT NULL AUTO_INCREMENT, AUTO_INCREMENT=490;
--
-- AUTO_INCREMENT для таблицы `items_orders`
--
ALTER TABLE `items_orders`
  MODIFY `id` int(10) UNSIGNED NOT NULL AUTO_INCREMENT, AUTO_INCREMENT=2090;
--
-- AUTO_INCREMENT для таблицы `items_supply`
--
ALTER TABLE `items_supply`
  MODIFY `id` int(10) UNSIGNED NOT NULL AUTO_INCREMENT;
--
-- AUTO_INCREMENT для таблицы `orders`
--
ALTER TABLE `orders`
  MODIFY `id` int(10) UNSIGNED NOT NULL AUTO_INCREMENT, AUTO_INCREMENT=1363;
--
-- AUTO_INCREMENT для таблицы `supply`
--
ALTER TABLE `supply`
  MODIFY `id` int(10) UNSIGNED NOT NULL AUTO_INCREMENT;
--
-- AUTO_INCREMENT для таблицы `users`
--
ALTER TABLE `users`
  MODIFY `id` int(10) UNSIGNED NOT NULL AUTO_INCREMENT, AUTO_INCREMENT=4;
/*!40101 SET CHARACTER_SET_CLIENT=@OLD_CHARACTER_SET_CLIENT */;
/*!40101 SET CHARACTER_SET_RESULTS=@OLD_CHARACTER_SET_RESULTS */;
/*!40101 SET COLLATION_CONNECTION=@OLD_COLLATION_CONNECTION */;
