# ************************************************************
# Sequel Pro SQL dump
# Версия 4541
#
# http://www.sequelpro.com/
# https://github.com/sequelpro/sequelpro
#
# Адрес: localhost (MySQL 5.6.26)
# Схема: mz
# Время создания: 2016-10-19 21:02:00 +0000
# ************************************************************


/*!40101 SET @OLD_CHARACTER_SET_CLIENT=@@CHARACTER_SET_CLIENT */;
/*!40101 SET @OLD_CHARACTER_SET_RESULTS=@@CHARACTER_SET_RESULTS */;
/*!40101 SET @OLD_COLLATION_CONNECTION=@@COLLATION_CONNECTION */;
/*!40101 SET NAMES utf8 */;
/*!40014 SET @OLD_FOREIGN_KEY_CHECKS=@@FOREIGN_KEY_CHECKS, FOREIGN_KEY_CHECKS=0 */;
/*!40101 SET @OLD_SQL_MODE=@@SQL_MODE, SQL_MODE='NO_AUTO_VALUE_ON_ZERO' */;
/*!40111 SET @OLD_SQL_NOTES=@@SQL_NOTES, SQL_NOTES=0 */;


# Дамп таблицы ccosts
# ------------------------------------------------------------

LOCK TABLES `ccosts` WRITE;
/*!40000 ALTER TABLE `ccosts` DISABLE KEYS */;

INSERT INTO `ccosts` (`id`, `name`)
VALUES
	(1,'Аренда'),
	(2,'З/П'),
	(3,'Налоги+ПФР+Соцстрах и тп'),
	(4,'Реклама'),
	(5,'Оборудование'),
	(6,'Закупка(товара)'),
	(7,'АХО(Тряпки, канцелярия, связь, интернет и т.п.)'),
	(8,'Выручка(продажа товара)');

/*!40000 ALTER TABLE `ccosts` ENABLE KEYS */;
UNLOCK TABLES;


# Дамп таблицы ccosts_costs
# ------------------------------------------------------------

LOCK TABLES `ccosts_costs` WRITE;
/*!40000 ALTER TABLE `ccosts_costs` DISABLE KEYS */;

INSERT INTO `ccosts_costs` (`id`, `ccosts_id`, `costs_id`, `point`, `created_at`, `updated_at`)
VALUES
	(1,5,1,1,NULL,NULL),
	(2,3,2,1,NULL,NULL),
	(3,3,3,1,NULL,NULL),
	(4,3,4,1,NULL,NULL),
	(5,3,5,1,NULL,NULL),
	(6,5,6,1,NULL,NULL),
	(7,5,7,1,NULL,NULL),
	(8,7,8,1,NULL,NULL),
	(9,5,9,1,NULL,NULL),
	(10,7,10,1,NULL,NULL),
	(11,5,11,1,NULL,NULL),
	(12,5,12,1,NULL,NULL),
	(13,5,13,1,NULL,NULL),
	(14,7,14,1,NULL,NULL),
	(15,5,15,1,NULL,NULL),
	(16,7,16,1,NULL,NULL),
	(17,7,17,1,NULL,NULL),
	(18,7,18,1,NULL,NULL),
	(19,7,19,1,NULL,NULL),
	(20,7,20,1,NULL,NULL),
	(21,1,21,1,NULL,NULL),
	(22,5,22,1,NULL,NULL),
	(23,7,23,1,NULL,NULL),
	(24,5,24,1,NULL,NULL),
	(25,5,25,1,NULL,NULL),
	(26,5,26,1,NULL,NULL),
	(27,5,27,1,NULL,NULL),
	(28,1,28,1,NULL,NULL),
	(29,5,29,1,NULL,NULL),
	(30,5,30,1,NULL,NULL),
	(31,7,31,1,NULL,NULL),
	(32,7,32,1,NULL,NULL),
	(33,5,33,1,NULL,NULL),
	(34,7,34,1,NULL,NULL),
	(35,7,35,1,NULL,NULL),
	(36,4,36,1,NULL,NULL),
	(37,3,37,1,NULL,NULL),
	(38,2,38,1,NULL,NULL),
	(39,3,39,1,NULL,NULL),
	(40,1,40,1,NULL,NULL),
	(41,7,41,1,NULL,NULL),
	(42,2,42,1,NULL,NULL),
	(43,4,43,1,NULL,NULL),
	(44,4,44,1,NULL,NULL),
	(45,5,45,1,NULL,NULL),
	(46,7,46,1,NULL,NULL),
	(47,7,47,1,NULL,NULL),
	(48,7,48,1,NULL,NULL),
	(49,7,49,1,NULL,NULL),
	(50,7,50,1,NULL,NULL),
	(51,5,51,1,NULL,NULL),
	(52,7,52,1,NULL,NULL),
	(53,7,53,1,NULL,NULL),
	(54,2,54,1,NULL,NULL),
	(55,2,55,1,NULL,NULL),
	(56,7,56,1,NULL,NULL),
	(57,7,57,1,NULL,NULL),
	(58,4,58,1,NULL,NULL),
	(59,2,59,1,NULL,NULL),
	(60,7,60,1,NULL,NULL),
	(61,5,61,1,NULL,NULL),
	(62,7,62,1,NULL,NULL),
	(63,7,63,1,NULL,NULL),
	(64,4,64,1,NULL,NULL),
	(65,1,65,1,NULL,NULL),
	(66,1,66,1,NULL,NULL),
	(67,1,67,1,NULL,NULL),
	(68,1,68,1,NULL,NULL),
	(69,1,69,1,NULL,NULL),
	(70,7,70,1,NULL,NULL),
	(71,5,71,1,NULL,NULL),
	(72,7,72,1,NULL,NULL),
	(73,2,73,1,NULL,NULL),
	(74,7,74,1,NULL,NULL),
	(75,7,75,1,NULL,NULL),
	(76,4,76,1,NULL,NULL),
	(77,7,77,1,NULL,NULL),
	(78,2,78,1,NULL,NULL),
	(79,5,79,1,NULL,NULL),
	(80,1,80,1,NULL,NULL),
	(81,2,81,1,NULL,NULL),
	(82,7,82,1,NULL,NULL),
	(83,7,83,1,NULL,NULL),
	(84,7,84,1,NULL,NULL),
	(85,7,85,1,NULL,NULL),
	(86,3,86,1,NULL,NULL),
	(87,7,87,1,NULL,NULL),
	(88,7,88,1,NULL,NULL),
	(89,7,89,1,NULL,NULL),
	(90,1,90,1,NULL,NULL),
	(91,1,91,1,NULL,NULL),
	(92,2,92,1,NULL,NULL),
	(93,2,93,1,NULL,NULL),
	(94,7,94,1,NULL,NULL),
	(95,5,95,1,NULL,NULL),
	(96,7,96,1,NULL,NULL),
	(97,7,97,1,NULL,NULL),
	(98,1,98,1,NULL,NULL),
	(99,2,99,1,NULL,NULL),
	(100,2,100,1,NULL,NULL),
	(101,2,101,1,NULL,NULL),
	(102,2,102,1,NULL,NULL),
	(103,2,103,1,NULL,NULL),
	(104,2,104,1,NULL,NULL);

/*!40000 ALTER TABLE `ccosts_costs` ENABLE KEYS */;
UNLOCK TABLES;


# Дамп таблицы costs
# ------------------------------------------------------------

LOCK TABLES `costs` WRITE;
/*!40000 ALTER TABLE `costs` DISABLE KEYS */;

INSERT INTO `costs` (`id`, `sum`, `date`)
VALUES
	(1,'5000','2016-03-14 00:00:00'),
	(2,'1100','2016-03-16 00:00:00'),
	(3,'800','2016-03-16 00:00:00'),
	(4,'1100','2016-03-18 00:00:00'),
	(5,'2000','2016-03-18 00:00:00'),
	(6,'100000','2016-03-21 00:00:00'),
	(7,'40000','2016-03-24 00:00:00'),
	(8,'1000','2016-03-29 00:00:00'),
	(9,'1200','2016-03-30 00:00:00'),
	(10,'900','2016-03-30 00:00:00'),
	(11,'21000','2016-03-30 00:00:00'),
	(12,'4000','2016-03-30 00:00:00'),
	(13,'40000','2016-03-31 00:00:00'),
	(14,'5400','2016-04-04 00:00:00'),
	(15,'20000','2016-04-04 00:00:00'),
	(16,'3050','2016-04-04 00:00:00'),
	(17,'2800','2016-04-04 00:00:00'),
	(18,'1007,8','2016-04-04 00:00:00'),
	(19,'877,1','2016-04-06 00:00:00'),
	(20,'1000','2016-04-11 00:00:00'),
	(21,'96000','2016-04-11 00:00:00'),
	(22,'10000','2016-04-12 00:00:00'),
	(23,'935','2016-04-12 00:00:00'),
	(24,'15000','2016-04-15 00:00:00'),
	(25,'2810','2016-04-15 00:00:00'),
	(26,'3500','2016-04-15 00:00:00'),
	(27,'33050','2016-04-19 00:00:00'),
	(28,'150000','2016-04-21 00:00:00'),
	(29,'1000','2016-04-22 00:00:00'),
	(30,'2500','2016-04-25 00:00:00'),
	(31,'1000','2016-04-25 00:00:00'),
	(32,'1500','2016-04-25 00:00:00'),
	(33,'1500','2016-04-25 00:00:00'),
	(34,'1008','2016-04-25 00:00:00'),
	(35,'200','2016-04-26 00:00:00'),
	(36,'400','2016-04-26 00:00:00'),
	(37,'500','2016-04-26 00:00:00'),
	(38,'5000','2016-04-26 00:00:00'),
	(39,'1900','2016-04-27 00:00:00'),
	(40,'150000','2016-05-24 00:00:00'),
	(41,'495','2016-05-27 00:00:00'),
	(42,'63200','2016-04-30 00:00:00'),
	(43,'35000','2016-06-02 00:00:00'),
	(44,'1200','2016-06-02 00:00:00'),
	(45,'1407','2016-06-07 00:00:00'),
	(46,'1008','2016-06-07 00:00:00'),
	(47,'800','2016-06-07 00:00:00'),
	(48,'1000','2016-06-07 00:00:00'),
	(49,'1135','2016-06-14 00:00:00'),
	(50,'500','2016-06-16 00:00:00'),
	(51,'5000','2016-06-16 00:00:00'),
	(52,'500','2016-06-16 00:00:00'),
	(53,'895','2016-06-21 00:00:00'),
	(54,'1200','2016-06-21 00:00:00'),
	(55,'1610','2016-06-25 00:00:00'),
	(56,'575','2016-06-29 00:00:00'),
	(57,'1008','2016-06-29 00:00:00'),
	(58,'1100','2016-06-30 00:00:00'),
	(59,'58295','2016-06-30 00:00:00'),
	(60,'475','2016-07-01 00:00:00'),
	(61,'2000','2016-07-05 00:00:00'),
	(62,'1000','2016-07-05 00:00:00'),
	(63,'475','2016-07-05 00:00:00'),
	(64,'7100','2016-07-06 00:00:00'),
	(65,'9804','2016-07-11 00:00:00'),
	(66,'426','2016-07-11 00:00:00'),
	(67,'4080','2016-07-11 00:00:00'),
	(68,'130000','2016-07-11 00:00:00'),
	(69,'50000','2016-07-29 00:00:00'),
	(70,'12000','2016-07-29 00:00:00'),
	(71,'5000','2016-07-29 00:00:00'),
	(72,'3000','2016-07-29 00:00:00'),
	(73,'59600','2016-07-30 00:00:00'),
	(74,'570','2016-08-05 00:00:00'),
	(75,'21000','2016-08-05 00:00:00'),
	(76,'4000','2016-08-05 00:00:00'),
	(77,'630','2016-08-05 00:00:00'),
	(78,'3000','2016-08-08 00:00:00'),
	(79,'2400','2016-08-08 00:00:00'),
	(80,'416000','2016-08-08 00:00:00'),
	(81,'10000','2016-08-10 00:00:00'),
	(82,'1300','2016-08-10 00:00:00'),
	(83,'1000','2016-08-10 00:00:00'),
	(84,'1008','2016-08-10 00:00:00'),
	(85,'826','2016-08-16 00:00:00'),
	(86,'1500','2016-08-16 00:00:00'),
	(87,'10500','2016-08-19 00:00:00'),
	(88,'400','2016-08-23 00:00:00'),
	(89,'800','2016-08-23 00:00:00'),
	(90,'50000','2016-08-31 00:00:00'),
	(91,'208000','2016-08-31 00:00:00'),
	(92,'79138','2016-08-31 00:00:00'),
	(93,'5000','2016-09-01 00:00:00'),
	(94,'575','2016-09-13 00:00:00'),
	(95,'1000','2016-09-13 00:00:00'),
	(96,'410','2016-09-13 00:00:00'),
	(97,'350','2016-09-13 00:00:00'),
	(98,'3300','2016-09-22 00:00:00');

/*!40000 ALTER TABLE `costs` ENABLE KEYS */;
UNLOCK TABLES;


# Дамп таблицы items
# ------------------------------------------------------------

LOCK TABLES `items` WRITE;
/*!40000 ALTER TABLE `items` DISABLE KEYS */;

INSERT INTO `items` (`id`, `barcode`, `name`, `price`, `quantity`, `status`, `point`, `created_at`, `updated_at`)
VALUES
	(1,'00000000459','маска сульфидно-иловая 220 гр','350','0',1,1,NULL,NULL),
	(2,'00000000479','Крислалл-ДеоНат','400','0',1,1,NULL,NULL),
	(3,'00000000473','Кристалл-ДеоНат','350','0',1,1,NULL,NULL),
	(4,'00000000477','Кристалл-ДеоНат','400','0',1,1,NULL,NULL),
	(5,'00000000478','Кристалл-ДеоНат','400','0',1,1,NULL,NULL),
	(6,'00000000476','Кристалл-ДеоНат','400','0',1,1,NULL,NULL),
	(7,'00000000475','Кристалл-ДеоНат','400','0',1,1,NULL,NULL),
	(8,'00000000474','Кристалл-ДеоНат','350','0',1,1,NULL,NULL),
	(9,'00000000061','Алоэ, натуральное мыло 100 гр.(+/-10 гр.)','150','0',1,1,NULL,NULL),
	(10,'00000000063','Алтай, натуральное мыло 100 гр.(+/-10 гр.)','150','0',1,1,NULL,NULL),
	(11,'00000000420','Апельсин сладкий экстра эфирное масло 10 мл','250','6',1,1,NULL,NULL),
	(12,'00000000445','Аргано масло Органик 100 мл','1460','4',1,1,NULL,NULL),
	(13,'00000000444','Аргано масло Органик 50 мл','800','4',1,1,NULL,NULL),
	(14,'00000000084','Арктическая ягода, крем-масло для тела 150 мл.','620','4',1,1,NULL,NULL),
	(15,'00000000379','Арома спрей \"Лаванда\"','2250','2',1,1,NULL,NULL),
	(16,'00000000467','Аромакулон','150','1',1,1,NULL,NULL),
	(17,'00000000062','Африка, натуральное мыло 100 гр.(+/-10 гр.)','150','0',1,1,NULL,NULL),
	(18,'00000000018','Бабочка Друза агат','1400','3',1,1,NULL,NULL),
	(19,'00000000236','Бальзам \"Береза+\" (от гнойничков, лишая и бородавок)','1450','1',1,1,NULL,NULL),
	(20,'00000000235','Бальзам \"Мирра+\" (от диатеза и аллергической сыпи)','1700','1',1,1,NULL,NULL),
	(21,'00000000238','Бальзам \"Пихта+\" (для растирания от простуды и кашля)','1700','1',1,1,NULL,NULL),
	(22,'00000000365','Бальзам для волос \"Альпийские травы\"','440','2',1,1,NULL,NULL),
	(23,'00000000362','Бальзам для волос \"Крапива\"','440','6',1,1,NULL,NULL),
	(24,'00000000368','Бальзам для волос \"Мадагаскарская ваниль\"','800','2',1,1,NULL,NULL),
	(25,'00000000364','Бальзам для волос \"Маточное молочко\"','440','14',1,1,NULL,NULL),
	(26,'00000000367','Бальзам для волос \"Мацеста\"','440','10',1,1,NULL,NULL),
	(27,'00000000437','Бальзам для волос \"Медовый с прополисом\"','440','2',1,1,NULL,NULL),
	(28,'00000000366','Бальзам для волос \"Медовый\"','440','11',1,1,NULL,NULL),
	(29,'00000000363','Бальзам для волос \"Ромашка\"','440','13',1,1,NULL,NULL),
	(30,'00000000414','Бальзам для губ \"Заботливый\"','160','4',1,1,NULL,NULL),
	(31,'00000000415','Бальзам для губ \"Лавандовый\"','160','4',1,1,NULL,NULL),
	(32,'00000000145','Бальзам для губ \"Лайм и мята\" 15 мл','420','1',1,1,NULL,NULL),
	(33,'00000000418','Бальзам для губ \"Маной и алоэ\"','180','4',1,1,NULL,NULL),
	(34,'00000000407','Бальзам для губ \"Медовый\"','160','10',1,1,NULL,NULL),
	(35,'00000000416','Бальзам для губ \"Облепиховый\"','160','4',1,1,NULL,NULL),
	(36,'00000000406','Бальзам для губ \"Прополисный\"','160','11',1,1,NULL,NULL),
	(37,'00000000205','Бальзам для губ \"Чаровница\" ()','350','2',1,1,NULL,NULL),
	(38,'00000000206','Бальзам для губ \"Чаровница\" (Медовый)','350','4',1,1,NULL,NULL),
	(39,'00000000539','Бальзам для губ \"Чаровница\"мини мед','200','0',1,1,NULL,NULL),
	(40,'00000000144','Бальзам для губ \"Шик\" 15 мл','420','1',1,1,NULL,NULL),
	(41,'00000000408','Бальзам для губ \"Шоколадный\"','190','5',1,1,NULL,NULL),
	(42,'00000000380','Бальзам для губ (карандаш)','150','0',1,1,NULL,NULL),
	(43,'00000000523','Бальзам-конд. \"Жар-Птица\"','720','10',1,1,NULL,NULL),
	(44,'00000000054','Бальзам-кондиционер с маслом брокколи','560','14',1,1,NULL,NULL),
	(45,'00000000398','Бельди \"Мацеста\" 150 мл','540','0',1,1,NULL,NULL),
	(46,'00000000399','Бельди \"Шоколадное\" 150 мл','530','0',1,1,NULL,NULL),
	(47,'00000000400','Бельди \"Эвкалипт\" 150 мл','530','0',1,1,NULL,NULL),
	(48,'00000000064','Березовая роща, натуральное мыло 100 гр.(+/-10 гр.)','150','0',1,1,NULL,NULL),
	(49,'00000000480','Биомаска №1 лифтинг, 50 г','650','0',1,1,NULL,NULL),
	(50,'00000000481','Биомаска №2 вокруг глаз, 50 г','650','0',1,1,NULL,NULL),
	(51,'00000000482','Биомаска №3 Витиминная, 50 г','650','0',1,1,NULL,NULL),
	(52,'00000000483','Биомаска №4 для проблемной кожи','650','1',1,1,NULL,NULL),
	(53,'00000000486','Биомаска №8 осветляющая, 50 г','650','0',1,1,NULL,NULL),
	(54,'00000000485','Биомаска №9 АНТИКУПИРОЗ','650','1',1,1,NULL,NULL),
	(55,'00000000484','Биомаска№6 сужение пор, 50 г','650','0',1,1,NULL,NULL),
	(56,'00000000171','Биочистка БиоБьюти  нежная, 70гр.','600','6',1,1,NULL,NULL),
	(57,'00000000172','Биочистка БиоБьюти к, 200гр.','1200','2',1,1,NULL,NULL),
	(58,'00000000382','Биочистка БиоБьюти классическая 70 гр.','600','2',1,1,NULL,NULL),
	(59,'00000000170','Биочистка БиоБьюти нежная , 200гр.','1200','3',1,1,NULL,NULL),
	(60,'00000000146','Блеск-бальзам для губ \"Мед и малина\" 15 мл','420','0',1,1,NULL,NULL),
	(61,'00000000512','Браслет','400','25',1,1,NULL,NULL),
	(62,'00000000020','Браслет агат, опал, коралл, хрусталь, керам, шелк кисть','1400','0',1,1,NULL,NULL),
	(63,'00000000021','Браслет керам в глазури и жемчуг Майорика (розовый)','990','1',1,1,NULL,NULL),
	(64,'00000000022','Браслет керам в глазури и жемчуг Майорика (серо-голубой)','990','2',1,1,NULL,NULL),
	(65,'00000000023','Браслет керам в глазури, опал, лун кам, говлит, аквамарин,сереб кисть','1400','0',1,1,NULL,NULL),
	(66,'00000000019','Браслет керам, халцедон, горн.  хрусталь, шелк кисть','1400','2',1,1,NULL,NULL),
	(67,'00000000024','Браслет опал, халцедон, керам. Глаз, лун кам, хрусталь, шел кисть','1400','1',1,1,NULL,NULL),
	(68,'00000000187','Бурлящий шарик для ванн \"Веселина\"','300','0',1,1,NULL,NULL),
	(69,'00000000188','Бурлящий шарик для ванн \"Всемила\"','300','1',1,1,NULL,NULL),
	(70,'00000000189','Бурлящий шарик для ванн \"Всеслава\"','300','3',1,1,NULL,NULL),
	(71,'00000000190','Бурлящий шарик для ванн \"Добромила\"','300','3',1,1,NULL,NULL),
	(72,'00000000125','Бурлящий шарик для ванн \"Иланг-иланг\"','200','5',1,1,NULL,NULL),
	(73,'00000000126','Бурлящий шарик для ванн \"Имбирь\" 185 гр','200','4',1,1,NULL,NULL),
	(74,'00000000127','Бурлящий шарик для ванн \"Лаванда\" 185 гр.','200','2',1,1,NULL,NULL),
	(75,'00000000128','Бурлящий шарик для ванн \"Лайм и мята\" 185 гр.','200','4',1,1,NULL,NULL),
	(76,'00000000129','Бурлящий шарик для ванн \"Мед и малина\" 185 гр.','200','4',1,1,NULL,NULL),
	(77,'00000000130','Бурлящий шарик для ванн \"Роза\" 185 гр','200','2',1,1,NULL,NULL),
	(78,'00000000131','Бурлящий шарик для ванн \"Сладкий апельсин\" 185 гр.','200','2',1,1,NULL,NULL),
	(79,'00000000132','Бурлящий шарик для ванн \"Хвойная бомба\" 185 гр.','200','4',1,1,NULL,NULL),
	(80,'00000000133','Бурлящий шарик для ванн \"Шоколад\" 185 гр.','200','1',1,1,NULL,NULL),
	(81,'00000000053','Воск для волос','340','8',1,1,NULL,NULL),
	(82,'00000000135','Воск для волос  \"Иланг-иланг\" от секухщихся кончиков 15 мл','420','0',1,1,NULL,NULL),
	(83,'00000000264','Гель \"СТРЕЙЧ-krio\" (лифтинг для кожи живота, бедер и груди, охлаждающий)','2100','1',1,1,NULL,NULL),
	(84,'00000000265','Гель \"СТРЕЙЧ-termo\" (лифтинг для кожи живота, бедер, разогревающий)','2100','1',1,1,NULL,NULL),
	(85,'00000000260','Гель \"СТРИОЛ-forte\" (устранение растяжек)','2100','0',1,1,NULL,NULL),
	(86,'00000000237','Гель \"Чабрец+\" (иммунитет+)','1700','1',1,1,NULL,NULL),
	(87,'00000000302','Гель для бритья \"Дубовый мох\"','600','3',1,1,NULL,NULL),
	(88,'00000000526','Гель для гигиены тела \"Нега\" (Интимный)','800','10',1,1,NULL,NULL),
	(89,'00000000149','Гель для душа \"Иланг-иланг\" 200 мл','600','4',1,1,NULL,NULL),
	(90,'00000000246','Гель для душа \"Иланг-иланг+\" (не сушит и не стягивает кожу)','1300','1',1,1,NULL,NULL),
	(91,'00000000438','Гель для душа \"Каштанлвый мед\"','500','6',1,1,NULL,NULL),
	(92,'00000000150','Гель для душа \"Лайм и мята\" 200 мл','600','3',1,1,NULL,NULL),
	(93,'00000000369','Гель для душа \"Мадагаскарская ваниль\"','790','5',1,1,NULL,NULL),
	(94,'00000000403','Гель для душа \"Мятный\" 250 мл','430','1',1,1,NULL,NULL),
	(95,'00000000151','Гель для душа \"Сладкий апельсин\" 200 мл','600','4',1,1,NULL,NULL),
	(96,'00000000402','Гель для душа \"Череда\" 250 мл','430','7',1,1,NULL,NULL),
	(97,'00000000370','Гель для душа \"Эвкалиптовый\"','430','5',1,1,NULL,NULL),
	(98,'00000000112','Гель для душа 2 в 1 \"Дикая мята\", 250 мл.','400','2',1,1,NULL,NULL),
	(99,'00000000148','Гель для душа 2 в 1 Дубовый мох 200 мл','600','0',1,1,NULL,NULL),
	(100,'00000000405','Гель для лица \"Мадагаскарская ваниль\"','800','0',1,1,NULL,NULL),
	(101,'00000000404','Гель для лица \"Овсянный\" 250 мл','450','20',1,1,NULL,NULL),
	(102,'00000000255','Гель для ног \"КРИОЛ\" ( от тяжести, отеков и варикоза)','1850','1',1,1,NULL,NULL),
	(103,'00000000451','Гель для тела Алоэ, 100 мл','800','1',1,1,NULL,NULL),
	(104,'00000000525','Гель для умывания \"Нежность\"','680','9',1,1,NULL,NULL),
	(105,'00000000114','Гидролат \"Зеленый чай\" 50 мл','385','0',1,1,NULL,NULL),
	(106,'00000000424','Гидролат \"Лаванда\" 100 мл','380','1',1,1,NULL,NULL),
	(107,'00000000115','Гидролат \"Лаванда\" 50 мл','385','2',1,1,NULL,NULL),
	(108,'00000000457','Гидролат \"Липа\" 100 мл','380','2',1,1,NULL,NULL),
	(109,'00000000116','Гидролат \"Мята перечная\" 50 мл','385','5',1,1,NULL,NULL),
	(110,'00000000117','Гидролат \"Нероли\" 50 мл','385','0',1,1,NULL,NULL),
	(111,'00000000118','Гидролат \"Роза\" 50 мл','385','0',1,1,NULL,NULL),
	(112,'00000000119','Гидролат \"Розмарина\" 50 мл','385','0',1,1,NULL,NULL),
	(113,'00000000426','Гидролат \"Шалфей\" 100 мл','380','0',1,1,NULL,NULL),
	(114,'00000000120','Гидролат \"Шалфей\" 50 мл','385','0',1,1,NULL,NULL),
	(115,'00000000378','Гидролат Роза','350','0',1,1,NULL,NULL),
	(116,'00000000153','Гидрофильное масло для интимной гигиены \"Лаванда\" 200 мл','850','2',1,1,NULL,NULL),
	(117,'00000000154','Гидрофильное масло для лица \"Имбирь\" 200 мл','850','0',1,1,NULL,NULL),
	(118,'00000000460','Глина Гассул мароканская 150 гр','420','9',1,1,NULL,NULL),
	(119,'00000000425','Гтдролат \"Роза\" 100 мл','380','0',1,1,NULL,NULL),
	(120,'00000000458','Дезодорант','350','13',1,1,NULL,NULL),
	(121,'00000000121','Дезодорант \"Можжевельник\" 100 мл','680','5',1,1,NULL,NULL),
	(122,'00000000111','Дезодорант Дикая Мята, 50 мл.','410','2',1,1,NULL,NULL),
	(123,'00000000411','Денежное дерево','400','1',1,1,NULL,NULL),
	(124,'00000000089','Дикая мята, солевой скраб для тела 250 мл.','610','0',1,1,NULL,NULL),
	(125,'00000000085','Дикая роза, крем-масло для тела 150 мл.','620','2',1,1,NULL,NULL),
	(126,'00000000100','Дикая роза, масло для профилактики растяжек 100 мл.','700','3',1,1,NULL,NULL),
	(127,'00000000276','Додекаэдры','3500','5',1,1,NULL,NULL),
	(128,'00000000017','Друза кварца белая','1450','1',1,1,NULL,NULL),
	(129,'00000000016','Друза кварца(редкая по форме)красная','1450','1',1,1,NULL,NULL),
	(130,'00000000065','Дубовая роща, натуральное мыло 100 гр.(+/-10 гр.)','150','0',1,1,NULL,NULL),
	(131,'00000000446','Еловой хвои вода 50 мл','385','2',1,1,NULL,NULL),
	(132,'00000000231','Зимний крем \"Кедр+\" (защита от ветра и мороза)','1350','1',1,1,NULL,NULL),
	(133,'00000000464','Зубной порошок \"Календула\" укрепляющий 35 гр','200','4',1,1,NULL,NULL),
	(134,'00000000465','Зубной порошок \"Лимон\" отбеливающий 50 гр','310','2',1,1,NULL,NULL),
	(135,'00000000466','Зубной порошок \"Мята\" противовоспалительный 50 гр','310','4',1,1,NULL,NULL),
	(136,'00000000220','Зубной порошок \"Яровит\"','470','6',1,1,NULL,NULL),
	(137,'00000000166','Зубной порошок Календула, укрепляющий 60 гр','310','0',1,1,NULL,NULL),
	(138,'00000000167','Зубной порошок Лимон, отбеливающий 60 гр','310','0',1,1,NULL,NULL),
	(139,'00000000168','Зубной порошок Мята, противовоспалительный 60 гр','310','0',1,1,NULL,NULL),
	(140,'00000000543','Иланг-иланг экстра эфирное масло 5 мл','750','6',1,1,NULL,NULL),
	(141,'00000000066','Иланг-иланг, натуральное мыло 100 гр.(+/-10 гр.)','150','0',1,1,NULL,NULL),
	(142,'00000000067','Календула, натуральное мыло 100 гр.(+/-10 гр.)','150','0',1,1,NULL,NULL),
	(143,'00000000413','Картина Денежное дерево','2200','3',1,1,NULL,NULL),
	(144,'00000000412','Картина денежный знак','1600','3',1,1,NULL,NULL),
	(145,'00000000544','Кедр гимолайский эфирное масло 10 мл','250','6',1,1,NULL,NULL),
	(146,'00000000515','Кедровый скраб для лица, 150 мл','620','2',1,1,NULL,NULL),
	(147,'00000000138','Кондиционер \"Мед и малина\" увлажняющий 200 мл','806','4',1,1,NULL,NULL),
	(148,'00000000136','Кондиционер для волос \"Иланг-иланг\" придающий объем, 200 мл','806','4',1,1,NULL,NULL),
	(149,'00000000137','Кондиционер для волос \"Имбирь\" придающий объем, 200 мл','806','3',1,1,NULL,NULL),
	(150,'00000000091','Кондиционер для жирных волос \"Лаванда\", 250 мл.','450','2',1,1,NULL,NULL),
	(151,'00000000092','Кондиционер для нормальных волос \"Дикая роза\", 250 мл.','450','0',1,1,NULL,NULL),
	(152,'00000000093','Кондиционер для сухих волос \"Цитрусовая свежесть\", 250 мл.','450','1',1,1,NULL,NULL),
	(153,'00000000275','Конус','3500','5',1,1,NULL,NULL),
	(154,'00000000052','Коробочка для шампуня цилиндр','530','4',1,1,NULL,NULL),
	(155,'00000000068','Кофе, натуральное мыло 100 гр.(+/-10 гр.)','150','0',1,1,NULL,NULL),
	(156,'00000000195','Крем \"Берегиня\"','450','4',1,1,NULL,NULL),
	(157,'00000000193','Крем \"Благодар\"','450','4',1,1,NULL,NULL),
	(158,'00000000439','Крем \"Каштановый мед\" 30 мл','335','8',1,1,NULL,NULL),
	(159,'00000000427','Крем \"Маточное молочко\" 30 мл.','385','10',1,1,NULL,NULL),
	(160,'00000000401','Крем \"Маточное молочко\" 50 г','550','0',1,1,NULL,NULL),
	(161,'00000000192','Крем \"Милана\"','800','1',1,1,NULL,NULL),
	(162,'00000000440','Крем \"Сила гор\" 30 мл','385','9',1,1,NULL,NULL),
	(163,'00000000196','Крем \"Услада\"','830','0',1,1,NULL,NULL),
	(164,'00000000542','Крем \"Эластика\"для тела','650','9',1,1,NULL,NULL),
	(165,'00000000191','Крем \"Яра\"','470','5',1,1,NULL,NULL),
	(166,'00000000417','Крем № 1','400','10',1,1,NULL,NULL),
	(167,'00000000307','Крем № 14','400','10',1,1,NULL,NULL),
	(168,'00000000306','Крем № 7','400','15',1,1,NULL,NULL),
	(169,'00000000393','Крем №2','380','6',1,1,NULL,NULL),
	(170,'00000000392','Крем №3','380','0',1,1,NULL,NULL),
	(171,'00000000521','Крем №8','400','8',1,1,NULL,NULL),
	(172,'00000000536','Крем для век \"Нежана\"','450','6',1,1,NULL,NULL),
	(173,'00000000108','Крем для век Клюква 40+, 15 мл.','600','1',1,1,NULL,NULL),
	(174,'00000000106','Крем для век Малина 20+, 15 мл.','600','4',1,1,NULL,NULL),
	(175,'00000000107','Крем для век Морошка 30+, 15 мл.','600','1',1,1,NULL,NULL),
	(176,'00000000448','Крем для лица 15 SPF 50','550','2',1,1,NULL,NULL),
	(177,'00000000517','Крем для лица Василек, регенерирующий, 50 мл','900','3',1,1,NULL,NULL),
	(178,'00000000110','Крем для лица Дикая мята, 50 мл.','630','0',1,1,NULL,NULL),
	(179,'00000000105','Крем для лица Клюква 40+, 50 мл.','760','2',1,1,NULL,NULL),
	(180,'00000000103','Крем для лица Малина 20+, 50 мл.','650','1',1,1,NULL,NULL),
	(181,'00000000104','Крем для лица Морошка 30+, 50 мл.','760','1',1,1,NULL,NULL),
	(182,'00000000109','Крем для лица Череда, 50 мл.','700','4',1,1,NULL,NULL),
	(183,'00000000309','Крем для ног 45 мл','350','9',1,1,NULL,NULL),
	(184,'00000000308','Крем для рук с церамидами и витаминами B3 45 мл','300','10',1,1,NULL,NULL),
	(185,'00000000527','Крем молочко для гигиены тела \"Нега\" (интимный)','800','10',1,1,NULL,NULL),
	(186,'00000000394','Крем ночной для лица','400','6',1,1,NULL,NULL),
	(187,'00000000311','Крем--концентрат для тела \"Бодрость\" 45 гр.','270','5',1,1,NULL,NULL),
	(188,'00000000381','Крем-бальзам после бритья \"Дубовый мох\"','550','1',1,1,NULL,NULL),
	(189,'00000000313','Крем-концентрат  для тела \"Откровение\"','270','4',1,1,NULL,NULL),
	(190,'00000000314','Крем-концентрат \"Роза\" 45 гр','290','2',1,1,NULL,NULL),
	(191,'00000000312','Крем-концентрат для тела \"Ваниль\" 45 гр.','270','4',1,1,NULL,NULL),
	(192,'00000000055','Крем-маска для волос \"Моной и алоэ вера\"','560','13',1,1,NULL,NULL),
	(193,'00000000524','Крем-молочко для снятия макияжа \"Нежность\"','680','10',1,1,NULL,NULL),
	(194,'00000000194','Крем-репеллент \"Лесовик\"','470','2',1,1,NULL,NULL),
	(195,'00000000002','Кулон Аметист №2','1200','2',1,1,NULL,NULL),
	(196,'00000000001','Кулон Горный Хрусталь №1','1200','3',1,1,NULL,NULL),
	(197,'00000000011','Кулон капля розовый кварц с бусиной','1300','3',1,1,NULL,NULL),
	(198,'00000000499','Кулон конус  Лунный камень с бус опала','1200','3',1,1,NULL,NULL),
	(199,'00000000009','Кулон конус Лунный камень с бусиной опала','1300','3',1,1,NULL,NULL),
	(200,'00000000012','Кулон Крупный  маятник (Аметист)','1300','0',1,1,NULL,NULL),
	(201,'00000000013','Кулон Крупный  маятник (Горный хрусталь)','1300','2',1,1,NULL,NULL),
	(202,'00000000010','Кулон Крупный конус маятник (Розовый кварц)','1300','1',1,1,NULL,NULL),
	(203,'00000000500','Кулон Муранское стекло','700','2',1,1,NULL,NULL),
	(204,'00000000004','Кулон Нефрит №4','1200','2',1,1,NULL,NULL),
	(205,'00000000008','Кулон Нефрит №9','1300','0',1,1,NULL,NULL),
	(206,'00000000014','Кулон пренит','1150','2',1,1,NULL,NULL),
	(207,'00000000003','Кулон Раухтопаз №3','1200','2',1,1,NULL,NULL),
	(208,'00000000015','Кулон Розовый кварц','1150','2',1,1,NULL,NULL),
	(209,'00000000006','Кулон Розовый Кварц  №6','1200','2',1,1,NULL,NULL),
	(210,'00000000007','Кулон Флюорит  №7','1200','2',1,1,NULL,NULL),
	(211,'00000000005','Кулон Черный Агат №5','1200','2',1,1,NULL,NULL),
	(212,'00000000101','Лаванда, масло для груди в период лактации 50 мл.','680','3',1,1,NULL,NULL),
	(213,'00000000102','Лаванда, масло для массажа животика 50 мл.','680','2',1,1,NULL,NULL),
	(214,'00000000070','Лаванда, натуральное мыло 100 гр.(+/-10 гр.)','150','0',1,1,NULL,NULL),
	(215,'00000000447','Лавандовая вода 100 мл','385','0',1,1,NULL,NULL),
	(216,'00000000421','Лавандовая вода ОРГАНИЧЕСКАЯ 50 мл','385','2',1,1,NULL,NULL),
	(217,'00000000229','Летний крем (с натуральным SPF 40+)','1650','2',1,1,NULL,NULL),
	(218,'00000000317','Льняная игрушка \"Мишка\"','1120','2',1,1,NULL,NULL),
	(219,'00000000319','Льняная пижамница \"Ночьная Фея\"','2300','2',1,1,NULL,NULL),
	(220,'00000000334','Льняная подушка \"Кошки в кармане\"','1800','1',1,1,NULL,NULL),
	(221,'00000000318','Льняная подушка \"Кошки-Мышки\"','1800','1',1,1,NULL,NULL),
	(222,'00000000322','Льняная сувенир \"Конь Удачи\"','1000','1',1,1,NULL,NULL),
	(223,'00000000320','Льняной сувенир \"Ангел Хранитель\"','1100','2',1,1,NULL,NULL),
	(224,'00000000321','Льняной сувенир \"Баба-Яга на метле\"','900','2',1,1,NULL,NULL),
	(225,'00000000324','Льняной сувенир \"Домашка Машка\"','1100','0',1,1,NULL,NULL),
	(226,'00000000325','Льняной сувенир \"Неразлучники\"','1700','1',1,1,NULL,NULL),
	(227,'00000000502','Магнит','200','89',1,1,NULL,NULL),
	(228,'00000000069','Марокко, натуральное мыло 100 гр.(+/-10 гр.)','150','0',1,1,NULL,NULL),
	(229,'00000000056','Маска для волос \"Амла\"','560','10',1,1,NULL,NULL),
	(230,'00000000203','Маска для волос \"Заря\"','700','5',1,1,NULL,NULL),
	(231,'00000000095','Маска для волос \"Прованские травы\", 250 мл.','570','2',1,1,NULL,NULL),
	(232,'00000000094','Маска для волос \"Сибирские травы\", 250 мл.','570','2',1,1,NULL,NULL),
	(233,'00000000471','Маска для лица \"Лаванда\" успакаивающая 60 мл','500','0',1,1,NULL,NULL),
	(234,'00000000156','Маска для лица \"Лаванда\" успокаивающая 120 мл','770','0',1,1,NULL,NULL),
	(235,'00000000157','Маска для лица \"Лайм и мята\" 120 мл','770','0',1,1,NULL,NULL),
	(236,'00000000204','Маска для лица \"Любомила\" (для проблемной и жирной кожи)','580','0',1,1,NULL,NULL),
	(237,'00000000538','Маска для лица \"Любомила\" (пробл и жирная)','650','5',1,1,NULL,NULL),
	(238,'00000000537','Маска для лица \"Любомила\"(сух. и возр)','650','2',1,1,NULL,NULL),
	(239,'00000000462','Маска для лица\"Лайм и мята\" 60 мл','500','0',1,1,NULL,NULL),
	(240,'00000000409','Маска для тела \"Имбирь\"','640','1',1,1,NULL,NULL),
	(241,'00000000152','Масло для душа \"Мед и малина\" 200 м','850','2',1,1,NULL,NULL),
	(242,'00000000513','Масло для загара, 100 мл','800','5',1,1,NULL,NULL),
	(243,'00000000160','Масло для ногтей \"Иланг-иланг\" укрепляющее и отбеливающее 15 мл','300','3',1,1,NULL,NULL),
	(244,'00000000161','Масло для ногтей \"Ромашка и лимон\" укрепляющее и бактерицидное 15 мл','300','0',1,1,NULL,NULL),
	(245,'00000000162','Масло для тела \"Иланг-иланг\" 120 мл','640','0',1,1,NULL,NULL),
	(246,'00000000163','Масло для тела \"Имбирь\" 120 мл','640','0',1,1,NULL,NULL),
	(247,'00000000164','Масло для тела \"Мед и малина\" 120 мл','640','3',1,1,NULL,NULL),
	(248,'00000000165','Масло для тела \"Нежный возраст\" 120 мл','640','3',1,1,NULL,NULL),
	(249,'00000000423','Масло какоса Baraka','720','4',1,1,NULL,NULL),
	(250,'00000000223','Масло косметическое для загара','2028','0',1,1,NULL,NULL),
	(251,'00000000222','Масло косметическое солнцезащитное','2360','0',1,1,NULL,NULL),
	(252,'00000000520','Масло пихтовое 10 мл','100','1',1,1,NULL,NULL),
	(253,'00000000461','Масло семян брокколи ОРГАНИК 10 мл','350','4',1,1,NULL,NULL),
	(254,'00000000216','Масляная смесь для возрастной кожи лица \"Жива\"','830','4',1,1,NULL,NULL),
	(255,'00000000217','Масляная смесь для жирной кожи лица \"Жива\"','780','11',1,1,NULL,NULL),
	(256,'00000000215','Масляная смесь для нормальной кожи лица \"Жива\"','780','6',1,1,NULL,NULL),
	(257,'00000000214','Масляная смесь для сухой кожи лица \"Жива\"','780','6',1,1,NULL,NULL),
	(258,'00000000213','Масляная смесь для тела \"Лада\"','780','2',1,1,NULL,NULL),
	(259,'00000000396','Масляный коктейль \"Зверобой и календула\" 100 мл','570','11',1,1,NULL,NULL),
	(260,'00000000455','Масляный коктейль \"Зеленый чай\" 30 мл','420','8',1,1,NULL,NULL),
	(261,'00000000397','Масляный коктейль \"Миндальный\" 30 мл','420','5',1,1,NULL,NULL),
	(262,'00000000395','Масляный коктейль \"Ши\"  150 мл','640','11',1,1,NULL,NULL),
	(263,'00000000456','Масляный коктейль для сухих кончиков волос 30 мл','420','11',1,1,NULL,NULL),
	(264,'00000000272','Массажер от целлюлита \"Варежка\"','280','16',1,1,NULL,NULL),
	(265,'00000000250','Массажное масло \"АНТИ-ТОНУС\" (от гипертонуса матки)','1900','1',1,1,NULL,NULL),
	(266,'00000000261','Массажное масло \"АРЕОЛ-comfort\" (для заживления сосков)','1900','1',1,1,NULL,NULL),
	(267,'00000000263','Массажное масло \"ГЕМОЛ-forte\" (от послеродового геморроя)','1900','1',1,1,NULL,NULL),
	(268,'00000000232','Массажное масло \"Душица+\" (при гипертонусе мышц)','1700','1',1,1,NULL,NULL),
	(269,'00000000239','Массажное масло \"Зверобой+\" (для заживления пупочков)','690','1',1,1,NULL,NULL),
	(270,'00000000254','Массажное масло \"КАНДИОЛ\" (от кандидоза (молочницы)','1900','1',1,1,NULL,NULL),
	(271,'00000000258','Массажное масло \"ЛАКТО-СТИМУЛ\" (для стимуляции лактации)','1900','1',1,1,NULL,NULL),
	(272,'00000000259','Массажное масло \"ЛАКТО-СТОП\" (для угнетения лактации)','1900','1',1,1,NULL,NULL),
	(273,'00000000241','Массажное масло \"Мята+\" (при прорезывании зубов)','700','2',1,1,NULL,NULL),
	(274,'00000000252','Массажное масло \"ОСТЕОЛ\" ( обезболивающее для поясницы)','1800','1',1,1,NULL,NULL),
	(275,'00000000245','Массажное масло \"Персик+\" (универсальное)','1500','2',1,1,NULL,NULL),
	(276,'00000000262','Массажное масло \"РЕГЕНОЛ-forte\" (для заживления послеродовых разрывов)','2100','1',1,1,NULL,NULL),
	(277,'00000000233','Массажное масло \"Розмарин+\" (при гипотонусе мышц)','1700','1',1,1,NULL,NULL),
	(278,'00000000251','Массажное масло \"СТРИОЛ\" (профилактика появления растяжек)','1900','0',1,1,NULL,NULL),
	(279,'00000000242','Массажное масло \"Туя+\" (от стоматита)','890','1',1,1,NULL,NULL),
	(280,'00000000240','Массажное масло \"Укроп+\" (для животиков от колик)','1700','1',1,1,NULL,NULL),
	(281,'00000000234','Массажное масло \"Шалфей+\" (заживляющее любые повреждения кожи)','1200','1',1,1,NULL,NULL),
	(282,'00000000243','Массажное масло \"Эвкалипт+\" (для носиков)','780','2',1,1,NULL,NULL),
	(283,'00000000516','Мицеллярная вода Ромашка, 200 мл','500','3',1,1,NULL,NULL),
	(284,'00000000441','Молочко \"Сила гор 100 мл\"','550','0',1,1,NULL,NULL),
	(285,'00000000337','Молочко для тела Голубая Ромашка','1240','1',1,1,NULL,NULL),
	(286,'00000000224','Молочко косметическое для тела после загара','1800','0',1,1,NULL,NULL),
	(287,'00000000071','Морской бриз, натуральное мыло 100 гр.(+/-10 гр.)','150','0',1,1,NULL,NULL),
	(288,'00000000489','Мочалка для пилинга \"Шар\"','100','0',1,1,NULL,NULL),
	(289,'00000000488','Мочалка-руковица \"карман\" из сизаля','200','2',1,1,NULL,NULL),
	(290,'00000000340','Мыло \" Ljve is\"','280','9',1,1,NULL,NULL),
	(291,'00000000043','Мыло \"Marieе\"','240','2',1,1,NULL,NULL),
	(292,'00000000034','Мыло \"Monoi\"','275','2',1,1,NULL,NULL),
	(293,'00000000044','Мыло \"Английское утро\"','240','0',1,1,NULL,NULL),
	(294,'00000000032','Мыло \"Апельсин\" мини','110','6',1,1,NULL,NULL),
	(295,'00000000042','Мыло \"Восточная сказка\"','385','1',1,1,NULL,NULL),
	(296,'00000000341','Мыло \"Восточное\"','280','11',1,1,NULL,NULL),
	(297,'00000000432','Мыло \"Глинтвейн\"','280','11',1,1,NULL,NULL),
	(298,'00000000036','Мыло \"Для тебя\"','275','4',1,1,NULL,NULL),
	(299,'00000000535','Мыло \"Домовай\"','200','5',1,1,NULL,NULL),
	(300,'00000000342','Мыло \"Индийские пряности\"','260','0',1,1,NULL,NULL),
	(301,'00000000343','Мыло \"Какос и сливки\"','260','0',1,1,NULL,NULL),
	(302,'00000000371','Мыло \"Календула\"','260','0',1,1,NULL,NULL),
	(303,'00000000345','Мыло \"Кастильское\"','260','1',1,1,NULL,NULL),
	(304,'00000000035','Мыло \"Кедровое\"','275','2',1,1,NULL,NULL),
	(305,'00000000037','Мыло \"Козочка\"','275','3',1,1,NULL,NULL),
	(306,'00000000433','Мыло \"Конфетти\"','280','13',1,1,NULL,NULL),
	(307,'00000000303','Мыло \"Лаванда\" мини','110','0',1,1,NULL,NULL),
	(308,'00000000346','Мыло \"Лавандовое\"','280','9',1,1,NULL,NULL),
	(309,'00000000353','Мыло \"Маточное молочко\"','260','0',1,1,NULL,NULL),
	(310,'00000000352','Мыло \"Мацеста\"','280','8',1,1,NULL,NULL),
	(311,'00000000354','Мыло \"Медовая сота с цветочной пыльцой\"','260','0',1,1,NULL,NULL),
	(312,'00000000372','Мыло \"Медовое\"','260','0',1,1,NULL,NULL),
	(313,'00000000038','Мыло \"Мила\"','275','3',1,1,NULL,NULL),
	(314,'00000000347','Мыло \"Мятное\"','280','11',1,1,NULL,NULL),
	(315,'00000000039','Мыло \"Особое\"','275','6',1,1,NULL,NULL),
	(316,'00000000040','Мыло \"Откровение\"','385','6',1,1,NULL,NULL),
	(317,'00000000041','Мыло \"Откровение\" ПРЕМИУМ','385','0',1,1,NULL,NULL),
	(318,'00000000304','Мыло \"Пихта\" мини','110','9',1,1,NULL,NULL),
	(319,'00000000033','Мыло \"Пихта\" мини','110','0',1,1,NULL,NULL),
	(320,'00000000434','Мыло \"Подарок Нептуна\"','280','8',1,1,NULL,NULL),
	(321,'00000000305','Мыло \"Роза\" мини','110','0',1,1,NULL,NULL),
	(322,'00000000435','Мыло \"Суданская Роза\"','280','3',1,1,NULL,NULL),
	(323,'00000000046','Мыло \"Таежный роман\"','240','2',1,1,NULL,NULL),
	(324,'00000000047','Мыло \"Таежный роман\" ПРЕМИУМ','360','2',1,1,NULL,NULL),
	(325,'00000000045','Мыло \"Тайна императрицы\"','360','2',1,1,NULL,NULL),
	(326,'00000000373','Мыло \"Цитрусовое\"','280','0',1,1,NULL,NULL),
	(327,'00000000349','Мыло \"Черное море\"','280','0',1,1,NULL,NULL),
	(328,'00000000350','Мыло \"Шиповник\"','260','0',1,1,NULL,NULL),
	(329,'00000000351','Мыло \"Шоколадное\"','280','8',1,1,NULL,NULL),
	(330,'00000000348','Мыло \"Эвкалиптовое\"','280','10',1,1,NULL,NULL),
	(331,'00000000429','Мыло ручной работы в асс.','300','14',1,1,NULL,NULL),
	(332,'00000000430','Мыло ручной работы мини в асс.','100','0',1,1,NULL,NULL),
	(333,'00000000072','Мята, натуральное мыло 100 гр.(+/-10 гр.)','150','0',1,1,NULL,NULL),
	(334,'00000000531','Нат тоник из гамамелиса','385','2',1,1,NULL,NULL),
	(335,'00000000534','Нат тоник из липы','385','0',1,1,NULL,NULL),
	(336,'00000000533','Нат тоник из нероли','400','3',1,1,NULL,NULL),
	(337,'00000000532','Нат тоник из размарина','385','3',1,1,NULL,NULL),
	(338,'00000000529','Нат. тоник из зел. чая','385','1',1,1,NULL,NULL),
	(339,'00000000530','Нат. тоник из розы','385','2',1,1,NULL,NULL),
	(340,'00000000528','Натур. тоник из лаванды','385','2',1,1,NULL,NULL),
	(341,'00000000174','Натуральное мыло \"Агни\"','320','13',1,1,NULL,NULL),
	(342,'00000000183','Натуральное мыло \"Всеславец\"','320','4',1,1,NULL,NULL),
	(343,'00000000184','Натуральное мыло \"Духобор\"','320','5',1,1,NULL,NULL),
	(344,'00000000185','Натуральное мыло \"Купала\"','320','6',1,1,NULL,NULL),
	(345,'00000000176','Натуральное мыло \"Ладинец\"','320','6',1,1,NULL,NULL),
	(346,'00000000181','Натуральное мыло \"Новородник\"','320','2',1,1,NULL,NULL),
	(347,'00000000177','Натуральное мыло \"Огневица\"','320','6',1,1,NULL,NULL),
	(348,'00000000175','Натуральное мыло \"Одолень трава\"','320','4',1,1,NULL,NULL),
	(349,'00000000186','Натуральное мыло \"Свадебник\"','320','8',1,1,NULL,NULL),
	(350,'00000000180','Натуральное мыло \"Сваор\"','320','5',1,1,NULL,NULL),
	(351,'00000000179','Натуральное мыло \"Сварга\"','320','2',1,1,NULL,NULL),
	(352,'00000000178','Натуральное мыло \"Славец\"','320','2',1,1,NULL,NULL),
	(353,'00000000182','Натуральное мыло \"Цветок папоротника\"','320','8',1,1,NULL,NULL),
	(354,'00000000218','Натуральный дезодорант \"Доброслав\"','470','4',1,1,NULL,NULL),
	(355,'00000000219','Натуральный дезодорант \"Доброслава\"','470','8',1,1,NULL,NULL),
	(356,'00000000073','Ним, натуральное мыло 100 гр.(+/-10 гр.)','150','0',1,1,NULL,NULL),
	(357,'00000000074','Овсянка, натуральное мыло 100 гр.(+/-10 гр.)','150','0',1,1,NULL,NULL),
	(358,'00000000155','Очищающее молочко для лица \"Лаванда\" 100 мл','690','5',1,1,NULL,NULL),
	(359,'00000000391','Парфюм (мини)','300','0',1,1,NULL,NULL),
	(360,'00000000493','Парфюм № 15..','1400','0',1,1,NULL,NULL),
	(361,'00000000497','Парфюм № 30','3000','1',1,1,NULL,NULL),
	(362,'00000000496','Парфюм № 39','3000','2',1,1,NULL,NULL),
	(363,'00000000495','Парфюм № 45','3000','2',1,1,NULL,NULL),
	(364,'00000000384','Парфюм №1','3000','3',1,1,NULL,NULL),
	(365,'00000000494','Парфюм №15','3000','1',1,1,NULL,NULL),
	(366,'00000000388','Парфюм №17','3000','1',1,1,NULL,NULL),
	(367,'00000000385','Парфюм №3','3000','3',1,1,NULL,NULL),
	(368,'00000000498','Парфюм №32','3000','1',1,1,NULL,NULL),
	(369,'00000000389','Парфюм №40','3000','2',1,1,NULL,NULL),
	(370,'00000000386','Парфюм №5','3000','1',1,1,NULL,NULL),
	(371,'00000000390','Парфюм №57','3000','1',1,1,NULL,NULL),
	(372,'00000000387','Парфюм №9','3000','1',1,1,NULL,NULL),
	(373,'00000000431','Парфюм мини 200 р','200','0',1,1,NULL,NULL),
	(374,'00000000453','Пемза','80','3',1,1,NULL,NULL),
	(375,'00000000134','Пена для ванн \"Нежный возраст\" 200 мл','800','4',1,1,NULL,NULL),
	(376,'00000000226','Пенка для детской гигиены (для подмывания)','1490','1',1,1,NULL,NULL),
	(377,'00000000248','Пенка для интимной гигиены \"Иланг-иланг+\" (антисептическая)','1200','1',1,1,NULL,NULL),
	(378,'00000000519','Пихтовый напиток','200','7',1,1,NULL,NULL),
	(379,'00000000442','Плитка для бритья мини','200','1',1,1,NULL,NULL),
	(380,'00000000443','Плитка для бритья стандарт','500','1',1,1,NULL,NULL),
	(381,'00000000326','Подушка игрушка \"Лошадь Маруся\"','1500','1',1,1,NULL,NULL),
	(382,'00000000522','Природная минеральная сульфидно-иловая 220 гр','350','5',1,1,NULL,NULL),
	(383,'00000000327','Прихватка льняная\"Народная\"','250','12',1,1,NULL,NULL),
	(384,'00000000375','Пробник бальзам \"Альпийские травы\"','130','0',1,1,NULL,NULL),
	(385,'00000000376','Пробник гель \"Эвкалипт\"','130','0',1,1,NULL,NULL),
	(386,'00000000377','Пробник мыло','50','0',1,1,NULL,NULL),
	(387,'00000000374','Пробник шампунь \"Альпийские травы\"','130','0',1,1,NULL,NULL),
	(388,'00000000087','Прованские травы, крем-масло для тела 150 мл.','620','2',1,1,NULL,NULL),
	(389,'00000000075','Прованские травы, натуральное мыло 100 гр.(+/-10 гр.)','150','0',1,1,NULL,NULL),
	(390,'00000000301','Проверка','150','0',1,1,NULL,NULL),
	(391,'00000000514','Роза, двухфазное средство для снятия макияжа, 100 мл','750','5',1,1,NULL,NULL),
	(392,'00000000422','Розовая вода Болгарская 50 мл','385','6',1,1,NULL,NULL),
	(393,'00000000029','Розовый кварц в оправе (овал)','1900','2',1,1,NULL,NULL),
	(394,'00000000328','Рушник льняной \"Былина\" син.','690','2',1,1,NULL,NULL),
	(395,'00000000323','Рушник льняной \"Былина\" цвет.','690','2',1,1,NULL,NULL),
	(396,'00000000329','Салфетка льняная \"Бабочки\"','280','4',1,1,NULL,NULL),
	(397,'00000000330','Салфетка льняная \"Гламур\"','295','3',1,1,NULL,NULL),
	(398,'00000000331','Салфетка льняная \"Сицилия\"','310','6',1,1,NULL,NULL),
	(399,'00000000335','Салфетка льняная цвет. лавандовый','300','1',1,1,NULL,NULL),
	(400,'00000000332','Салфетка льняная цвет. фисташковый','300','2',1,1,NULL,NULL),
	(401,'00000000123','Саше \"Мелисса\" успокаивающее 35 гр.','390','0',1,1,NULL,NULL),
	(402,'00000000124','Саше \"Можжевельник\" укрепляющее иммунитет 220 гр.','390','0',1,1,NULL,NULL),
	(403,'00000000122','Саше от моли \"Лаванда\" 35 гр.','390','2',1,1,NULL,NULL),
	(404,'00000000030','Светлый аметист в оправе (овал)','1900','1',1,1,NULL,NULL),
	(405,'00000000076','Северные ягоды, натуральное мыло 100 гр.(+/-10 гр.)','150','0',1,1,NULL,NULL),
	(406,'00000000507','Серьги Caer','800','6',1,1,NULL,NULL),
	(407,'00000000504','Серьги Juqo','900','1',1,1,NULL,NULL),
	(408,'00000000508','Серьги LiLa, Яшма, кварц','900','1',1,1,NULL,NULL),
	(409,'00000000510','Серьги Plata','1600','0',1,1,NULL,NULL),
	(410,'00000000505','Серьги Souffie','900','1',1,1,NULL,NULL),
	(411,'00000000503','Серьги Vidrio','900','1',1,1,NULL,NULL),
	(412,'00000000506','Серьги Vitamina','900','1',1,1,NULL,NULL),
	(413,'00000000026','Серьги кожа, зеленые','2200','2',1,1,NULL,NULL),
	(414,'00000000025','Серьги кожа, коралловые','2200','3',1,1,NULL,NULL),
	(415,'00000000027','Серьги роз. Кварц, родивое покрытие, кварцевое стекло','1350','0',1,1,NULL,NULL),
	(416,'00000000509','Серьги Сhampan','1600','1',1,1,NULL,NULL),
	(417,'00000000028','Серьги серый агат, родивое покрытие, кварцевое стекло','1350','2',1,1,NULL,NULL),
	(418,'00000000491','Сет №2 пробник 10 шт, по 5 мл','3000','1',1,1,NULL,NULL),
	(419,'00000000492','Сет №3 пробник 10 шт, по 5 мл','3000','1',1,1,NULL,NULL),
	(420,'00000000088','Сибирские травы, крем-масло для тела 150 мл.','620','2',1,1,NULL,NULL),
	(421,'00000000058','Скраб \"Апельсин с корицей\"','540','8',1,1,NULL,NULL),
	(422,'00000000057','Скраб \"Роскошь царицы\"','540','6',1,1,NULL,NULL),
	(423,'00000000059','Скраб \"Шоколадно-кофейный\"','540','0',1,1,NULL,NULL),
	(424,'00000000419','Скраб \"Шоколодо-сахарный\"','540','2',1,1,NULL,NULL),
	(425,'00000000147','Скраб для губ \"Мед и малина\" 15 мл','405','0',1,1,NULL,NULL),
	(426,'00000000158','Скраб для лица \"Иланг-иланг\" 120 мл','750','0',1,1,NULL,NULL),
	(427,'00000000202','Скраб для лица \"Краса\"','550','9',1,1,NULL,NULL),
	(428,'00000000159','Скраб для лица \"Мед и малина\" 120 мл','750','0',1,1,NULL,NULL),
	(429,'00000000463','Скраб для лица \"Мед и малина\" 60 мл','480','1',1,1,NULL,NULL),
	(430,'00000000200','Скраб для тела \"Леля\"','700','10',1,1,NULL,NULL),
	(431,'00000000201','Скраб для тела \"Русалочка\"','700','2',1,1,NULL,NULL),
	(432,'00000000247','Сливки для тела \"Иланг-иланг+\" (увлажнение, питание)','1300','1',1,1,NULL,NULL),
	(433,'00000000228','Сливки под подгузник (от опрелостей и раздражения)','1510','1',1,1,NULL,NULL),
	(434,'00000000249','Смесь эфирных масел \"АНТИ-ТОКС\" (от токсикоза)','1700','1',1,1,NULL,NULL),
	(435,'00000000244','Смесь эфирных масел \"Лаванда+\" (для купания и сна)','1700','1',1,1,NULL,NULL),
	(436,'00000000257','Смесь эфирных масел \"Погружение\" (для подготовки и начала родов)','1900','1',1,1,NULL,NULL),
	(437,'00000000449','Солнцезащитный крем для тела Календула 30 SPF','600','2',1,1,NULL,NULL),
	(438,'00000000450','Солнцезащитный крем для тела Календула 50 SPF , 100 мл','650','5',1,1,NULL,NULL),
	(439,'00000000273','Спонж из люффы  для лица','360','7',1,1,NULL,NULL),
	(440,'00000000230','Спрей \"Гвоздика+\" (защита от насекомых и педикулеза)','900','0',1,1,NULL,NULL),
	(441,'00000000310','Сыворотка для кожи головы','420','27',1,1,NULL,NULL),
	(442,'00000000077','Таежный лес, натуральное мыло 100 гр.(+/-10 гр.)','150','0',1,1,NULL,NULL),
	(443,'00000000207','Твердые духи №1','420','1',1,1,NULL,NULL),
	(444,'00000000208','Твердые духи №2','420','0',1,1,NULL,NULL),
	(445,'00000000209','Твердые духи №3','420','1',1,1,NULL,NULL),
	(446,'00000000210','Твердые духи №4','420','1',1,1,NULL,NULL),
	(447,'00000000211','Твердые духи №5','420','3',1,1,NULL,NULL),
	(448,'00000000212','Твердые духи №6','420','3',1,1,NULL,NULL),
	(449,'00000000051','Твердый шампунь \"Амла\"','446','3',1,1,NULL,NULL),
	(450,'00000000049','Твердый шампунь \"Березка\"','446','6',1,1,NULL,NULL),
	(451,'00000000048','Твердый шампунь \"Розмариновый\"','446','6',1,1,NULL,NULL),
	(452,'00000000050','Твердый шампунь \"Ромашковый\"','446','3',1,1,NULL,NULL),
	(453,'00000000270','Терка для ног Camellen','240','6',1,1,NULL,NULL),
	(454,'00000000454','Упаковка','400','2',1,1,NULL,NULL),
	(455,'00000000333','Фартук льняной \"Воробей\"','1600','2',1,1,NULL,NULL),
	(456,'00000000078','Хвойный лес, натуральное мыло 100 гр.(+/-10 гр.)','150','0',1,1,NULL,NULL),
	(457,'00000000079','Хмель, натуральное мыло 100 гр.(+/-10 гр.)','150','0',1,1,NULL,NULL),
	(458,'00000000227','Цветочная водичка \"Монарда+\" (для промывания глаз, от коньюктивита)','1100','1',1,1,NULL,NULL),
	(459,'00000000086','Цитрусовая свежесть, крем-масло для тела 150 мл.','620','2',1,1,NULL,NULL),
	(460,'00000000099','Цитрусовая свежесть, масло для профилактики целлюлита, 100 мл.','700','0',1,1,NULL,NULL),
	(461,'00000000080','Цитрусовая свежесть, натуральное мыло 100 гр.(+/-10 гр.)','150','0',1,1,NULL,NULL),
	(462,'00000000090','Цитрусовая свежесть, солевой скраб для тела 250 мл.','610','0',1,1,NULL,NULL),
	(463,'00000000081','Череда, натуральное мыло 100 гр.(+/-10 гр.)','150','0',1,1,NULL,NULL),
	(464,'00000000083','Шалфей, натуральное мыло 100 гр.(+/-10 гр.)','150','0',1,1,NULL,NULL),
	(465,'00000000358','Шампунь \"Альпийские травы\"','450','0',1,1,NULL,NULL),
	(466,'00000000141','Шампунь \"Имбирь\", придающий объем 200мл','520','2',1,1,NULL,NULL),
	(467,'00000000355','Шампунь \"Крапива\"','450','6',1,1,NULL,NULL),
	(468,'00000000361','Шампунь \"Мадагаскарская ваниль\"','850','0',1,1,NULL,NULL),
	(469,'00000000357','Шампунь \"Маточное молочко\"','450','11',1,1,NULL,NULL),
	(470,'00000000360','Шампунь \"Мацеста\"','450','1',1,1,NULL,NULL),
	(471,'00000000142','Шампунь \"Мед и малина\" увлажняющий 200 мл','520','3',1,1,NULL,NULL),
	(472,'00000000436','Шампунь \"Медовый с прополисом\"','450','0',1,1,NULL,NULL),
	(473,'00000000359','Шампунь \"Медовый\"','450','14',1,1,NULL,NULL),
	(474,'00000000143','Шампунь \"Можжевельник\", регулирующий жирность волос 200 мл','520','2',1,1,NULL,NULL),
	(475,'00000000356','Шампунь \"Ромашка\"','450','11',1,1,NULL,NULL),
	(476,'00000000225','Шампунь для волос и тела (без слез, очищение и удаление корочек)','1490','2',1,1,NULL,NULL),
	(477,'00000000199','Шампунь для жирных волос \"Жар-Птица\"','580','5',1,1,NULL,NULL),
	(478,'00000000096','Шампунь для жирных волос \"Лаванда\", 250 мл.','450','1',1,1,NULL,NULL),
	(479,'00000000097','Шампунь для нормальных волос \"Дикая роза\", 250 мл.','450','1',1,1,NULL,NULL),
	(480,'00000000197','Шампунь для нормальных волос \"Жар-Птица\"','580','3',1,1,NULL,NULL),
	(481,'00000000198','Шампунь для сухих волос \"Жар-Птица\"','580','7',1,1,NULL,NULL),
	(482,'00000000098','Шампунь для сухих волос \"Цитрусовая свежесть\", 250 мл.','450','-1',1,1,NULL,NULL),
	(483,'00000000139','Шампунь твердый \"Зверобой\"  75 гр','490','2',1,1,NULL,NULL),
	(484,'00000000140','Шампунь твердый \"Иланг-иланг\" восстанавливающий 75 гр.','490','0',1,1,NULL,NULL),
	(485,'00000000082','Шоколад, натуральное мыло 100 гр.(+/-10 гр.)','150','0',1,1,NULL,NULL),
	(486,'00000000271','Щетка двусторонняя  массажер ши','500','4',1,1,NULL,NULL),
	(487,'00000000469','Эфирное масло \"Иланг-иланг\" 5 мл','250','1',1,1,NULL,NULL),
	(488,'00000000470','Эфирное масло \"Шалфей мускатный\" 5 мл','300','2',1,1,NULL,NULL),
	(489,'00000000468','Эфирное масло Мята перечная 5 мл','360','2',1,1,NULL,'2016-10-19 20:34:56');

/*!40000 ALTER TABLE `items` ENABLE KEYS */;
UNLOCK TABLES;


# Дамп таблицы items_orders
# ------------------------------------------------------------

LOCK TABLES `items_orders` WRITE;
/*!40000 ALTER TABLE `items_orders` DISABLE KEYS */;

INSERT INTO `items_orders` (`id`, `items_id`, `items_price`, `items_price_discount`, `items_quantity`, `items_sum`, `orders_id`, `point`, `created_at`, `updated_at`)
VALUES
	(1,390,'450','450','3','1350',1,1,'2016-04-25 09:20:13',NULL),
	(2,37,'350','350','1','350',2,1,'2016-04-27 14:41:21',NULL),
	(3,38,'350','350','1','350',2,1,'2016-04-27 14:41:21',NULL),
	(4,99,'600','600','1','600',2,1,'2016-04-27 14:41:21',NULL),
	(5,152,'510','510','1','510',2,1,'2016-04-27 14:41:21',NULL),
	(6,430,'700','700','1','700',2,1,'2016-04-27 14:41:21',NULL),
	(7,68,'300','300','1','300',3,1,'2016-04-28 15:44:19',NULL),
	(8,71,'300','300','1','300',3,1,'2016-04-28 15:44:19',NULL),
	(9,77,'260','260','1','260',3,1,'2016-04-28 15:44:19',NULL),
	(10,99,'600','600','1','600',3,1,'2016-04-28 15:44:19',NULL),
	(11,151,'510','510','1','510',3,1,'2016-04-28 15:44:19',NULL),
	(12,190,'290','290','1','290',3,1,'2016-04-28 15:44:19',NULL),
	(13,192,'560','560','1','560',3,1,'2016-04-28 15:44:19',NULL),
	(14,275,'1500','1500','1','1500',3,1,'2016-04-28 15:44:19',NULL),
	(15,321,'110','110','1','110',3,1,'2016-04-28 15:44:19',NULL),
	(16,350,'390','390','1','390',3,1,'2016-04-28 15:44:19',NULL),
	(17,421,'540','540','1','540',3,1,'2016-04-28 15:44:19',NULL),
	(18,439,'360','360','1','360',3,1,'2016-04-28 15:44:19',NULL),
	(19,441,'390','390','1','390',3,1,'2016-04-28 15:44:19',NULL),
	(20,474,'520','520','1','520',3,1,'2016-04-28 15:44:19',NULL),
	(21,476,'1490','1490','1','1490',3,1,'2016-04-28 15:44:19',NULL),
	(22,478,'510','510','1','510',3,1,'2016-04-28 15:44:19',NULL),
	(23,168,'380','380','1','380',4,1,'2016-04-29 14:51:39',NULL),
	(24,234,'770','770','1','770',4,1,'2016-04-29 14:51:39',NULL),
	(25,235,'770','770','1','770',4,1,'2016-04-29 14:51:39',NULL),
	(26,273,'700','700','1','700',4,1,'2016-04-29 14:51:39',NULL),
	(27,282,'780','780','1','780',4,1,'2016-04-29 14:51:39',NULL),
	(28,421,'540','540','1','540',4,1,'2016-04-29 14:51:39',NULL),
	(29,422,'540','540','1','540',4,1,'2016-04-29 14:51:39',NULL),
	(30,423,'540','540','1','540',4,1,'2016-04-29 14:51:39',NULL),
	(31,441,'1170','1170','3','3510',4,1,'2016-04-29 14:51:39',NULL),
	(32,477,'580','580','1','580',4,1,'2016-04-29 14:51:39',NULL),
	(33,481,'580','580','1','580',4,1,'2016-04-29 14:51:39',NULL),
	(34,69,'300','300','1','300',5,1,'2016-04-30 15:12:50',NULL),
	(35,77,'260','260','1','260',5,1,'2016-04-30 15:12:50',NULL),
	(36,156,'1100','1100','2','2200',5,1,'2016-04-30 15:12:50',NULL),
	(37,428,'750','750','1','750',5,1,'2016-04-30 15:12:50',NULL),
	(38,480,'1160','1160','2','2320',5,1,'2016-04-30 15:12:50',NULL),
	(39,32,'420','420','1','420',6,1,'2016-05-01 15:34:14',NULL),
	(40,37,'350','350','1','350',6,1,'2016-05-01 15:34:14',NULL),
	(41,38,'350','350','1','350',6,1,'2016-05-01 15:34:14',NULL),
	(42,44,'410','410','1','410',6,1,'2016-05-01 15:34:14',NULL),
	(43,60,'840','840','2','1680',6,1,'2016-05-01 15:34:14',NULL),
	(44,95,'600','600','1','600',6,1,'2016-05-01 15:34:14',NULL),
	(45,105,'770','770','2','1540',6,1,'2016-05-01 15:34:14',NULL),
	(46,107,'770','770','2','1540',6,1,'2016-05-01 15:34:14',NULL),
	(47,109,'385','385','1','385',6,1,'2016-05-01 15:34:14',NULL),
	(48,110,'385','385','1','385',6,1,'2016-05-01 15:34:14',NULL),
	(49,111,'385','385','1','385',6,1,'2016-05-01 15:34:14',NULL),
	(50,112,'385','385','1','385',6,1,'2016-05-01 15:34:14',NULL),
	(51,114,'385','385','1','385',6,1,'2016-05-01 15:34:14',NULL),
	(52,121,'680','680','1','680',6,1,'2016-05-01 15:34:14',NULL),
	(53,122,'550','550','1','550',6,1,'2016-05-01 15:34:14',NULL),
	(54,156,'550','550','1','550',6,1,'2016-05-01 15:34:14',NULL),
	(55,192,'560','560','1','560',6,1,'2016-05-01 15:34:14',NULL),
	(56,229,'560','560','1','560',6,1,'2016-05-01 15:34:14',NULL),
	(57,293,'240','240','1','240',6,1,'2016-05-01 15:34:14',NULL),
	(58,294,'110','110','1','110',6,1,'2016-05-01 15:34:14',NULL),
	(59,307,'110','110','1','110',6,1,'2016-05-01 15:34:14',NULL),
	(60,318,'220','220','2','440',6,1,'2016-05-01 15:34:14',NULL),
	(61,318,'220','220','2','440',6,1,'2016-05-01 15:34:14',NULL),
	(62,321,'110','110','1','110',6,1,'2016-05-01 15:34:14',NULL),
	(63,323,'240','240','1','240',6,1,'2016-05-01 15:34:14',NULL),
	(64,341,'390','390','1','390',6,1,'2016-05-01 15:34:14',NULL),
	(65,481,'580','580','1','580',6,1,'2016-05-01 15:34:14',NULL),
	(66,44,'410','410','1','410',7,1,'2016-05-02 15:34:43',NULL),
	(67,109,'385','385','1','385',7,1,'2016-05-02 15:34:43',NULL),
	(68,111,'385','385','1','385',7,1,'2016-05-02 15:34:43',NULL),
	(69,138,'310','310','1','310',7,1,'2016-05-02 15:34:43',NULL),
	(70,157,'470','470','1','470',7,1,'2016-05-02 15:34:43',NULL),
	(71,187,'270','270','1','270',7,1,'2016-05-02 15:34:43',NULL),
	(72,191,'270','270','1','270',7,1,'2016-05-02 15:34:43',NULL),
	(73,236,'580','580','1','580',7,1,'2016-05-02 15:34:43',NULL),
	(74,241,'850','850','1','850',7,1,'2016-05-02 15:34:43',NULL),
	(75,344,'390','390','1','390',7,1,'2016-05-02 15:34:43',NULL),
	(76,354,'940','940','2','1880',7,1,'2016-05-02 15:34:43',NULL),
	(77,355,'940','940','2','1880',7,1,'2016-05-02 15:34:43',NULL),
	(78,389,'210','210','1','210',7,1,'2016-05-02 15:34:43',NULL),
	(79,405,'210','210','1','210',7,1,'2016-05-02 15:34:43',NULL),
	(80,426,'750','750','1','750',7,1,'2016-05-02 15:34:43',NULL),
	(81,474,'520','520','1','520',7,1,'2016-05-02 15:34:43',NULL),
	(82,477,'580','580','1','580',7,1,'2016-05-02 15:34:43',NULL),
	(83,481,'580','580','1','580',7,1,'2016-05-02 15:34:43',NULL),
	(84,244,'300','300','1','300',8,1,'2016-05-03 15:06:36',NULL),
	(85,71,'300','300','1','300',9,1,'2016-05-04 15:16:26',NULL),
	(86,425,'405','405','1','405',9,1,'2016-05-04 15:16:26',NULL),
	(87,244,'300','300','1','300',10,1,'2016-05-05 15:28:09',NULL),
	(88,246,'640','640','1','640',10,1,'2016-05-05 15:28:09',NULL),
	(89,254,'830','830','1','830',10,1,'2016-05-05 15:28:09',NULL),
	(90,256,'780','780','1','780',10,1,'2016-05-05 15:28:09',NULL),
	(91,421,'540','540','1','540',10,1,'2016-05-05 15:28:09',NULL),
	(92,44,'410','410','1','410',11,1,'2016-05-06 15:35:17',NULL),
	(93,81,'340','340','1','340',11,1,'2016-05-06 15:35:17',NULL),
	(94,98,'260','260','1','260',11,1,'2016-05-06 15:35:17',NULL),
	(95,191,'270','270','1','270',11,1,'2016-05-06 15:35:17',NULL),
	(96,254,'830','830','1','830',11,1,'2016-05-06 15:35:17',NULL),
	(97,355,'940','940','2','1880',11,1,'2016-05-06 15:35:17',NULL),
	(98,421,'540','540','1','540',11,1,'2016-05-06 15:35:17',NULL),
	(99,459,'550','550','1','550',11,1,'2016-05-06 15:35:17',NULL),
	(100,22,'420','420','1','420',12,1,'2016-05-08 15:14:18',NULL),
	(101,48,'210','210','1','210',12,1,'2016-05-08 15:14:18',NULL),
	(102,156,'550','550','1','550',12,1,'2016-05-08 15:14:18',NULL),
	(103,183,'300','300','1','300',12,1,'2016-05-08 15:14:18',NULL),
	(104,184,'300','300','1','300',12,1,'2016-05-08 15:14:18',NULL),
	(105,187,'270','270','1','270',12,1,'2016-05-08 15:14:18',NULL),
	(106,256,'780','780','1','780',12,1,'2016-05-08 15:14:18',NULL),
	(107,290,'520','520','2','1040',12,1,'2016-05-08 15:14:18',NULL),
	(108,296,'260','260','1','260',12,1,'2016-05-08 15:14:18',NULL),
	(109,308,'260','260','1','260',12,1,'2016-05-08 15:14:18',NULL),
	(110,327,'520','520','2','1040',12,1,'2016-05-08 15:14:18',NULL),
	(111,351,'450','450','1','450',12,1,'2016-05-08 15:14:18',NULL),
	(112,425,'810','810','2','1620',12,1,'2016-05-08 15:14:18',NULL),
	(113,467,'430','430','1','430',12,1,'2016-05-08 15:14:18',NULL),
	(114,470,'430','430','1','430',12,1,'2016-05-08 15:14:18',NULL),
	(115,473,'430','430','1','430',12,1,'2016-05-08 15:14:18',NULL),
	(116,480,'580','580','1','580',12,1,'2016-05-08 15:14:18',NULL),
	(117,40,'420','420','1','420',13,1,'2016-05-09 15:17:22',NULL),
	(118,78,'260','260','1','260',13,1,'2016-05-09 15:17:22',NULL),
	(119,95,'600','600','1','600',13,1,'2016-05-09 15:17:22',NULL),
	(120,125,'550','550','1','550',13,1,'2016-05-09 15:17:22',NULL),
	(121,225,'1100','1100','1','1100',13,1,'2016-05-09 15:17:22',NULL),
	(122,296,'260','260','1','260',13,1,'2016-05-09 15:17:22',NULL),
	(123,308,'260','260','1','260',13,1,'2016-05-09 15:17:22',NULL),
	(124,389,'210','210','1','210',13,1,'2016-05-09 15:17:22',NULL),
	(125,422,'540','540','1','540',13,1,'2016-05-09 15:17:22',NULL),
	(126,465,'430','430','1','430',13,1,'2016-05-09 15:17:22',NULL),
	(127,168,'380','380','1','380',14,1,'2016-05-10 15:03:50',NULL),
	(128,184,'600','600','2','1200',14,1,'2016-05-10 15:03:50',NULL),
	(129,255,'780','780','1','780',14,1,'2016-05-10 15:03:50',NULL),
	(130,405,'210','210','1','210',14,1,'2016-05-10 15:03:50',NULL),
	(131,22,'420','420','1','420',15,1,'2016-05-17 06:27:17',NULL),
	(132,23,'420','420','1','420',15,1,'2016-05-17 06:27:17',NULL),
	(133,38,'350','350','1','350',15,1,'2016-05-17 06:27:17',NULL),
	(134,44,'410','410','1','410',15,1,'2016-05-17 06:27:17',NULL),
	(135,56,'1200','1200','2','2400',15,1,'2016-05-17 06:27:17',NULL),
	(136,81,'340','340','1','340',15,1,'2016-05-17 06:27:17',NULL),
	(137,87,'600','600','1','600',15,1,'2016-05-17 06:27:17',NULL),
	(138,97,'410','410','1','410',15,1,'2016-05-17 06:27:17',NULL),
	(139,115,'350','350','1','350',15,1,'2016-05-17 06:27:17',NULL),
	(140,138,'310','310','1','310',15,1,'2016-05-17 06:27:17',NULL),
	(141,141,'210','210','1','210',15,1,'2016-05-17 06:27:17',NULL),
	(142,168,'380','380','1','380',15,1,'2016-05-17 06:27:17',NULL),
	(143,184,'300','300','1','300',15,1,'2016-05-17 06:27:17',NULL),
	(144,264,'280','280','1','280',15,1,'2016-05-17 06:27:17',NULL),
	(145,301,'260','260','1','260',15,1,'2016-05-17 06:27:17',NULL),
	(146,328,'260','260','1','260',15,1,'2016-05-17 06:27:17',NULL),
	(147,330,'260','260','1','260',15,1,'2016-05-17 06:27:17',NULL),
	(148,460,'880','880','1','880',15,1,'2016-05-17 06:27:17',NULL),
	(149,465,'430','430','1','430',15,1,'2016-05-17 06:27:17',NULL),
	(150,467,'430','430','1','430',15,1,'2016-05-17 06:27:17',NULL),
	(151,486,'500','500','1','500',15,1,'2016-05-17 06:27:17',NULL),
	(152,25,'420','420','1','420',16,1,'2016-05-17 06:36:52',NULL),
	(153,32,'420','420','1','420',16,1,'2016-05-17 06:36:52',NULL),
	(154,81,'340','340','1','340',16,1,'2016-05-17 06:36:52',NULL),
	(155,110,'385','385','1','385',16,1,'2016-05-17 06:36:52',NULL),
	(156,112,'385','385','1','385',16,1,'2016-05-17 06:36:52',NULL),
	(157,114,'385','385','1','385',16,1,'2016-05-17 06:36:52',NULL),
	(158,167,'380','380','1','380',16,1,'2016-05-17 06:36:52',NULL),
	(159,168,'380','380','1','380',16,1,'2016-05-17 06:36:52',NULL),
	(160,183,'300','300','1','300',16,1,'2016-05-17 06:36:52',NULL),
	(161,300,'260','260','1','260',16,1,'2016-05-17 06:36:52',NULL),
	(162,309,'260','260','1','260',16,1,'2016-05-17 06:36:52',NULL),
	(163,314,'520','520','2','1040',16,1,'2016-05-17 06:36:52',NULL),
	(164,329,'520','520','2','1040',16,1,'2016-05-17 06:36:52',NULL),
	(165,330,'260','260','1','260',16,1,'2016-05-17 06:36:52',NULL),
	(166,451,'446','446','1','446',16,1,'2016-05-17 06:36:52',NULL),
	(167,453,'240','240','1','240',16,1,'2016-05-17 06:36:52',NULL),
	(168,469,'430','430','1','430',16,1,'2016-05-17 06:36:52',NULL),
	(169,473,'430','430','1','430',16,1,'2016-05-17 06:36:52',NULL),
	(170,81,'340','340','1','340',17,1,'2016-05-17 06:38:32',NULL),
	(171,167,'380','380','1','380',17,1,'2016-05-17 06:38:32',NULL),
	(172,168,'380','380','1','380',18,1,'2016-05-17 06:40:47',NULL),
	(173,453,'240','240','1','240',18,1,'2016-05-17 06:40:47',NULL),
	(174,477,'580','580','1','580',18,1,'2016-05-17 06:40:47',NULL),
	(175,470,'430','430','1','430',19,1,'2016-05-17 15:04:47',NULL),
	(176,42,'150','150','1','150',20,1,'2016-05-18 14:17:06',NULL),
	(177,81,'340','340','1','340',20,1,'2016-05-18 14:17:06',NULL),
	(178,115,'350','350','1','350',20,1,'2016-05-18 14:17:06',NULL),
	(179,151,'510','510','1','510',20,1,'2016-05-18 14:17:06',NULL),
	(180,421,'540','540','1','540',20,1,'2016-05-18 14:17:06',NULL),
	(181,459,'1100','1100','2','2200',20,1,'2016-05-18 14:17:06',NULL),
	(182,479,'510','510','1','510',20,1,'2016-05-18 14:17:06',NULL),
	(183,25,'420','420','1','420',21,1,'2016-05-19 14:54:58',NULL),
	(184,105,'385','385','1','385',21,1,'2016-05-19 14:54:58',NULL),
	(185,109,'385','385','1','385',21,1,'2016-05-19 14:54:58',NULL),
	(186,152,'510','510','1','510',21,1,'2016-05-19 14:54:58',NULL),
	(187,167,'380','380','1','380',21,1,'2016-05-19 14:54:58',NULL),
	(188,168,'380','380','1','380',21,1,'2016-05-19 14:54:58',NULL),
	(189,251,'2360','2360','1','2360',21,1,'2016-05-19 14:54:58',NULL),
	(190,388,'550','550','1','550',21,1,'2016-05-19 14:54:58',NULL),
	(191,427,'580','580','1','580',21,1,'2016-05-19 14:54:58',NULL),
	(192,441,'390','390','1','390',21,1,'2016-05-19 14:54:58',NULL),
	(193,77,'260','260','1','260',22,1,'2016-05-20 15:01:18',NULL),
	(194,80,'260','260','1','260',22,1,'2016-05-20 15:01:18',NULL),
	(195,258,'780','780','1','780',22,1,'2016-05-20 15:01:18',NULL),
	(196,296,'260','260','1','260',22,1,'2016-05-20 15:01:18',NULL),
	(197,330,'260','260','1','260',22,1,'2016-05-20 15:01:18',NULL),
	(198,398,'310','310','1','310',22,1,'2016-05-20 15:01:18',NULL),
	(199,442,'210','210','1','210',22,1,'2016-05-20 15:01:18',NULL),
	(200,41,'190','190','1','190',23,1,'2016-05-21 14:57:28',NULL),
	(201,58,'600','600','1','600',23,1,'2016-05-21 14:57:28',NULL),
	(202,101,'410','410','1','410',23,1,'2016-05-21 14:57:28',NULL),
	(203,160,'1740','1740','3','5220',23,1,'2016-05-21 14:57:28',NULL),
	(204,191,'270','270','1','270',23,1,'2016-05-21 14:57:28',NULL),
	(205,294,'110','110','1','110',23,1,'2016-05-21 14:57:28',NULL),
	(206,296,'260','260','1','260',23,1,'2016-05-21 14:57:28',NULL),
	(207,326,'260','260','1','260',23,1,'2016-05-21 14:57:28',NULL),
	(208,329,'260','260','1','260',23,1,'2016-05-21 14:57:28',NULL),
	(209,359,'600','600','2','1200',23,1,'2016-05-21 14:57:28',NULL),
	(210,93,'790','790','1','790',24,1,'2016-05-22 15:14:18',NULL),
	(211,160,'580','580','1','580',24,1,'2016-05-22 15:14:18',NULL),
	(212,471,'520','520','1','520',24,1,'2016-05-22 15:14:18',NULL),
	(213,23,'420','420','1','420',25,1,'2016-05-23 15:04:27',NULL),
	(214,34,'320','320','2','640',25,1,'2016-05-23 15:04:27',NULL),
	(215,36,'320','320','2','640',25,1,'2016-05-23 15:04:27',NULL),
	(216,41,'190','190','1','190',25,1,'2016-05-23 15:04:27',NULL),
	(217,323,'240','240','1','240',25,1,'2016-05-23 15:04:27',NULL),
	(218,330,'260','260','1','260',25,1,'2016-05-23 15:04:27',NULL),
	(219,467,'430','430','1','430',25,1,'2016-05-23 15:04:27',NULL),
	(220,68,'300','300','1','300',26,1,'2016-05-24 14:56:02',NULL),
	(221,73,'260','260','1','260',26,1,'2016-05-24 14:56:02',NULL),
	(222,101,'410','410','1','410',26,1,'2016-05-24 14:56:02',NULL),
	(223,125,'550','550','1','550',26,1,'2016-05-24 14:56:02',NULL),
	(224,167,'380','380','1','380',26,1,'2016-05-24 14:56:02',NULL),
	(225,183,'300','300','1','300',26,1,'2016-05-24 14:56:02',NULL),
	(226,296,'260','260','1','260',26,1,'2016-05-24 14:56:02',NULL),
	(227,430,'700','700','1','700',26,1,'2016-05-24 14:56:02',NULL),
	(228,327,'260','260','1','260',27,1,'2016-05-26 09:56:29',NULL),
	(229,462,'-750','-750','-1','750',27,1,'2016-05-26 09:56:29',NULL),
	(230,97,'410','410','1','410',28,1,'2016-05-26 10:08:01',NULL),
	(231,255,'780','780','1','780',28,1,'2016-05-26 10:08:01',NULL),
	(232,329,'260','260','1','260',28,1,'2016-05-26 10:08:01',NULL),
	(233,428,'750','750','1','750',28,1,'2016-05-26 10:08:01',NULL),
	(234,431,'700','700','1','700',28,1,'2016-05-26 10:08:01',NULL),
	(235,462,'750','750','1','750',28,1,'2016-05-26 10:08:01',NULL),
	(236,74,'260','260','1','260',29,1,'2016-05-26 14:55:06',NULL),
	(237,94,'410','410','1','410',29,1,'2016-05-26 14:55:06',NULL),
	(238,160,'580','580','1','580',29,1,'2016-05-26 14:55:06',NULL),
	(239,169,'760','760','2','1520',29,1,'2016-05-26 14:55:06',NULL),
	(240,190,'290','290','1','290',29,1,'2016-05-26 14:55:06',NULL),
	(241,259,'510','510','1','510',29,1,'2016-05-26 14:55:06',NULL),
	(242,310,'260','260','1','260',29,1,'2016-05-26 14:55:06',NULL),
	(243,314,'260','260','1','260',29,1,'2016-05-26 14:55:06',NULL),
	(244,359,'600','600','2','1200',29,1,'2016-05-26 14:55:06',NULL),
	(245,384,'130','130','1','130',29,1,'2016-05-26 14:55:06',NULL),
	(246,387,'130','130','1','130',29,1,'2016-05-26 14:55:06',NULL),
	(247,442,'210','210','1','210',29,1,'2016-05-26 14:55:06',NULL),
	(248,28,'420','420','1','420',30,1,'2016-05-27 15:02:27',NULL),
	(249,60,'420','420','1','420',30,1,'2016-05-27 15:02:27',NULL),
	(250,105,'385','385','1','385',30,1,'2016-05-27 15:02:27',NULL),
	(251,156,'550','550','1','550',30,1,'2016-05-27 15:02:27',NULL),
	(252,160,'580','580','1','580',30,1,'2016-05-27 15:02:27',NULL),
	(253,422,'540','540','1','540',30,1,'2016-05-27 15:02:27',NULL),
	(254,26,'420','420','1','420',31,1,'2016-05-28 14:52:39',NULL),
	(255,60,'420','420','1','420',31,1,'2016-05-28 14:52:39',NULL),
	(256,79,'260','260','1','260',31,1,'2016-05-28 14:52:39',NULL),
	(257,94,'410','410','1','410',31,1,'2016-05-28 14:52:39',NULL),
	(258,105,'770','770','2','1540',31,1,'2016-05-28 14:52:39',NULL),
	(259,183,'300','300','1','300',31,1,'2016-05-28 14:52:39',NULL),
	(260,187,'270','270','1','270',31,1,'2016-05-28 14:52:39',NULL),
	(261,247,'640','640','1','640',31,1,'2016-05-28 14:52:39',NULL),
	(262,258,'780','780','1','780',31,1,'2016-05-28 14:52:39',NULL),
	(263,259,'510','510','1','510',31,1,'2016-05-28 14:52:39',NULL),
	(264,290,'260','260','1','260',31,1,'2016-05-28 14:52:39',NULL),
	(265,314,'260','260','1','260',31,1,'2016-05-28 14:52:39',NULL),
	(266,428,'750','750','1','750',31,1,'2016-05-28 14:52:39',NULL),
	(267,465,'430','430','1','430',31,1,'2016-05-28 14:52:39',NULL),
	(268,469,'430','430','1','430',31,1,'2016-05-28 14:52:39',NULL),
	(269,475,'430','430','1','430',31,1,'2016-05-28 14:52:39',NULL),
	(270,26,'420','420','1','420',32,1,'2016-05-29 15:12:52',NULL),
	(271,44,'410','410','1','410',32,1,'2016-05-29 15:12:52',NULL),
	(272,111,'385','385','1','385',32,1,'2016-05-29 15:12:52',NULL),
	(273,170,'380','380','1','380',32,1,'2016-05-29 15:12:52',NULL),
	(274,245,'640','640','1','640',32,1,'2016-05-29 15:12:52',NULL),
	(275,247,'640','640','1','640',32,1,'2016-05-29 15:12:52',NULL),
	(276,261,'380','380','1','380',32,1,'2016-05-29 15:12:52',NULL),
	(277,290,'520','520','2','1040',32,1,'2016-05-29 15:12:52',NULL),
	(278,296,'520','520','2','1040',32,1,'2016-05-29 15:12:52',NULL),
	(279,304,'275','275','1','275',32,1,'2016-05-29 15:12:52',NULL),
	(280,327,'260','260','1','260',32,1,'2016-05-29 15:12:52',NULL),
	(281,359,'300','300','1','300',32,1,'2016-05-29 15:12:52',NULL),
	(282,422,'1080','1080','2','2160',32,1,'2016-05-29 15:12:52',NULL),
	(283,451,'892','892','2','1784',32,1,'2016-05-29 15:12:52',NULL),
	(284,96,'820','820','2','1640',33,1,'2016-05-30 15:03:09',NULL),
	(285,111,'385','385','1','385',33,1,'2016-05-30 15:03:09',NULL),
	(286,157,'470','470','1','470',33,1,'2016-05-30 15:03:09',NULL),
	(287,166,'760','760','2','1520',33,1,'2016-05-30 15:03:09',NULL),
	(288,168,'760','760','2','1520',33,1,'2016-05-30 15:03:09',NULL),
	(289,170,'380','380','1','380',33,1,'2016-05-30 15:03:09',NULL),
	(290,256,'780','780','1','780',33,1,'2016-05-30 15:03:09',NULL),
	(291,262,'1280','1280','2','2560',33,1,'2016-05-30 15:03:09',NULL),
	(292,355,'470','470','1','470',33,1,'2016-05-30 15:03:09',NULL),
	(293,425,'405','405','1','405',33,1,'2016-05-30 15:03:09',NULL),
	(294,441,'390','390','1','390',33,1,'2016-05-30 15:03:09',NULL),
	(295,465,'430','430','1','430',33,1,'2016-05-30 15:03:09',NULL),
	(296,31,'160','160','1','160',34,1,'2016-05-31 15:03:57',NULL),
	(297,60,'420','420','1','420',34,1,'2016-05-31 15:03:57',NULL),
	(298,261,'380','380','1','380',34,1,'2016-05-31 15:03:57',NULL),
	(299,290,'260','260','1','260',34,1,'2016-05-31 15:03:57',NULL),
	(300,357,'210','210','1','210',34,1,'2016-05-31 15:03:57',NULL),
	(301,427,'580','580','1','580',34,1,'2016-05-31 15:03:57',NULL),
	(302,441,'390','390','1','390',34,1,'2016-05-31 15:03:57',NULL),
	(303,99,'600','600','1','600',35,1,'2016-06-01 15:04:04',NULL),
	(304,168,'380','380','1','380',35,1,'2016-06-01 15:04:04',NULL),
	(305,182,'630','630','1','630',35,1,'2016-06-01 15:04:04',NULL),
	(306,217,'1650','1650','1','1650',35,1,'2016-06-01 15:04:04',NULL),
	(307,230,'700','700','1','700',35,1,'2016-06-01 15:04:04',NULL),
	(308,247,'640','640','1','640',35,1,'2016-06-01 15:04:04',NULL),
	(309,248,'640','640','1','640',35,1,'2016-06-01 15:04:04',NULL),
	(310,278,'1900','1900','1','1900',35,1,'2016-06-01 15:04:04',NULL),
	(311,420,'470','470','1','470',35,1,'2016-06-01 15:04:04',NULL),
	(312,441,'390','390','1','390',35,1,'2016-06-01 15:04:04',NULL),
	(313,473,'430','430','1','430',35,1,'2016-06-01 15:04:04',NULL),
	(314,30,'160','160','1','160',36,1,'2016-06-02 14:56:03',NULL),
	(315,82,'420','420','1','420',36,1,'2016-06-02 14:56:03',NULL),
	(316,183,'300','300','1','300',36,1,'2016-06-02 14:56:03',NULL),
	(317,290,'260','260','1','260',36,1,'2016-06-02 14:56:03',NULL),
	(318,358,'690','690','1','690',36,1,'2016-06-02 14:56:03',NULL),
	(319,439,'360','360','1','360',36,1,'2016-06-02 14:56:03',NULL),
	(320,453,'240','240','1','240',36,1,'2016-06-02 14:56:03',NULL),
	(321,28,'420','420','1','420',37,1,'2016-06-03 15:18:02',NULL),
	(322,36,'480','480','3','1440',37,1,'2016-06-03 15:18:02',NULL),
	(323,97,'410','410','1','410',37,1,'2016-06-03 15:18:02',NULL),
	(324,151,'450','450','1','450',37,1,'2016-06-03 15:18:02',NULL),
	(325,247,'640','640','1','640',37,1,'2016-06-03 15:18:02',NULL),
	(326,308,'260','260','1','260',37,1,'2016-06-03 15:18:02',NULL),
	(327,314,'260','260','1','260',37,1,'2016-06-03 15:18:02',NULL),
	(328,327,'260','260','1','260',37,1,'2016-06-03 15:18:02',NULL),
	(329,355,'940','940','2','1880',37,1,'2016-06-03 15:18:02',NULL),
	(330,375,'800','800','1','800',37,1,'2016-06-03 15:18:02',NULL),
	(331,441,'390','390','1','390',37,1,'2016-06-03 15:18:02',NULL),
	(332,453,'240','240','1','240',37,1,'2016-06-03 15:18:02',NULL),
	(333,467,'430','430','1','430',37,1,'2016-06-03 15:18:02',NULL),
	(334,473,'430','430','1','430',37,1,'2016-06-03 15:18:02',NULL),
	(335,480,'580','580','1','580',37,1,'2016-06-03 15:18:02',NULL),
	(336,36,'160','160','1','160',38,1,'2016-06-04 15:07:35',NULL),
	(337,41,'190','190','1','190',38,1,'2016-06-04 15:07:35',NULL),
	(338,82,'420','420','1','420',38,1,'2016-06-04 15:07:35',NULL),
	(339,113,'380','380','1','380',38,1,'2016-06-04 15:07:35',NULL),
	(340,184,'300','300','1','300',38,1,'2016-06-04 15:07:35',NULL),
	(341,230,'700','700','1','700',38,1,'2016-06-04 15:07:35',NULL),
	(342,236,'580','580','1','580',38,1,'2016-06-04 15:07:35',NULL),
	(343,259,'510','510','1','510',38,1,'2016-06-04 15:07:35',NULL),
	(344,307,'110','110','1','110',38,1,'2016-06-04 15:07:35',NULL),
	(345,359,'600','600','2','1200',38,1,'2016-06-04 15:07:35',NULL),
	(346,441,'390','390','1','390',38,1,'2016-06-04 15:07:35',NULL),
	(347,34,'160','160','1','160',39,1,'2016-06-05 14:23:08',NULL),
	(348,35,'160','160','1','160',39,1,'2016-06-05 14:23:08',NULL),
	(349,36,'160','160','1','160',39,1,'2016-06-05 14:23:08',NULL),
	(350,94,'410','410','1','410',39,1,'2016-06-05 14:23:08',NULL),
	(351,101,'410','410','1','410',39,1,'2016-06-05 14:23:08',NULL),
	(352,159,'770','770','2','1540',39,1,'2016-06-05 14:23:08',NULL),
	(353,230,'700','700','1','700',39,1,'2016-06-05 14:23:08',NULL),
	(354,235,'770','770','1','770',39,1,'2016-06-05 14:23:08',NULL),
	(355,236,'580','580','1','580',39,1,'2016-06-05 14:23:08',NULL),
	(356,421,'540','540','1','540',39,1,'2016-06-05 14:23:08',NULL),
	(357,441,'390','390','1','390',39,1,'2016-06-05 14:23:08',NULL),
	(358,453,'240','240','1','240',40,1,'2016-06-06 16:29:55',NULL),
	(359,22,'420','420','1','420',41,1,'2016-06-07 05:01:06',NULL),
	(360,29,'420','420','1','420',41,1,'2016-06-07 05:01:06',NULL),
	(361,36,'160','160','1','160',41,1,'2016-06-07 05:01:06',NULL),
	(362,97,'410','410','1','410',41,1,'2016-06-07 05:01:06',NULL),
	(363,119,'380','380','1','380',41,1,'2016-06-07 05:01:06',NULL),
	(364,130,'210','210','1','210',41,1,'2016-06-07 05:01:06',NULL),
	(365,159,'385','385','1','385',41,1,'2016-06-07 05:01:06',NULL),
	(366,190,'580','580','2','1160',41,1,'2016-06-07 05:01:06',NULL),
	(367,300,'260','260','1','260',41,1,'2016-06-07 05:01:06',NULL),
	(368,302,'260','260','1','260',41,1,'2016-06-07 05:01:06',NULL),
	(369,308,'260','260','1','260',41,1,'2016-06-07 05:01:06',NULL),
	(370,392,'385','385','1','385',41,1,'2016-06-07 05:01:06',NULL),
	(371,441,'390','390','1','390',41,1,'2016-06-07 05:01:06',NULL),
	(372,453,'240','240','1','240',41,1,'2016-06-07 05:01:06',NULL),
	(373,465,'430','430','1','430',41,1,'2016-06-07 05:01:06',NULL),
	(374,475,'430','430','1','430',41,1,'2016-06-07 05:01:06',NULL),
	(375,26,'840','840','2','1680',42,1,'2016-06-07 15:08:18',NULL),
	(376,101,'1230','1230','3','3690',42,1,'2016-06-07 15:08:18',NULL),
	(377,106,'380','380','1','380',42,1,'2016-06-07 15:08:18',NULL),
	(378,144,'1600','1600','1','1600',42,1,'2016-06-07 15:08:18',NULL),
	(379,148,'806','806','1','806',42,1,'2016-06-07 15:08:18',NULL),
	(380,183,'600','600','2','1200',42,1,'2016-06-07 15:08:18',NULL),
	(381,213,'680','680','1','680',42,1,'2016-06-07 15:08:18',NULL),
	(382,230,'700','700','1','700',42,1,'2016-06-07 15:08:18',NULL),
	(383,254,'830','830','1','830',42,1,'2016-06-07 15:08:18',NULL),
	(384,258,'780','780','1','780',42,1,'2016-06-07 15:08:18',NULL),
	(385,302,'260','260','1','260',42,1,'2016-06-07 15:08:18',NULL),
	(386,314,'260','260','1','260',42,1,'2016-06-07 15:08:18',NULL),
	(387,326,'260','260','1','260',42,1,'2016-06-07 15:08:18',NULL),
	(388,328,'260','260','1','260',42,1,'2016-06-07 15:08:18',NULL),
	(389,351,'450','450','1','450',42,1,'2016-06-07 15:08:18',NULL),
	(390,470,'860','860','2','1720',42,1,'2016-06-07 15:08:18',NULL),
	(391,26,'-420','-420','-1','420',43,1,'2016-06-08 16:07:19',NULL),
	(392,101,'-410','-410','-1','410',43,1,'2016-06-08 16:07:19',NULL),
	(393,144,'-1600','-1600','-1','1600',43,1,'2016-06-08 16:07:19',NULL),
	(394,159,'385','385','1','385',43,1,'2016-06-08 16:07:19',NULL),
	(395,189,'270','270','1','270',43,1,'2016-06-08 16:07:19',NULL),
	(396,230,'-700','-700','-1','700',43,1,'2016-06-08 16:07:19',NULL),
	(397,247,'640','640','1','640',43,1,'2016-06-08 16:07:19',NULL),
	(398,250,'2028','2028','1','2028',43,1,'2016-06-08 16:07:19',NULL),
	(399,254,'-830','-830','-1','830',43,1,'2016-06-08 16:07:19',NULL),
	(400,258,'-780','-780','-1','780',43,1,'2016-06-08 16:07:19',NULL),
	(401,321,'220','220','2','440',43,1,'2016-06-08 16:07:19',NULL),
	(402,359,'300','300','1','300',43,1,'2016-06-08 16:07:19',NULL),
	(403,373,'400','400','2','800',43,1,'2016-06-08 16:07:19',NULL),
	(404,470,'-430','-430','-1','430',43,1,'2016-06-08 16:07:19',NULL),
	(405,34,'480','480','3','1440',44,1,'2016-06-09 15:46:45',NULL),
	(406,36,'480','480','3','1440',44,1,'2016-06-09 15:46:45',NULL),
	(407,41,'950','950','5','4750',44,1,'2016-06-09 15:46:45',NULL),
	(408,85,'2100','2100','1','2100',44,1,'2016-06-09 15:46:45',NULL),
	(409,96,'820','820','2','1640',44,1,'2016-06-09 15:46:45',NULL),
	(410,109,'385','385','1','385',44,1,'2016-06-09 15:46:45',NULL),
	(411,124,'610','610','1','610',44,1,'2016-06-09 15:46:45',NULL),
	(412,125,'470','470','1','470',44,1,'2016-06-09 15:46:45',NULL),
	(413,136,'470','470','1','470',44,1,'2016-06-09 15:46:45',NULL),
	(414,139,'310','310','1','310',44,1,'2016-06-09 15:46:45',NULL),
	(415,144,'1600','1600','1','1600',44,1,'2016-06-09 15:46:45',NULL),
	(416,159,'1155','1155','3','3465',44,1,'2016-06-09 15:46:45',NULL),
	(417,342,'390','390','1','390',44,1,'2016-06-09 15:46:45',NULL),
	(418,373,'200','200','1','200',44,1,'2016-06-09 15:46:45',NULL),
	(419,451,'446','446','1','446',44,1,'2016-06-09 15:46:45',NULL),
	(420,465,'430','430','1','430',44,1,'2016-06-09 15:46:45',NULL),
	(421,477,'580','580','1','580',44,1,'2016-06-09 15:46:45',NULL),
	(422,14,'470','470','1','470',45,1,'2016-06-10 15:21:20',NULL),
	(423,101,'410','410','1','410',45,1,'2016-06-10 15:21:20',NULL),
	(424,159,'770','770','2','1540',45,1,'2016-06-10 15:21:20',NULL),
	(425,162,'385','385','1','385',45,1,'2016-06-10 15:21:20',NULL),
	(426,179,'650','650','1','650',45,1,'2016-06-10 15:21:20',NULL),
	(427,230,'700','700','1','700',45,1,'2016-06-10 15:21:20',NULL),
	(428,261,'380','380','1','380',45,1,'2016-06-10 15:21:20',NULL),
	(429,31,'320','320','2','640',46,1,'2016-06-11 15:01:56',NULL),
	(430,56,'600','600','1','600',46,1,'2016-06-11 15:01:56',NULL),
	(431,105,'385','385','1','385',46,1,'2016-06-11 15:01:56',NULL),
	(432,116,'850','850','1','850',46,1,'2016-06-11 15:01:56',NULL),
	(433,158,'335','335','1','335',46,1,'2016-06-11 15:01:56',NULL),
	(434,159,'385','385','1','385',46,1,'2016-06-11 15:01:56',NULL),
	(435,228,'210','210','1','210',46,1,'2016-06-11 15:01:56',NULL),
	(436,244,'300','300','1','300',46,1,'2016-06-11 15:01:56',NULL),
	(437,261,'380','380','1','380',46,1,'2016-06-11 15:01:56',NULL),
	(438,290,'260','260','1','260',46,1,'2016-06-11 15:01:56',NULL),
	(439,296,'780','780','3','2340',46,1,'2016-06-11 15:01:56',NULL),
	(440,320,'520','520','2','1040',46,1,'2016-06-11 15:01:56',NULL),
	(441,332,'100','100','1','100',46,1,'2016-06-11 15:01:56',NULL),
	(442,441,'390','390','1','390',46,1,'2016-06-11 15:01:56',NULL),
	(443,34,'160','160','1','160',47,1,'2016-06-12 15:42:01',NULL),
	(444,44,'410','410','1','410',47,1,'2016-06-12 15:42:01',NULL),
	(445,58,'600','600','1','600',47,1,'2016-06-12 15:42:01',NULL),
	(446,113,'380','380','1','380',47,1,'2016-06-12 15:42:01',NULL),
	(447,136,'1410','1410','3','4230',47,1,'2016-06-12 15:42:01',NULL),
	(448,141,'210','210','1','210',47,1,'2016-06-12 15:42:01',NULL),
	(449,168,'760','760','2','1520',47,1,'2016-06-12 15:42:01',NULL),
	(450,173,'500','500','1','500',47,1,'2016-06-12 15:42:01',NULL),
	(451,183,'300','300','1','300',47,1,'2016-06-12 15:42:01',NULL),
	(452,243,'300','300','1','300',47,1,'2016-06-12 15:42:01',NULL),
	(453,247,'640','640','1','640',47,1,'2016-06-12 15:42:01',NULL),
	(454,249,'720','720','1','720',47,1,'2016-06-12 15:42:01',NULL),
	(455,259,'510','510','1','510',47,1,'2016-06-12 15:42:01',NULL),
	(456,290,'520','520','2','1040',47,1,'2016-06-12 15:42:01',NULL),
	(457,296,'260','260','1','260',47,1,'2016-06-12 15:42:01',NULL),
	(458,297,'260','260','1','260',47,1,'2016-06-12 15:42:01',NULL),
	(459,306,'260','260','1','260',47,1,'2016-06-12 15:42:01',NULL),
	(460,320,'260','260','1','260',47,1,'2016-06-12 15:42:01',NULL),
	(461,355,'470','470','1','470',47,1,'2016-06-12 15:42:01',NULL),
	(462,364,'3000','3000','1','3000',47,1,'2016-06-12 15:42:01',NULL),
	(463,371,'3000','3000','1','3000',47,1,'2016-06-12 15:42:01',NULL),
	(464,392,'385','385','1','385',47,1,'2016-06-12 15:42:01',NULL),
	(465,441,'780','780','2','1560',47,1,'2016-06-12 15:42:01',NULL),
	(466,450,'446','446','1','446',47,1,'2016-06-12 15:42:01',NULL),
	(467,470,'430','430','1','430',47,1,'2016-06-12 15:42:01',NULL),
	(468,482,'900','900','2','1800',47,1,'2016-06-12 15:42:01',NULL),
	(469,25,'420','420','1','420',48,1,'2016-06-13 15:17:50',NULL),
	(470,56,'600','600','1','600',48,1,'2016-06-13 15:17:50',NULL),
	(471,82,'420','420','1','420',48,1,'2016-06-13 15:17:50',NULL),
	(472,123,'400','400','1','400',48,1,'2016-06-13 15:17:50',NULL),
	(473,183,'300','300','1','300',48,1,'2016-06-13 15:17:50',NULL),
	(474,215,'385','385','1','385',48,1,'2016-06-13 15:17:50',NULL),
	(475,284,'550','550','1','550',48,1,'2016-06-13 15:17:50',NULL),
	(476,290,'260','260','1','260',48,1,'2016-06-13 15:17:50',NULL),
	(477,307,'110','110','1','110',48,1,'2016-06-13 15:17:50',NULL),
	(478,308,'260','260','1','260',48,1,'2016-06-13 15:17:50',NULL),
	(479,321,'110','110','1','110',48,1,'2016-06-13 15:17:50',NULL),
	(480,392,'385','385','1','385',48,1,'2016-06-13 15:17:50',NULL),
	(481,13,'800','800','1','800',49,1,'2016-06-14 15:31:32',NULL),
	(482,25,'420','420','1','420',49,1,'2016-06-14 15:31:32',NULL),
	(483,35,'160','160','1','160',49,1,'2016-06-14 15:31:32',NULL),
	(484,82,'420','420','1','420',49,1,'2016-06-14 15:31:32',NULL),
	(485,94,'410','410','1','410',49,1,'2016-06-14 15:31:32',NULL),
	(486,158,'335','335','1','335',49,1,'2016-06-14 15:31:32',NULL),
	(487,161,'830','830','1','830',49,1,'2016-06-14 15:31:32',NULL),
	(488,168,'380','380','1','380',49,1,'2016-06-14 15:31:32',NULL),
	(489,244,'600','600','2','1200',49,1,'2016-06-14 15:31:32',NULL),
	(490,249,'720','720','1','720',49,1,'2016-06-14 15:31:32',NULL),
	(491,296,'260','260','1','260',49,1,'2016-06-14 15:31:32',NULL),
	(492,301,'260','260','1','260',49,1,'2016-06-14 15:31:32',NULL),
	(493,306,'520','520','2','1040',49,1,'2016-06-14 15:31:32',NULL),
	(494,314,'260','260','1','260',49,1,'2016-06-14 15:31:32',NULL),
	(495,326,'260','260','1','260',49,1,'2016-06-14 15:31:32',NULL),
	(496,327,'260','260','1','260',49,1,'2016-06-14 15:31:32',NULL),
	(497,428,'750','750','1','750',49,1,'2016-06-14 15:31:32',NULL),
	(498,469,'430','430','1','430',49,1,'2016-06-14 15:31:32',NULL),
	(499,12,'1460','1460','1','1460',50,1,'2016-06-15 15:49:05',NULL),
	(500,26,'420','420','1','420',50,1,'2016-06-15 15:49:05',NULL),
	(501,30,'160','160','1','160',50,1,'2016-06-15 15:49:05',NULL),
	(502,35,'160','160','1','160',50,1,'2016-06-15 15:49:05',NULL),
	(503,36,'160','160','1','160',50,1,'2016-06-15 15:49:05',NULL),
	(504,41,'380','380','2','760',50,1,'2016-06-15 15:49:05',NULL),
	(505,44,'820','820','2','1640',50,1,'2016-06-15 15:49:05',NULL),
	(506,82,'420','420','1','420',50,1,'2016-06-15 15:49:05',NULL),
	(507,101,'410','410','1','410',50,1,'2016-06-15 15:49:05',NULL),
	(508,167,'760','760','2','1520',50,1,'2016-06-15 15:49:05',NULL),
	(509,229,'560','560','1','560',50,1,'2016-06-15 15:49:05',NULL),
	(510,230,'700','700','1','700',50,1,'2016-06-15 15:49:05',NULL),
	(511,254,'830','830','1','830',50,1,'2016-06-15 15:49:05',NULL),
	(512,258,'780','780','1','780',50,1,'2016-06-15 15:49:05',NULL),
	(513,261,'380','380','1','380',50,1,'2016-06-15 15:49:05',NULL),
	(514,290,'260','260','1','260',50,1,'2016-06-15 15:49:05',NULL),
	(515,297,'780','780','3','2340',50,1,'2016-06-15 15:49:05',NULL),
	(516,306,'260','260','1','260',50,1,'2016-06-15 15:49:05',NULL),
	(517,310,'260','260','1','260',50,1,'2016-06-15 15:49:05',NULL),
	(518,354,'470','470','1','470',50,1,'2016-06-15 15:49:05',NULL),
	(519,379,'200','200','1','200',50,1,'2016-06-15 15:49:05',NULL),
	(520,380,'500','500','1','500',50,1,'2016-06-15 15:49:05',NULL),
	(521,423,'1620','1620','3','4860',50,1,'2016-06-15 15:49:05',NULL),
	(522,441,'780','780','2','1560',50,1,'2016-06-15 15:49:05',NULL),
	(523,470,'860','860','2','1720',50,1,'2016-06-15 15:49:05',NULL),
	(524,44,'410','410','1','410',51,1,'2016-06-16 16:00:51',NULL),
	(525,58,'600','600','1','600',51,1,'2016-06-16 16:00:51',NULL),
	(526,93,'790','790','1','790',51,1,'2016-06-16 16:00:51',NULL),
	(527,137,'310','310','1','310',51,1,'2016-06-16 16:00:51',NULL),
	(528,150,'450','450','1','450',51,1,'2016-06-16 16:00:51',NULL),
	(529,168,'380','380','1','380',51,1,'2016-06-16 16:00:51',NULL),
	(530,183,'300','300','1','300',51,1,'2016-06-16 16:00:51',NULL),
	(531,230,'700','700','1','700',51,1,'2016-06-16 16:00:51',NULL),
	(532,240,'640','640','1','640',51,1,'2016-06-16 16:00:51',NULL),
	(533,296,'260','260','1','260',51,1,'2016-06-16 16:00:51',NULL),
	(534,306,'260','260','1','260',51,1,'2016-06-16 16:00:51',NULL),
	(535,425,'405','405','1','405',51,1,'2016-06-16 16:00:51',NULL),
	(536,426,'750','750','1','750',51,1,'2016-06-16 16:00:51',NULL),
	(537,460,'700','700','1','700',51,1,'2016-06-16 16:00:51',NULL),
	(538,475,'430','430','1','430',51,1,'2016-06-16 16:00:51',NULL),
	(539,12,'1460','1460','1','1460',52,1,'2016-06-17 15:28:04',NULL),
	(540,13,'800','800','1','800',52,1,'2016-06-17 15:28:04',NULL),
	(541,25,'420','420','1','420',52,1,'2016-06-17 15:28:04',NULL),
	(542,29,'420','420','1','420',52,1,'2016-06-17 15:28:04',NULL),
	(543,30,'160','160','1','160',52,1,'2016-06-17 15:28:04',NULL),
	(544,34,'160','160','1','160',52,1,'2016-06-17 15:28:04',NULL),
	(545,38,'350','350','1','350',52,1,'2016-06-17 15:28:04',NULL),
	(546,44,'820','820','2','1640',52,1,'2016-06-17 15:28:04',NULL),
	(547,56,'600','600','1','600',52,1,'2016-06-17 15:28:04',NULL),
	(548,57,'1200','1200','1','1200',52,1,'2016-06-17 15:28:04',NULL),
	(549,81,'340','340','1','340',52,1,'2016-06-17 15:28:04',NULL),
	(550,100,'800','800','1','800',52,1,'2016-06-17 15:28:04',NULL),
	(551,109,'385','385','1','385',52,1,'2016-06-17 15:28:04',NULL),
	(552,117,'850','850','1','850',52,1,'2016-06-17 15:28:04',NULL),
	(553,136,'470','470','1','470',52,1,'2016-06-17 15:28:04',NULL),
	(554,138,'310','310','1','310',52,1,'2016-06-17 15:28:04',NULL),
	(555,139,'310','310','1','310',52,1,'2016-06-17 15:28:04',NULL),
	(556,156,'550','550','1','550',52,1,'2016-06-17 15:28:04',NULL),
	(557,161,'830','830','1','830',52,1,'2016-06-17 15:28:04',NULL),
	(558,168,'1140','1140','3','3420',52,1,'2016-06-17 15:28:04',NULL),
	(559,179,'650','650','1','650',52,1,'2016-06-17 15:28:04',NULL),
	(560,189,'540','540','2','1080',52,1,'2016-06-17 15:28:04',NULL),
	(561,191,'270','270','1','270',52,1,'2016-06-17 15:28:04',NULL),
	(562,192,'560','560','1','560',52,1,'2016-06-17 15:28:04',NULL),
	(563,215,'385','385','1','385',52,1,'2016-06-17 15:28:04',NULL),
	(564,254,'830','830','1','830',52,1,'2016-06-17 15:28:04',NULL),
	(565,327,'260','260','1','260',52,1,'2016-06-17 15:28:04',NULL),
	(566,342,'390','390','1','390',52,1,'2016-06-17 15:28:04',NULL),
	(567,346,'390','390','1','390',52,1,'2016-06-17 15:28:04',NULL),
	(568,353,'450','450','1','450',52,1,'2016-06-17 15:28:04',NULL),
	(569,441,'780','780','2','1560',52,1,'2016-06-17 15:28:04',NULL),
	(570,449,'892','892','2','1784',52,1,'2016-06-17 15:28:04',NULL),
	(571,450,'446','446','1','446',52,1,'2016-06-17 15:28:04',NULL),
	(572,469,'860','860','2','1720',52,1,'2016-06-17 15:28:04',NULL),
	(573,11,'250','250','1','250',53,1,'2016-06-18 15:35:49',NULL),
	(574,25,'420','420','1','420',53,1,'2016-06-18 15:35:49',NULL),
	(575,26,'420','420','1','420',53,1,'2016-06-18 15:35:49',NULL),
	(576,94,'410','410','1','410',53,1,'2016-06-18 15:35:49',NULL),
	(577,109,'385','385','1','385',53,1,'2016-06-18 15:35:49',NULL),
	(578,161,'830','830','1','830',53,1,'2016-06-18 15:35:49',NULL),
	(579,162,'385','385','1','385',53,1,'2016-06-18 15:35:49',NULL),
	(580,215,'385','385','1','385',53,1,'2016-06-18 15:35:49',NULL),
	(581,241,'850','850','1','850',53,1,'2016-06-18 15:35:49',NULL),
	(582,296,'520','520','2','1040',53,1,'2016-06-18 15:35:49',NULL),
	(583,297,'260','260','1','260',53,1,'2016-06-18 15:35:49',NULL),
	(584,366,'3000','3000','1','3000',53,1,'2016-06-18 15:35:49',NULL),
	(585,420,'470','470','1','470',53,1,'2016-06-18 15:35:49',NULL),
	(586,423,'540','540','1','540',53,1,'2016-06-18 15:35:49',NULL),
	(587,441,'390','390','1','390',53,1,'2016-06-18 15:35:49',NULL),
	(588,465,'430','430','1','430',53,1,'2016-06-18 15:35:49',NULL),
	(589,469,'430','430','1','430',53,1,'2016-06-18 15:35:49',NULL),
	(590,470,'430','430','1','430',53,1,'2016-06-18 15:35:49',NULL),
	(591,22,'420','420','1','420',54,1,'2016-06-19 15:44:37',NULL),
	(592,29,'420','420','1','420',54,1,'2016-06-19 15:44:37',NULL),
	(593,97,'410','410','1','410',54,1,'2016-06-19 15:44:37',NULL),
	(594,167,'380','380','1','380',54,1,'2016-06-19 15:44:37',NULL),
	(595,246,'640','640','1','640',54,1,'2016-06-19 15:44:37',NULL),
	(596,249,'720','720','1','720',54,1,'2016-06-19 15:44:37',NULL),
	(597,259,'510','510','1','510',54,1,'2016-06-19 15:44:37',NULL),
	(598,264,'840','840','3','2520',54,1,'2016-06-19 15:44:37',NULL),
	(599,294,'110','110','1','110',54,1,'2016-06-19 15:44:37',NULL),
	(600,296,'260','260','1','260',54,1,'2016-06-19 15:44:37',NULL),
	(601,307,'110','110','1','110',54,1,'2016-06-19 15:44:37',NULL),
	(602,308,'260','260','1','260',54,1,'2016-06-19 15:44:37',NULL),
	(603,320,'520','520','2','1040',54,1,'2016-06-19 15:44:37',NULL),
	(604,430,'700','700','1','700',54,1,'2016-06-19 15:44:37',NULL),
	(605,451,'446','446','1','446',54,1,'2016-06-19 15:44:37',NULL),
	(606,465,'430','430','1','430',54,1,'2016-06-19 15:44:37',NULL),
	(607,482,'450','450','1','450',54,1,'2016-06-19 15:44:37',NULL),
	(608,33,'180','180','1','180',55,1,'2016-06-20 15:54:19',NULL),
	(609,82,'420','420','1','420',55,1,'2016-06-20 15:54:19',NULL),
	(610,100,'800','800','1','800',55,1,'2016-06-20 15:54:19',NULL),
	(611,119,'380','380','1','380',55,1,'2016-06-20 15:54:19',NULL),
	(612,247,'640','640','1','640',55,1,'2016-06-20 15:54:19',NULL),
	(613,23,'440','440','1','440',56,1,'2016-06-21 15:35:17',NULL),
	(614,32,'420','420','1','420',56,1,'2016-06-21 15:35:17',NULL),
	(615,34,'160','160','1','160',56,1,'2016-06-21 15:35:17',NULL),
	(616,107,'385','385','1','385',56,1,'2016-06-21 15:35:17',NULL),
	(617,215,'385','385','1','385',56,1,'2016-06-21 15:35:17',NULL),
	(618,307,'110','110','1','110',56,1,'2016-06-21 15:35:17',NULL),
	(619,321,'110','110','1','110',56,1,'2016-06-21 15:35:17',NULL),
	(620,342,'350','350','1','350',56,1,'2016-06-21 15:35:17',NULL),
	(621,350,'350','350','1','350',56,1,'2016-06-21 15:35:17',NULL),
	(622,472,'450','450','1','450',56,1,'2016-06-21 15:35:17',NULL),
	(623,478,'450','450','1','450',56,1,'2016-06-21 15:35:17',NULL),
	(624,14,'470','470','1','470',57,1,'2016-06-22 15:45:29',NULL),
	(625,22,'440','440','1','440',57,1,'2016-06-22 15:45:29',NULL),
	(626,81,'340','340','1','340',57,1,'2016-06-22 15:45:29',NULL),
	(627,91,'500','500','1','500',57,1,'2016-06-22 15:45:29',NULL),
	(628,137,'310','310','1','310',57,1,'2016-06-22 15:45:29',NULL),
	(629,192,'560','560','1','560',57,1,'2016-06-22 15:45:29',NULL),
	(630,320,'280','280','1','280',57,1,'2016-06-22 15:45:29',NULL),
	(631,405,'210','210','1','210',57,1,'2016-06-22 15:45:29',NULL),
	(632,457,'210','210','1','210',57,1,'2016-06-22 15:45:29',NULL),
	(633,467,'450','450','1','450',57,1,'2016-06-22 15:45:29',NULL),
	(634,22,'440','440','1','440',58,1,'2016-06-23 15:35:33',NULL),
	(635,26,'440','440','1','440',58,1,'2016-06-23 15:35:33',NULL),
	(636,97,'430','430','1','430',58,1,'2016-06-23 15:35:33',NULL),
	(637,101,'450','450','1','450',58,1,'2016-06-23 15:35:33',NULL),
	(638,156,'550','550','1','550',58,1,'2016-06-23 15:35:33',NULL),
	(639,159,'385','385','1','385',58,1,'2016-06-23 15:35:33',NULL),
	(640,167,'400','400','1','400',58,1,'2016-06-23 15:35:33',NULL),
	(641,175,'500','500','1','500',58,1,'2016-06-23 15:35:33',NULL),
	(642,257,'830','830','1','830',58,1,'2016-06-23 15:35:33',NULL),
	(643,297,'280','280','1','280',58,1,'2016-06-23 15:35:33',NULL),
	(644,306,'280','280','1','280',58,1,'2016-06-23 15:35:33',NULL),
	(645,388,'470','470','1','470',58,1,'2016-06-23 15:35:33',NULL),
	(646,425,'405','405','1','405',58,1,'2016-06-23 15:35:33',NULL),
	(647,441,'390','390','1','390',58,1,'2016-06-23 15:35:33',NULL),
	(648,449,'446','446','1','446',58,1,'2016-06-23 15:35:33',NULL),
	(649,450,'446','446','1','446',58,1,'2016-06-23 15:35:33',NULL),
	(650,451,'892','892','2','1784',58,1,'2016-06-23 15:35:33',NULL),
	(651,460,'700','700','1','700',58,1,'2016-06-23 15:35:33',NULL),
	(652,26,'440','440','1','440',59,1,'2016-06-24 17:02:50',NULL),
	(653,33,'180','180','1','180',59,1,'2016-06-24 17:02:50',NULL),
	(654,59,'1200','1200','1','1200',59,1,'2016-06-24 17:02:50',NULL),
	(655,101,'2250','2250','5','11250',59,1,'2016-06-24 17:02:50',NULL),
	(656,106,'380','380','1','380',59,1,'2016-06-24 17:02:50',NULL),
	(657,117,'850','850','1','850',59,1,'2016-06-24 17:02:50',NULL),
	(658,136,'470','470','1','470',59,1,'2016-06-24 17:02:50',NULL),
	(659,168,'400','400','1','400',59,1,'2016-06-24 17:02:50',NULL),
	(660,181,'1300','1300','2','2600',59,1,'2016-06-24 17:02:50',NULL),
	(661,189,'270','270','1','270',59,1,'2016-06-24 17:02:50',NULL),
	(662,229,'560','560','1','560',59,1,'2016-06-24 17:02:50',NULL),
	(663,244,'300','300','1','300',59,1,'2016-06-24 17:02:50',NULL),
	(664,248,'640','640','1','640',59,1,'2016-06-24 17:02:50',NULL),
	(665,249,'720','720','1','720',59,1,'2016-06-24 17:02:50',NULL),
	(666,290,'560','560','2','1120',59,1,'2016-06-24 17:02:50',NULL),
	(667,296,'1120','1120','4','4480',59,1,'2016-06-24 17:02:50',NULL),
	(668,297,'840','840','3','2520',59,1,'2016-06-24 17:02:50',NULL),
	(669,327,'280','280','1','280',59,1,'2016-06-24 17:02:50',NULL),
	(670,371,'3000','3000','1','3000',59,1,'2016-06-24 17:02:50',NULL),
	(671,421,'540','540','1','540',59,1,'2016-06-24 17:02:50',NULL),
	(672,426,'1500','1500','2','3000',59,1,'2016-06-24 17:02:50',NULL),
	(673,441,'390','390','1','390',59,1,'2016-06-24 17:02:50',NULL),
	(674,443,'420','420','1','420',59,1,'2016-06-24 17:02:50',NULL),
	(675,449,'446','446','1','446',59,1,'2016-06-24 17:02:50',NULL),
	(676,467,'450','450','1','450',59,1,'2016-06-24 17:02:50',NULL),
	(677,470,'1800','1800','4','7200',59,1,'2016-06-24 17:02:50',NULL),
	(678,22,'440','440','1','440',60,1,'2016-06-25 16:15:30',NULL),
	(679,33,'180','180','1','180',60,1,'2016-06-25 16:15:30',NULL),
	(680,38,'350','350','1','350',60,1,'2016-06-25 16:15:30',NULL),
	(681,47,'530','530','1','530',60,1,'2016-06-25 16:15:30',NULL),
	(682,56,'600','600','1','600',60,1,'2016-06-25 16:15:30',NULL),
	(683,101,'450','450','1','450',60,1,'2016-06-25 16:15:30',NULL),
	(684,106,'380','380','1','380',60,1,'2016-06-25 16:15:30',NULL),
	(685,117,'850','850','1','850',60,1,'2016-06-25 16:15:30',NULL),
	(686,162,'385','385','1','385',60,1,'2016-06-25 16:15:30',NULL),
	(687,167,'400','400','1','400',60,1,'2016-06-25 16:15:30',NULL),
	(688,175,'500','500','1','500',60,1,'2016-06-25 16:15:30',NULL),
	(689,187,'270','270','1','270',60,1,'2016-06-25 16:15:30',NULL),
	(690,188,'550','550','1','550',60,1,'2016-06-25 16:15:30',NULL),
	(691,284,'550','550','1','550',60,1,'2016-06-25 16:15:30',NULL),
	(692,294,'110','110','1','110',60,1,'2016-06-25 16:15:30',NULL),
	(693,321,'110','110','1','110',60,1,'2016-06-25 16:15:30',NULL),
	(694,101,'450','450','1','450',61,1,'2016-06-26 16:23:08',NULL),
	(695,106,'760','760','2','1520',61,1,'2016-06-26 16:23:08',NULL),
	(696,117,'850','850','1','850',61,1,'2016-06-26 16:23:08',NULL),
	(697,162,'385','385','1','385',61,1,'2016-06-26 16:23:08',NULL),
	(698,192,'560','560','1','560',61,1,'2016-06-26 16:23:08',NULL),
	(699,264,'280','280','1','280',61,1,'2016-06-26 16:23:08',NULL),
	(700,286,'1800','1800','1','1800',61,1,'2016-06-26 16:23:08',NULL),
	(701,306,'280','280','1','280',61,1,'2016-06-26 16:23:08',NULL),
	(702,329,'280','280','1','280',61,1,'2016-06-26 16:23:08',NULL),
	(703,332,'200','200','2','400',61,1,'2016-06-26 16:23:08',NULL),
	(704,348,'350','350','1','350',61,1,'2016-06-26 16:23:08',NULL),
	(705,351,'395','395','1','395',61,1,'2016-06-26 16:23:08',NULL),
	(706,353,'395','395','1','395',61,1,'2016-06-26 16:23:08',NULL),
	(707,440,'900','900','1','900',61,1,'2016-06-26 16:23:08',NULL),
	(708,22,'440','440','1','440',62,1,'2016-06-27 15:52:06',NULL),
	(709,23,'440','440','1','440',62,1,'2016-06-27 15:52:06',NULL),
	(710,26,'440','440','1','440',62,1,'2016-06-27 15:52:06',NULL),
	(711,96,'430','430','1','430',62,1,'2016-06-27 15:52:06',NULL),
	(712,101,'2250','2250','5','11250',62,1,'2016-06-27 15:52:06',NULL),
	(713,103,'800','800','1','800',62,1,'2016-06-27 15:52:06',NULL),
	(714,106,'1520','1520','4','6080',62,1,'2016-06-27 15:52:06',NULL),
	(715,107,'385','385','1','385',62,1,'2016-06-27 15:52:06',NULL),
	(716,159,'1155','1155','3','3465',62,1,'2016-06-27 15:52:06',NULL),
	(717,256,'780','780','1','780',62,1,'2016-06-27 15:52:06',NULL),
	(718,297,'280','280','1','280',62,1,'2016-06-27 15:52:06',NULL),
	(719,322,'280','280','1','280',62,1,'2016-06-27 15:52:06',NULL),
	(720,329,'280','280','1','280',62,1,'2016-06-27 15:52:06',NULL),
	(721,332,'100','100','1','100',62,1,'2016-06-27 15:52:06',NULL),
	(722,346,'350','350','1','350',62,1,'2016-06-27 15:52:06',NULL),
	(723,347,'395','395','1','395',62,1,'2016-06-27 15:52:06',NULL),
	(724,348,'350','350','1','350',62,1,'2016-06-27 15:52:06',NULL),
	(725,374,'80','80','1','80',62,1,'2016-06-27 15:52:06',NULL),
	(726,399,'300','300','1','300',62,1,'2016-06-27 15:52:06',NULL),
	(727,449,'446','446','1','446',62,1,'2016-06-27 15:52:06',NULL),
	(728,465,'450','450','1','450',62,1,'2016-06-27 15:52:06',NULL),
	(729,467,'1350','1350','3','4050',62,1,'2016-06-27 15:52:06',NULL),
	(730,473,'450','450','1','450',62,1,'2016-06-27 15:52:06',NULL),
	(731,96,'430','430','1','430',63,1,'2016-06-28 15:34:24',NULL),
	(732,101,'1350','1350','3','4050',63,1,'2016-06-28 15:34:24',NULL),
	(733,106,'380','380','1','380',63,1,'2016-06-28 15:34:24',NULL),
	(734,111,'770','770','2','1540',63,1,'2016-06-28 15:34:24',NULL),
	(735,116,'850','850','1','850',63,1,'2016-06-28 15:34:24',NULL),
	(736,229,'560','560','1','560',63,1,'2016-06-28 15:34:24',NULL),
	(737,261,'420','420','1','420',63,1,'2016-06-28 15:34:24',NULL),
	(738,374,'80','80','1','80',63,1,'2016-06-28 15:34:24',NULL),
	(739,34,'160','160','1','160',64,1,'2016-06-29 15:57:43',NULL),
	(740,91,'500','500','1','500',64,1,'2016-06-29 15:57:43',NULL),
	(741,101,'1350','1350','3','4050',64,1,'2016-06-29 15:57:43',NULL),
	(742,106,'760','760','2','1520',64,1,'2016-06-29 15:57:43',NULL),
	(743,131,'385','385','1','385',64,1,'2016-06-29 15:57:43',NULL),
	(744,243,'300','300','1','300',64,1,'2016-06-29 15:57:43',NULL),
	(745,332,'100','100','1','100',64,1,'2016-06-29 15:57:43',NULL),
	(746,437,'870','870','1','870',64,1,'2016-06-29 15:57:43',NULL),
	(747,480,'580','580','1','580',64,1,'2016-06-29 15:57:43',NULL),
	(748,481,'580','580','1','580',64,1,'2016-06-29 15:57:43',NULL),
	(749,94,'430','430','1','430',65,1,'2016-06-30 16:21:38',NULL),
	(750,96,'430','430','1','430',65,1,'2016-06-30 16:21:38',NULL),
	(751,97,'430','430','1','430',65,1,'2016-06-30 16:21:38',NULL),
	(752,111,'385','385','1','385',65,1,'2016-06-30 16:21:38',NULL),
	(753,159,'770','770','2','1540',65,1,'2016-06-30 16:21:38',NULL),
	(754,192,'560','560','1','560',65,1,'2016-06-30 16:21:38',NULL),
	(755,463,'210','210','1','210',65,1,'2016-06-30 16:21:38',NULL),
	(756,11,'250','250','1','250',66,1,'2016-07-01 15:37:56',NULL),
	(757,34,'160','160','1','160',66,1,'2016-07-01 15:37:56',NULL),
	(758,36,'320','320','2','640',66,1,'2016-07-01 15:37:56',NULL),
	(759,38,'350','350','1','350',66,1,'2016-07-01 15:37:56',NULL),
	(760,159,'385','385','1','385',66,1,'2016-07-01 15:37:56',NULL),
	(761,161,'830','830','1','830',66,1,'2016-07-01 15:37:56',NULL),
	(762,173,'500','500','1','500',66,1,'2016-07-01 15:37:56',NULL),
	(763,229,'560','560','1','560',66,1,'2016-07-01 15:37:56',NULL),
	(764,257,'780','780','1','780',66,1,'2016-07-01 15:37:56',NULL),
	(765,344,'700','700','2','1400',66,1,'2016-07-01 15:37:56',NULL),
	(766,346,'350','350','1','350',66,1,'2016-07-01 15:37:56',NULL),
	(767,349,'395','395','1','395',66,1,'2016-07-01 15:37:56',NULL),
	(768,352,'790','790','2','1580',66,1,'2016-07-01 15:37:56',NULL),
	(769,353,'790','790','2','1580',66,1,'2016-07-01 15:37:56',NULL),
	(770,427,'1160','1160','2','2320',66,1,'2016-07-01 15:37:56',NULL),
	(771,431,'700','700','1','700',66,1,'2016-07-01 15:37:56',NULL),
	(772,452,'446','446','1','446',66,1,'2016-07-01 15:37:56',NULL),
	(773,480,'580','580','1','580',66,1,'2016-07-01 15:37:56',NULL),
	(774,22,'440','440','1','440',67,1,'2016-07-02 15:50:55',NULL),
	(775,23,'440','440','1','440',67,1,'2016-07-02 15:50:55',NULL),
	(776,38,'350','350','1','350',67,1,'2016-07-02 15:50:55',NULL),
	(777,59,'1200','1200','1','1200',67,1,'2016-07-02 15:50:55',NULL),
	(778,60,'420','420','1','420',67,1,'2016-07-02 15:50:55',NULL),
	(779,101,'1800','1800','4','7200',67,1,'2016-07-02 15:50:55',NULL),
	(780,162,'385','385','1','385',67,1,'2016-07-02 15:50:55',NULL),
	(781,294,'110','110','1','110',67,1,'2016-07-02 15:50:55',NULL),
	(782,307,'110','110','1','110',67,1,'2016-07-02 15:50:55',NULL),
	(783,430,'700','700','1','700',67,1,'2016-07-02 15:50:55',NULL),
	(784,450,'446','446','1','446',67,1,'2016-07-02 15:50:55',NULL),
	(785,473,'450','450','1','450',67,1,'2016-07-02 15:50:55',NULL),
	(786,475,'900','900','2','1800',67,1,'2016-07-02 15:50:55',NULL),
	(787,32,'420','420','1','420',68,1,'2016-07-03 16:05:21',NULL),
	(788,103,'800','800','1','800',68,1,'2016-07-03 16:05:21',NULL),
	(789,108,'380','380','1','380',68,1,'2016-07-03 16:05:21',NULL),
	(790,159,'385','385','1','385',68,1,'2016-07-03 16:05:21',NULL),
	(791,215,'385','385','1','385',68,1,'2016-07-03 16:05:21',NULL),
	(792,259,'570','570','1','570',68,1,'2016-07-03 16:05:21',NULL),
	(793,296,'280','280','1','280',68,1,'2016-07-03 16:05:21',NULL),
	(794,348,'350','350','1','350',68,1,'2016-07-03 16:05:21',NULL),
	(795,349,'395','395','1','395',68,1,'2016-07-03 16:05:21',NULL),
	(796,353,'790','790','2','1580',68,1,'2016-07-03 16:05:21',NULL),
	(797,379,'200','200','1','200',68,1,'2016-07-03 16:05:21',NULL),
	(798,437,'600','600','1','600',68,1,'2016-07-03 16:05:21',NULL),
	(799,465,'450','450','1','450',68,1,'2016-07-03 16:05:21',NULL),
	(800,468,'850','850','1','850',68,1,'2016-07-03 16:05:21',NULL),
	(801,22,'440','440','1','440',69,1,'2016-07-04 15:50:51',NULL),
	(802,106,'380','380','1','380',69,1,'2016-07-04 15:50:51',NULL),
	(803,159,'385','385','1','385',69,1,'2016-07-04 15:50:51',NULL),
	(804,162,'385','385','1','385',69,1,'2016-07-04 15:50:51',NULL),
	(805,229,'560','560','1','560',69,1,'2016-07-04 15:50:51',NULL),
	(806,249,'720','720','1','720',69,1,'2016-07-04 15:50:51',NULL),
	(807,260,'420','420','1','420',69,1,'2016-07-04 15:50:51',NULL),
	(808,296,'280','280','1','280',69,1,'2016-07-04 15:50:51',NULL),
	(809,309,'260','260','1','260',69,1,'2016-07-04 15:50:51',NULL),
	(810,348,'350','350','1','350',69,1,'2016-07-04 15:50:51',NULL),
	(811,422,'540','540','1','540',69,1,'2016-07-04 15:50:51',NULL),
	(812,437,'600','600','1','600',69,1,'2016-07-04 15:50:51',NULL),
	(813,449,'446','446','1','446',69,1,'2016-07-04 15:50:51',NULL),
	(814,465,'450','450','1','450',69,1,'2016-07-04 15:50:51',NULL),
	(815,1,'350','350','1','350',70,1,'2016-07-05 16:14:15',NULL),
	(816,22,'440','440','1','440',70,1,'2016-07-05 16:14:15',NULL),
	(817,41,'190','190','1','190',70,1,'2016-07-05 16:14:15',NULL),
	(818,82,'420','420','1','420',70,1,'2016-07-05 16:14:15',NULL),
	(819,103,'800','800','1','800',70,1,'2016-07-05 16:14:15',NULL),
	(820,131,'385','385','1','385',70,1,'2016-07-05 16:14:15',NULL),
	(821,134,'310','310','1','310',70,1,'2016-07-05 16:14:15',NULL),
	(822,136,'470','470','1','470',70,1,'2016-07-05 16:14:15',NULL),
	(823,167,'400','400','1','400',70,1,'2016-07-05 16:14:15',NULL),
	(824,230,'700','700','1','700',70,1,'2016-07-05 16:14:15',NULL),
	(825,297,'560','560','2','1120',70,1,'2016-07-05 16:14:15',NULL),
	(826,308,'280','280','1','280',70,1,'2016-07-05 16:14:15',NULL),
	(827,329,'280','280','1','280',70,1,'2016-07-05 16:14:15',NULL),
	(828,330,'280','280','1','280',70,1,'2016-07-05 16:14:15',NULL),
	(829,349,'395','395','1','395',70,1,'2016-07-05 16:14:15',NULL),
	(830,441,'840','840','2','1680',70,1,'2016-07-05 16:14:15',NULL),
	(831,442,'210','210','1','210',70,1,'2016-07-05 16:14:15',NULL),
	(832,465,'450','450','1','450',70,1,'2016-07-05 16:14:15',NULL),
	(833,472,'450','450','1','450',70,1,'2016-07-05 16:14:15',NULL),
	(834,480,'580','580','1','580',70,1,'2016-07-05 16:14:15',NULL),
	(835,482,'450','450','1','450',70,1,'2016-07-05 16:14:15',NULL),
	(836,487,'250','250','1','250',70,1,'2016-07-05 16:14:15',NULL),
	(837,1,'350','350','1','350',71,1,'2016-07-06 16:14:22',NULL),
	(838,38,'350','350','1','350',71,1,'2016-07-06 16:14:22',NULL),
	(839,120,'350','350','1','350',71,1,'2016-07-06 16:14:22',NULL),
	(840,121,'680','680','1','680',71,1,'2016-07-06 16:14:22',NULL),
	(841,360,'1400','1400','1','1400',71,1,'2016-07-06 16:14:22',NULL),
	(842,452,'446','446','1','446',71,1,'2016-07-06 16:14:22',NULL),
	(843,479,'450','450','1','450',71,1,'2016-07-06 16:14:22',NULL),
	(844,296,'280','280','1','280',72,1,'2016-07-07 15:54:45',NULL),
	(845,137,'310','310','1','310',73,1,'2016-07-08 06:54:43',NULL),
	(846,248,'-640','-640','-1','640',73,1,'2016-07-08 06:54:43',NULL),
	(847,2,'400','400','1','400',74,1,'2016-07-08 16:00:53',NULL),
	(848,4,'400','400','1','400',74,1,'2016-07-08 16:00:53',NULL),
	(849,26,'440','440','1','440',74,1,'2016-07-08 16:00:53',NULL),
	(850,34,'160','148','1','160',8,74,'2016-07-08 16:00:53',NULL),
	(851,36,'160','148','1','160',8,74,'2016-07-08 16:00:53',NULL),
	(852,46,'1060','985','2','2120',8,74,'2016-07-08 16:00:53',NULL),
	(853,49,'650','650','1','650',74,1,'2016-07-08 16:00:53',NULL),
	(854,50,'650','650','1','650',74,1,'2016-07-08 16:00:53',NULL),
	(855,81,'340','340','1','340',74,1,'2016-07-08 16:00:53',NULL),
	(856,94,'430','399','1','430',9,74,'2016-07-08 16:00:53',NULL),
	(857,96,'430','399','1','430',9,74,'2016-07-08 16:00:53',NULL),
	(858,106,'1520','1493','4','6080',4,74,'2016-07-08 16:00:53',NULL),
	(859,108,'380','380','1','380',74,1,'2016-07-08 16:00:53',NULL),
	(860,120,'350','350','1','350',74,1,'2016-07-08 16:00:53',NULL),
	(861,123,'400','400','1','400',74,1,'2016-07-08 16:00:53',NULL),
	(862,142,'210','210','1','210',74,1,'2016-07-08 16:00:53',NULL),
	(863,159,'385','385','1','385',74,1,'2016-07-08 16:00:53',NULL),
	(864,162,'385','385','1','385',74,1,'2016-07-08 16:00:53',NULL),
	(865,176,'550','550','1','550',74,1,'2016-07-08 16:00:53',NULL),
	(866,183,'350','350','1','350',74,1,'2016-07-08 16:00:53',NULL),
	(867,205,'1300','1300','1','1300',74,1,'2016-07-08 16:00:53',NULL),
	(868,259,'1140','1100','2','2280',1,74,'2016-07-08 16:00:53',NULL),
	(869,260,'420','420','1','420',74,1,'2016-07-08 16:00:53',NULL),
	(870,289,'200','200','1','200',74,1,'2016-07-08 16:00:53',NULL),
	(871,290,'280','280','1','280',74,1,'2016-07-08 16:00:53',NULL),
	(872,294,'110','110','1','110',74,1,'2016-07-08 16:00:53',NULL),
	(873,296,'560','540','2','1120',4,74,'2016-07-08 16:00:53',NULL),
	(874,308,'280','280','1','280',74,1,'2016-07-08 16:00:53',NULL),
	(875,312,'260','241','1','260',8,74,'2016-07-08 16:00:53',NULL),
	(876,332,'100','100','1','100',74,1,'2016-07-08 16:00:53',NULL),
	(877,415,'1350','1255','1','1350',5,74,'2016-07-08 16:00:53',NULL),
	(878,420,'470','470','1','470',74,1,'2016-07-08 16:00:53',NULL),
	(879,429,'480','480','1','480',74,1,'2016-07-08 16:00:53',NULL),
	(880,441,'840','840','2','1680',74,1,'2016-07-08 16:00:53',NULL),
	(881,445,'420','420','1','420',74,1,'2016-07-08 16:00:53',NULL),
	(882,465,'450','450','1','450',74,1,'2016-07-08 16:00:53',NULL),
	(883,195,'1200','1140','1','1200',75,1,'2016-07-08 16:22:07',NULL),
	(884,205,'1300','1235','1','1300',75,1,'2016-07-08 16:22:07',NULL),
	(885,211,'1200','1140','1','1200',75,1,'2016-07-08 16:22:07',NULL),
	(886,8,'350','350','1','350',76,1,'2016-07-09 15:58:00',NULL),
	(887,22,'440','440','1','440',76,1,'2016-07-09 15:58:00',NULL),
	(888,62,'4200','3906','3','12600',76,1,'2016-07-09 15:58:00',NULL),
	(889,65,'2800','2604','2','5600',76,1,'2016-07-09 15:58:00',NULL),
	(890,96,'430','430','1','430',76,1,'2016-07-09 15:58:00',NULL),
	(891,120,'350','350','1','350',76,1,'2016-07-09 15:58:00',NULL),
	(892,159,'385','385','1','385',76,1,'2016-07-09 15:58:00',NULL),
	(893,183,'350','350','1','350',76,1,'2016-07-09 15:58:00',NULL),
	(894,230,'1400','1400','2','2800',76,1,'2016-07-09 15:58:00',NULL),
	(895,263,'840','840','2','1680',76,1,'2016-07-09 15:58:00',NULL),
	(896,346,'350','350','1','350',76,1,'2016-07-09 15:58:00',NULL),
	(897,349,'395','395','1','395',76,1,'2016-07-09 15:58:00',NULL),
	(898,350,'700','700','2','1400',76,1,'2016-07-09 15:58:00',NULL),
	(899,352,'790','790','2','1580',76,1,'2016-07-09 15:58:00',NULL),
	(900,381,'1500','1500','1','1500',76,1,'2016-07-09 15:58:00',NULL),
	(901,3,'350','350','1','350',77,1,'2016-07-10 16:00:57',NULL),
	(902,8,'350','350','1','350',77,1,'2016-07-10 16:00:57',NULL),
	(903,13,'800','800','1','800',77,1,'2016-07-10 16:00:57',NULL),
	(904,34,'320','320','2','640',77,1,'2016-07-10 16:00:57',NULL),
	(905,41,'760','760','4','3040',77,1,'2016-07-10 16:00:57',NULL),
	(906,52,'650','650','1','650',77,1,'2016-07-10 16:00:57',NULL),
	(907,65,'1400','1302','1','1400',77,1,'2016-07-10 16:00:57',NULL),
	(908,67,'4200','3906','3','12600',77,1,'2016-07-10 16:00:57',NULL),
	(909,94,'860','860','2','1720',77,1,'2016-07-10 16:00:57',NULL),
	(910,96,'430','430','1','430',77,1,'2016-07-10 16:00:57',NULL),
	(911,98,'260','260','1','260',77,1,'2016-07-10 16:00:57',NULL),
	(912,116,'850','850','1','850',77,1,'2016-07-10 16:00:57',NULL),
	(913,120,'350','350','1','350',77,1,'2016-07-10 16:00:57',NULL),
	(914,159,'385','385','1','385',77,1,'2016-07-10 16:00:57',NULL),
	(915,183,'350','350','1','350',77,1,'2016-07-10 16:00:57',NULL),
	(916,247,'640','640','1','640',77,1,'2016-07-10 16:00:57',NULL),
	(917,260,'840','840','2','1680',77,1,'2016-07-10 16:00:57',NULL),
	(918,263,'420','420','1','420',77,1,'2016-07-10 16:00:57',NULL),
	(919,296,'560','560','2','1120',77,1,'2016-07-10 16:00:57',NULL),
	(920,392,'385','385','1','385',77,1,'2016-07-10 16:00:57',NULL),
	(921,402,'390','390','1','390',77,1,'2016-07-10 16:00:57',NULL),
	(922,473,'450','450','1','450',77,1,'2016-07-10 16:00:57',NULL),
	(923,5,'400','400','1','400',78,1,'2016-07-11 15:54:21',NULL),
	(924,23,'440','440','1','440',78,1,'2016-07-11 15:54:21',NULL),
	(925,29,'440','440','1','440',78,1,'2016-07-11 15:54:21',NULL),
	(926,34,'320','320','2','640',78,1,'2016-07-11 15:54:21',NULL),
	(927,36,'160','160','1','160',78,1,'2016-07-11 15:54:21',NULL),
	(928,41,'190','190','1','190',78,1,'2016-07-11 15:54:21',NULL),
	(929,45,'530','530','1','530',78,1,'2016-07-11 15:54:21',NULL),
	(930,56,'600','600','1','600',78,1,'2016-07-11 15:54:21',NULL),
	(931,106,'760','760','2','1520',78,1,'2016-07-11 15:54:21',NULL),
	(932,108,'380','380','1','380',78,1,'2016-07-11 15:54:21',NULL),
	(933,159,'770','770','2','1540',78,1,'2016-07-11 15:54:21',NULL),
	(934,160,'550','550','1','550',78,1,'2016-07-11 15:54:21',NULL),
	(935,184,'300','300','1','300',78,1,'2016-07-11 15:54:21',NULL),
	(936,223,'1100','1100','1','1100',78,1,'2016-07-11 15:54:21',NULL),
	(937,289,'200','200','1','200',78,1,'2016-07-11 15:54:21',NULL),
	(938,290,'280','280','1','280',78,1,'2016-07-11 15:54:21',NULL),
	(939,296,'280','280','1','280',78,1,'2016-07-11 15:54:21',NULL),
	(940,322,'280','280','1','280',78,1,'2016-07-11 15:54:21',NULL),
	(941,352,'395','395','1','395',78,1,'2016-07-11 15:54:21',NULL),
	(942,374,'80','80','1','80',78,1,'2016-07-11 15:54:21',NULL),
	(943,441,'420','420','1','420',78,1,'2016-07-11 15:54:21',NULL),
	(944,453,'240','240','1','240',78,1,'2016-07-11 15:54:21',NULL),
	(945,467,'450','450','1','450',78,1,'2016-07-11 15:54:21',NULL),
	(946,475,'450','450','1','450',78,1,'2016-07-11 15:54:21',NULL),
	(947,34,'160','160','1','160',79,1,'2016-07-12 15:55:11',NULL),
	(948,47,'530','530','1','530',79,1,'2016-07-12 15:55:11',NULL),
	(949,75,'200','200','1','200',79,1,'2016-07-12 15:55:11',NULL),
	(950,94,'860','860','2','1720',79,1,'2016-07-12 15:55:11',NULL),
	(951,101,'450','450','1','450',79,1,'2016-07-12 15:55:11',NULL),
	(952,103,'800','800','1','800',79,1,'2016-07-12 15:55:11',NULL),
	(953,118,'420','420','1','420',79,1,'2016-07-12 15:55:11',NULL),
	(954,159,'385','385','1','385',79,1,'2016-07-12 15:55:11',NULL),
	(955,289,'400','400','2','800',79,1,'2016-07-12 15:55:11',NULL),
	(956,308,'280','280','1','280',79,1,'2016-07-12 15:55:11',NULL),
	(957,341,'350','350','1','350',79,1,'2016-07-12 15:55:11',NULL),
	(958,348,'350','350','1','350',79,1,'2016-07-12 15:55:11',NULL),
	(959,356,'210','210','1','210',79,1,'2016-07-12 15:55:11',NULL),
	(960,415,'1350','1350','1','1350',79,1,'2016-07-12 15:55:11',NULL),
	(961,441,'420','420','1','420',79,1,'2016-07-12 15:55:11',NULL),
	(962,446,'420','420','1','420',79,1,'2016-07-12 15:55:11',NULL),
	(963,453,'240','240','1','240',79,1,'2016-07-12 15:55:11',NULL),
	(964,120,'350','350','1','350',80,1,'2016-07-13 15:59:55',NULL),
	(965,183,'350','350','1','350',80,1,'2016-07-13 15:59:55',NULL),
	(966,202,'1300','1300','1','1300',80,1,'2016-07-13 15:59:55',NULL),
	(967,230,'700','700','1','700',80,1,'2016-07-13 15:59:55',NULL),
	(968,349,'395','395','1','395',80,1,'2016-07-13 15:59:55',NULL),
	(969,427,'580','580','1','580',80,1,'2016-07-13 15:59:55',NULL),
	(970,34,'160','160','1','160',81,1,'2016-07-14 15:57:19',NULL),
	(971,108,'380','380','1','380',81,1,'2016-07-14 15:57:19',NULL),
	(972,243,'300','300','1','300',81,1,'2016-07-14 15:57:19',NULL),
	(973,245,'640','640','1','640',81,1,'2016-07-14 15:57:19',NULL),
	(974,258,'780','780','1','780',81,1,'2016-07-14 15:57:19',NULL),
	(975,263,'420','420','1','420',81,1,'2016-07-14 15:57:19',NULL),
	(976,287,'210','210','1','210',81,1,'2016-07-14 15:57:19',NULL),
	(977,288,'100','100','1','100',81,1,'2016-07-14 15:57:19',NULL),
	(978,297,'280','280','1','280',81,1,'2016-07-14 15:57:19',NULL),
	(979,423,'540','540','1','540',81,1,'2016-07-14 15:57:19',NULL),
	(980,438,'650','650','1','650',81,1,'2016-07-14 15:57:19',NULL),
	(981,467,'450','450','1','450',81,1,'2016-07-14 15:57:19',NULL),
	(982,473,'450','450','1','450',81,1,'2016-07-14 15:57:19',NULL),
	(983,36,'320','320','2','640',82,1,'2016-07-15 15:54:52',NULL),
	(984,56,'600','600','1','600',82,1,'2016-07-15 15:54:52',NULL),
	(985,136,'470','470','1','470',82,1,'2016-07-15 15:54:52',NULL),
	(986,184,'300','300','1','300',82,1,'2016-07-15 15:54:52',NULL),
	(987,261,'1260','1260','3','3780',82,1,'2016-07-15 15:54:52',NULL),
	(988,438,'1300','1300','2','2600',82,1,'2016-07-15 15:54:52',NULL),
	(989,453,'240','240','1','240',82,1,'2016-07-15 15:54:52',NULL),
	(990,472,'450','450','1','450',82,1,'2016-07-15 15:54:52',NULL),
	(991,475,'450','450','1','450',82,1,'2016-07-15 15:54:52',NULL),
	(992,25,'440','440','1','440',83,1,'2016-07-16 15:54:20',NULL),
	(993,26,'1320','1320','3','3960',83,1,'2016-07-16 15:54:20',NULL),
	(994,34,'160','160','1','160',83,1,'2016-07-16 15:54:20',NULL),
	(995,36,'320','320','2','640',83,1,'2016-07-16 15:54:20',NULL),
	(996,41,'190','190','1','190',83,1,'2016-07-16 15:54:20',NULL),
	(997,58,'600','600','1','600',83,1,'2016-07-16 15:54:20',NULL),
	(998,63,'990','990','1','990',83,1,'2016-07-16 15:54:20',NULL),
	(999,101,'450','450','1','450',83,1,'2016-07-16 15:54:20',NULL),
	(1000,106,'380','380','1','380',83,1,'2016-07-16 15:54:20',NULL),
	(1001,108,'380','380','1','380',83,1,'2016-07-16 15:54:20',NULL),
	(1002,159,'385','385','1','385',83,1,'2016-07-16 15:54:20',NULL),
	(1003,229,'560','560','1','560',83,1,'2016-07-16 15:54:20',NULL),
	(1004,344,'350','350','1','350',83,1,'2016-07-16 15:54:20',NULL),
	(1005,347,'1185','1185','3','3555',83,1,'2016-07-16 15:54:20',NULL),
	(1006,351,'395','395','1','395',83,1,'2016-07-16 15:54:20',NULL),
	(1007,453,'240','240','1','240',83,1,'2016-07-16 15:54:20',NULL),
	(1008,461,'210','210','1','210',83,1,'2016-07-16 15:54:20',NULL),
	(1009,469,'450','450','1','450',83,1,'2016-07-16 15:54:20',NULL),
	(1010,58,'600','600','1','600',84,1,'2016-07-17 15:54:11',NULL),
	(1011,101,'450','450','1','450',84,1,'2016-07-17 15:54:11',NULL),
	(1012,103,'800','800','1','800',84,1,'2016-07-17 15:54:11',NULL),
	(1013,120,'350','350','1','350',84,1,'2016-07-17 15:54:11',NULL),
	(1014,159,'385','385','1','385',84,1,'2016-07-17 15:54:11',NULL),
	(1015,296,'280','280','1','280',84,1,'2016-07-17 15:54:11',NULL),
	(1016,423,'540','540','1','540',84,1,'2016-07-17 15:54:11',NULL),
	(1017,8,'350','350','1','350',85,1,'2016-07-18 15:54:19',NULL),
	(1018,34,'480','480','3','1440',85,1,'2016-07-18 15:54:19',NULL),
	(1019,36,'480','480','3','1440',85,1,'2016-07-18 15:54:19',NULL),
	(1020,101,'900','900','2','1800',85,1,'2016-07-18 15:54:19',NULL),
	(1021,130,'210','210','1','210',85,1,'2016-07-18 15:54:19',NULL),
	(1022,159,'385','385','1','385',85,1,'2016-07-18 15:54:19',NULL),
	(1023,167,'400','400','1','400',85,1,'2016-07-18 15:54:19',NULL),
	(1024,259,'570','570','1','570',85,1,'2016-07-18 15:54:19',NULL),
	(1025,260,'420','420','1','420',85,1,'2016-07-18 15:54:19',NULL),
	(1026,289,'200','200','1','200',85,1,'2016-07-18 15:54:19',NULL),
	(1027,356,'210','210','1','210',85,1,'2016-07-18 15:54:19',NULL),
	(1028,380,'500','500','1','500',85,1,'2016-07-18 15:54:19',NULL),
	(1029,423,'540','540','1','540',85,1,'2016-07-18 15:54:19',NULL),
	(1030,441,'420','420','1','420',85,1,'2016-07-18 15:54:19',NULL),
	(1031,101,'450','450','1','450',86,1,'2016-07-19 15:51:06',NULL),
	(1032,162,'385','385','1','385',86,1,'2016-07-19 15:51:06',NULL),
	(1033,167,'800','800','2','1600',86,1,'2016-07-19 15:51:06',NULL),
	(1034,174,'500','500','1','500',86,1,'2016-07-19 15:51:06',NULL),
	(1035,256,'1560','1560','2','3120',86,1,'2016-07-19 15:51:06',NULL),
	(1036,258,'780','780','1','780',86,1,'2016-07-19 15:51:06',NULL),
	(1037,262,'640','640','1','640',86,1,'2016-07-19 15:51:06',NULL),
	(1038,330,'280','280','1','280',86,1,'2016-07-19 15:51:06',NULL),
	(1039,374,'80','80','1','80',86,1,'2016-07-19 15:51:06',NULL),
	(1040,441,'1260','1260','3','3780',86,1,'2016-07-19 15:51:06',NULL),
	(1041,9,'150','150','1','150',87,1,'2016-07-20 15:55:47',NULL),
	(1042,10,'75','75','1','75',87,1,'2016-07-20 15:55:47',NULL),
	(1043,17,'75','75','1','75',87,1,'2016-07-20 15:55:47',NULL),
	(1044,37,'174','174','1','174',87,1,'2016-07-20 15:55:47',NULL),
	(1045,45,'265','265','1','265',87,1,'2016-07-20 15:55:47',NULL),
	(1046,49,'650','650','1','650',87,1,'2016-07-20 15:55:47',NULL),
	(1047,55,'650','650','1','650',87,1,'2016-07-20 15:55:47',NULL),
	(1048,97,'205','205','1','205',87,1,'2016-07-20 15:55:47',NULL),
	(1049,98,'260','260','1','260',87,1,'2016-07-20 15:55:47',NULL),
	(1050,101,'1105','1105','3','3315',87,1,'2016-07-20 15:55:47',NULL),
	(1051,106,'380','380','1','380',87,1,'2016-07-20 15:55:47',NULL),
	(1052,131,'70','70','1','70',87,1,'2016-07-20 15:55:47',NULL),
	(1053,159,'560','560','2','1120',87,1,'2016-07-20 15:55:47',NULL),
	(1054,162,'385','385','1','385',87,1,'2016-07-20 15:55:47',NULL),
	(1055,214,'75','75','1','75',87,1,'2016-07-20 15:55:47',NULL),
	(1056,228,'75','75','1','75',87,1,'2016-07-20 15:55:47',NULL),
	(1057,260,'420','420','1','420',87,1,'2016-07-20 15:55:47',NULL),
	(1058,263,'190','190','1','190',87,1,'2016-07-20 15:55:47',NULL),
	(1059,287,'75','75','1','75',87,1,'2016-07-20 15:55:47',NULL),
	(1060,289,'160','160','2','320',87,1,'2016-07-20 15:55:47',NULL),
	(1061,333,'150','150','1','150',87,1,'2016-07-20 15:55:47',NULL),
	(1062,343,'198','198','1','198',87,1,'2016-07-20 15:55:47',NULL),
	(1063,429,'480','480','1','480',87,1,'2016-07-20 15:55:47',NULL),
	(1064,437,'600','600','1','600',87,1,'2016-07-20 15:55:47',NULL),
	(1065,438,'650','650','1','650',87,1,'2016-07-20 15:55:47',NULL),
	(1066,456,'225','225','2','450',87,1,'2016-07-20 15:55:47',NULL),
	(1067,463,'75','75','1','75',87,1,'2016-07-20 15:55:47',NULL),
	(1068,464,'75','75','1','75',87,1,'2016-07-20 15:55:47',NULL),
	(1069,34,'160','160','1','160',88,1,'2016-07-21 15:57:17',NULL),
	(1070,36,'320','320','2','640',88,1,'2016-07-21 15:57:17',NULL),
	(1071,41,'190','190','1','190',88,1,'2016-07-21 15:57:17',NULL),
	(1072,51,'650','650','1','650',88,1,'2016-07-21 15:57:17',NULL),
	(1073,58,'600','600','1','600',88,1,'2016-07-21 15:57:17',NULL),
	(1074,99,'600','600','1','600',88,1,'2016-07-21 15:57:17',NULL),
	(1075,101,'1350','1350','3','4050',88,1,'2016-07-21 15:57:17',NULL),
	(1076,109,'385','385','1','385',88,1,'2016-07-21 15:57:17',NULL),
	(1077,159,'385','385','1','385',88,1,'2016-07-21 15:57:17',NULL),
	(1078,168,'400','400','1','400',88,1,'2016-07-21 15:57:17',NULL),
	(1079,183,'350','350','1','350',88,1,'2016-07-21 15:57:17',NULL),
	(1080,230,'700','700','1','700',88,1,'2016-07-21 15:57:17',NULL),
	(1081,260,'420','420','1','420',88,1,'2016-07-21 15:57:17',NULL),
	(1082,262,'640','640','1','640',88,1,'2016-07-21 15:57:17',NULL),
	(1083,374,'80','80','1','80',88,1,'2016-07-21 15:57:17',NULL),
	(1084,428,'750','750','1','750',88,1,'2016-07-21 15:57:17',NULL),
	(1085,453,'240','240','1','240',88,1,'2016-07-21 15:57:17',NULL),
	(1086,469,'450','450','1','450',88,1,'2016-07-21 15:57:17',NULL),
	(1087,9,'150','150','1','150',89,1,'2016-07-22 15:55:03',NULL),
	(1088,16,'150','150','1','150',89,1,'2016-07-22 15:55:03',NULL),
	(1089,17,'300','300','2','600',89,1,'2016-07-22 15:55:03',NULL),
	(1090,22,'880','880','2','1760',89,1,'2016-07-22 15:55:03',NULL),
	(1091,26,'440','440','1','440',89,1,'2016-07-22 15:55:03',NULL),
	(1092,101,'1350','1350','3','4050',89,1,'2016-07-22 15:55:03',NULL),
	(1093,120,'350','350','1','350',89,1,'2016-07-22 15:55:03',NULL),
	(1094,141,'150','150','1','150',89,1,'2016-07-22 15:55:03',NULL),
	(1095,158,'335','335','1','335',89,1,'2016-07-22 15:55:03',NULL),
	(1096,176,'550','550','1','550',89,1,'2016-07-22 15:55:03',NULL),
	(1097,178,'630','630','1','630',89,1,'2016-07-22 15:55:03',NULL),
	(1098,214,'150','150','1','150',89,1,'2016-07-22 15:55:03',NULL),
	(1099,239,'500','500','1','500',89,1,'2016-07-22 15:55:03',NULL),
	(1100,260,'1260','1260','3','3780',89,1,'2016-07-22 15:55:03',NULL),
	(1101,261,'420','420','1','420',89,1,'2016-07-22 15:55:03',NULL),
	(1102,262,'640','640','1','640',89,1,'2016-07-22 15:55:03',NULL),
	(1103,287,'150','150','1','150',89,1,'2016-07-22 15:55:03',NULL),
	(1104,289,'200','200','1','200',89,1,'2016-07-22 15:55:03',NULL),
	(1105,297,'1120','1120','4','4480',89,1,'2016-07-22 15:55:03',NULL),
	(1106,330,'560','560','2','1120',89,1,'2016-07-22 15:55:03',NULL),
	(1107,341,'700','700','2','1400',89,1,'2016-07-22 15:55:03',NULL),
	(1108,374,'80','80','1','80',89,1,'2016-07-22 15:55:03',NULL),
	(1109,430,'700','700','1','700',89,1,'2016-07-22 15:55:03',NULL),
	(1110,437,'600','600','1','600',89,1,'2016-07-22 15:55:03',NULL),
	(1111,438,'650','650','1','650',89,1,'2016-07-22 15:55:03',NULL),
	(1112,465,'450','450','1','450',89,1,'2016-07-22 15:55:03',NULL),
	(1113,484,'490','490','1','490',89,1,'2016-07-22 15:55:03',NULL),
	(1114,485,'150','150','1','150',89,1,'2016-07-22 15:55:03',NULL),
	(1115,4,'400','400','1','400',90,1,'2016-07-23 15:28:29',NULL),
	(1116,10,'150','150','1','150',90,1,'2016-07-23 15:28:29',NULL),
	(1117,12,'1460','1460','1','1460',90,1,'2016-07-23 15:28:29',NULL),
	(1118,29,'440','440','1','440',90,1,'2016-07-23 15:28:29',NULL),
	(1119,36,'160','160','1','160',90,1,'2016-07-23 15:28:29',NULL),
	(1120,101,'450','450','1','450',90,1,'2016-07-23 15:28:29',NULL),
	(1121,120,'350','350','1','350',90,1,'2016-07-23 15:28:29',NULL),
	(1122,155,'300','300','2','600',90,1,'2016-07-23 15:28:29',NULL),
	(1123,167,'400','400','1','400',90,1,'2016-07-23 15:28:29',NULL),
	(1124,176,'550','550','1','550',90,1,'2016-07-23 15:28:29',NULL),
	(1125,183,'350','350','1','350',90,1,'2016-07-23 15:28:29',NULL),
	(1126,225,'1100','1100','1','1100',90,1,'2016-07-23 15:28:29',NULL),
	(1127,233,'500','500','1','500',90,1,'2016-07-23 15:28:29',NULL),
	(1128,239,'500','500','1','500',90,1,'2016-07-23 15:28:29',NULL),
	(1129,258,'780','780','1','780',90,1,'2016-07-23 15:28:29',NULL),
	(1130,294,'110','110','1','110',90,1,'2016-07-23 15:28:29',NULL),
	(1131,333,'300','300','2','600',90,1,'2016-07-23 15:28:29',NULL),
	(1132,424,'540','540','1','540',90,1,'2016-07-23 15:28:29',NULL),
	(1133,441,'840','840','2','1680',90,1,'2016-07-23 15:28:29',NULL),
	(1134,449,'892','892','2','1784',90,1,'2016-07-23 15:28:29',NULL),
	(1135,464,'150','150','1','150',90,1,'2016-07-23 15:28:29',NULL),
	(1136,469,'450','450','1','450',90,1,'2016-07-23 15:28:29',NULL),
	(1137,485,'150','150','1','150',90,1,'2016-07-23 15:28:29',NULL),
	(1138,6,'800','800','2','1600',91,1,'2016-07-24 14:56:01',NULL),
	(1139,95,'600','600','1','600',91,1,'2016-07-24 14:56:01',NULL),
	(1140,101,'450','450','1','450',91,1,'2016-07-24 14:56:01',NULL),
	(1141,257,'780','780','1','780',91,1,'2016-07-24 14:56:01',NULL),
	(1142,294,'110','110','1','110',91,1,'2016-07-24 14:56:01',NULL),
	(1143,318,'110','110','1','110',91,1,'2016-07-24 14:56:01',NULL),
	(1144,374,'80','80','1','80',91,1,'2016-07-24 14:56:01',NULL),
	(1145,421,'540','540','1','540',91,1,'2016-07-24 14:56:01',NULL),
	(1146,463,'150','150','1','150',91,1,'2016-07-24 14:56:01',NULL),
	(1147,484,'490','490','1','490',91,1,'2016-07-24 14:56:01',NULL),
	(1148,2,'400','400','1','400',92,1,'2016-07-25 15:55:40',NULL),
	(1149,3,'350','350','1','350',92,1,'2016-07-25 15:55:40',NULL),
	(1150,26,'440','440','1','440',92,1,'2016-07-25 15:55:40',NULL),
	(1151,68,'300','300','1','300',92,1,'2016-07-25 15:55:40',NULL),
	(1152,94,'430','430','1','430',92,1,'2016-07-25 15:55:40',NULL),
	(1153,101,'450','450','1','450',92,1,'2016-07-25 15:55:40',NULL),
	(1154,120,'350','350','1','350',92,1,'2016-07-25 15:55:40',NULL),
	(1155,192,'560','560','1','560',92,1,'2016-07-25 15:55:40',NULL),
	(1156,253,'350','350','1','350',92,1,'2016-07-25 15:55:40',NULL),
	(1157,288,'200','200','2','400',92,1,'2016-07-25 15:55:40',NULL),
	(1158,296,'280','280','1','280',92,1,'2016-07-25 15:55:40',NULL),
	(1159,462,'610','610','1','610',92,1,'2016-07-25 15:55:40',NULL),
	(1160,470,'450','450','1','450',92,1,'2016-07-25 15:55:40',NULL),
	(1161,9,'150','150','1','150',93,1,'2016-07-26 15:55:10',NULL),
	(1162,97,'430','430','1','430',93,1,'2016-07-26 15:55:10',NULL),
	(1163,101,'900','900','2','1800',93,1,'2016-07-26 15:55:10',NULL),
	(1164,106,'760','760','2','1520',93,1,'2016-07-26 15:55:10',NULL),
	(1165,155,'150','150','1','150',93,1,'2016-07-26 15:55:10',NULL),
	(1166,156,'550','550','1','550',93,1,'2016-07-26 15:55:10',NULL),
	(1167,162,'385','385','1','385',93,1,'2016-07-26 15:55:10',NULL),
	(1168,167,'400','400','1','400',93,1,'2016-07-26 15:55:10',NULL),
	(1169,229,'560','560','1','560',93,1,'2016-07-26 15:55:10',NULL),
	(1170,231,'570','570','1','570',93,1,'2016-07-26 15:55:10',NULL),
	(1171,255,'780','780','1','780',93,1,'2016-07-26 15:55:10',NULL),
	(1172,256,'1560','1560','2','3120',93,1,'2016-07-26 15:55:10',NULL),
	(1173,264,'280','280','1','280',93,1,'2016-07-26 15:55:10',NULL),
	(1174,288,'200','200','2','400',93,1,'2016-07-26 15:55:10',NULL),
	(1175,289,'400','400','2','800',93,1,'2016-07-26 15:55:10',NULL),
	(1176,342,'350','350','1','350',93,1,'2016-07-26 15:55:10',NULL),
	(1177,350,'350','350','1','350',93,1,'2016-07-26 15:55:10',NULL),
	(1178,374,'80','80','1','80',93,1,'2016-07-26 15:55:10',NULL),
	(1179,421,'540','540','1','540',93,1,'2016-07-26 15:55:10',NULL),
	(1180,430,'700','700','1','700',93,1,'2016-07-26 15:55:10',NULL),
	(1181,469,'450','450','1','450',93,1,'2016-07-26 15:55:10',NULL),
	(1182,1,'350','350','1','350',94,1,'2016-07-27 15:38:42',NULL),
	(1183,5,'400','400','1','400',94,1,'2016-07-27 15:38:42',NULL),
	(1184,13,'800','800','1','800',94,1,'2016-07-27 15:38:42',NULL),
	(1185,34,'160','160','1','160',94,1,'2016-07-27 15:38:42',NULL),
	(1186,44,'560','560','1','560',94,1,'2016-07-27 15:38:42',NULL),
	(1187,101,'900','900','2','1800',94,1,'2016-07-27 15:38:42',NULL),
	(1188,120,'700','700','2','1400',94,1,'2016-07-27 15:38:42',NULL),
	(1189,134,'310','310','1','310',94,1,'2016-07-27 15:38:42',NULL),
	(1190,136,'470','470','1','470',94,1,'2016-07-27 15:38:42',NULL),
	(1191,159,'385','385','1','385',94,1,'2016-07-27 15:38:42',NULL),
	(1192,162,'385','385','1','385',94,1,'2016-07-27 15:38:42',NULL),
	(1193,233,'500','500','1','500',94,1,'2016-07-27 15:38:42',NULL),
	(1194,245,'640','640','1','640',94,1,'2016-07-27 15:38:42',NULL),
	(1195,342,'350','350','1','350',94,1,'2016-07-27 15:38:42',NULL),
	(1196,441,'840','840','2','1680',94,1,'2016-07-27 15:38:42',NULL),
	(1197,450,'446','446','1','446',94,1,'2016-07-27 15:38:42',NULL),
	(1198,452,'446','446','1','446',94,1,'2016-07-27 15:38:42',NULL),
	(1199,475,'450','450','1','450',94,1,'2016-07-27 15:38:42',NULL),
	(1200,25,'440','418','1','440',95,1,'2016-07-28 15:39:39',NULL),
	(1201,101,'900','877','2','1800',5,95,'2016-07-28 15:39:39',NULL),
	(1202,106,'380','361','1','380',95,1,'2016-07-28 15:39:39',NULL),
	(1203,120,'1050','1050','3','3150',95,1,'2016-07-28 15:39:39',NULL),
	(1204,136,'470','470','1','470',95,1,'2016-07-28 15:39:39',NULL),
	(1205,159,'1155','1097','3','3465',25,95,'2016-07-28 15:39:39',NULL),
	(1206,167,'400','400','1','400',95,1,'2016-07-28 15:39:39',NULL),
	(1207,178,'630','598','1','630',5,95,'2016-07-28 15:39:39',NULL),
	(1208,263,'420','399','1','420',95,1,'2016-07-28 15:39:39',NULL),
	(1209,354,'470','470','1','470',95,1,'2016-07-28 15:39:39',NULL),
	(1210,422,'540','540','1','540',95,1,'2016-07-28 15:39:39',NULL),
	(1211,424,'540','513','1','540',95,1,'2016-07-28 15:39:39',NULL),
	(1212,464,'150','150','1','150',95,1,'2016-07-28 15:39:39',NULL),
	(1213,465,'900','900','2','1800',95,1,'2016-07-28 15:39:39',NULL),
	(1214,469,'450','427','1','450',5,95,'2016-07-28 15:39:39',NULL),
	(1215,470,'450','427','1','450',5,95,'2016-07-28 15:39:39',NULL),
	(1216,3,'350','350','1','350',96,1,'2016-07-29 15:54:07',NULL),
	(1217,7,'400','400','1','400',96,1,'2016-07-29 15:54:07',NULL),
	(1218,22,'440','440','1','440',96,1,'2016-07-29 15:54:07',NULL),
	(1219,34,'480','480','3','1440',96,1,'2016-07-29 15:54:07',NULL),
	(1220,59,'1200','1200','1','1200',96,1,'2016-07-29 15:54:07',NULL),
	(1221,96,'430','430','1','430',96,1,'2016-07-29 15:54:07',NULL),
	(1222,101,'900','900','2','1800',96,1,'2016-07-29 15:54:07',NULL),
	(1223,106,'380','380','1','380',96,1,'2016-07-29 15:54:07',NULL),
	(1224,134,'310','310','1','310',96,1,'2016-07-29 15:54:07',NULL),
	(1225,184,'300','300','1','300',96,1,'2016-07-29 15:54:07',NULL),
	(1226,247,'640','640','1','640',96,1,'2016-07-29 15:54:07',NULL),
	(1227,290,'280','280','1','280',96,1,'2016-07-29 15:54:07',NULL),
	(1228,296,'280','280','1','280',96,1,'2016-07-29 15:54:07',NULL),
	(1229,314,'280','280','1','280',96,1,'2016-07-29 15:54:07',NULL),
	(1230,431,'1400','1400','2','2800',96,1,'2016-07-29 15:54:07',NULL),
	(1231,450,'446','446','1','446',96,1,'2016-07-29 15:54:07',NULL),
	(1232,452,'446','446','1','446',96,1,'2016-07-29 15:54:07',NULL),
	(1233,465,'450','450','1','450',96,1,'2016-07-29 15:54:07',NULL),
	(1234,470,'450','450','1','450',96,1,'2016-07-29 15:54:07',NULL),
	(1235,50,'650','650','1','650',97,1,'2016-07-30 15:45:50',NULL),
	(1236,58,'600','600','1','600',97,1,'2016-07-30 15:45:50',NULL),
	(1237,101,'450','450','1','450',97,1,'2016-07-30 15:45:50',NULL),
	(1238,239,'500','500','1','500',97,1,'2016-07-30 15:45:50',NULL),
	(1239,262,'640','640','1','640',97,1,'2016-07-30 15:45:50',NULL),
	(1240,296,'280','280','1','280',97,1,'2016-07-30 15:45:50',NULL),
	(1241,441,'420','420','1','420',97,1,'2016-07-30 15:45:50',NULL),
	(1242,13,'800','800','1','800',98,1,'2016-07-31 15:51:05',NULL),
	(1243,94,'430','430','1','430',98,1,'2016-07-31 15:51:05',NULL),
	(1244,97,'430','430','1','430',98,1,'2016-07-31 15:51:05',NULL),
	(1245,162,'385','385','1','385',98,1,'2016-07-31 15:51:05',NULL),
	(1246,168,'400','400','1','400',98,1,'2016-07-31 15:51:05',NULL),
	(1247,372,'3000','2850','1','3000',98,1,'2016-07-31 15:51:05',NULL),
	(1248,441,'420','420','1','420',98,1,'2016-07-31 15:51:05',NULL),
	(1249,44,'560','560','1','560',99,1,'2016-08-01 15:46:11',NULL),
	(1250,101,'1350','1350','3','4050',99,1,'2016-08-01 15:46:11',NULL),
	(1251,116,'850','850','1','850',99,1,'2016-08-01 15:46:11',NULL),
	(1252,135,'310','310','1','310',99,1,'2016-08-01 15:46:11',NULL),
	(1253,142,'150','150','1','150',99,1,'2016-08-01 15:46:11',NULL),
	(1254,424,'540','540','1','540',99,1,'2016-08-01 15:46:11',NULL),
	(1255,13,'800','800','1','800',100,1,'2016-08-02 15:53:37',NULL),
	(1256,40,'420','420','1','420',100,1,'2016-08-02 15:53:37',NULL),
	(1257,48,'150','150','1','150',100,1,'2016-08-02 15:53:37',NULL),
	(1258,82,'420','420','1','420',100,1,'2016-08-02 15:53:37',NULL),
	(1259,142,'150','150','1','150',100,1,'2016-08-02 15:53:37',NULL),
	(1260,192,'560','560','1','560',100,1,'2016-08-02 15:53:37',NULL),
	(1261,232,'570','570','1','570',100,1,'2016-08-02 15:53:37',NULL),
	(1262,263,'420','420','1','420',100,1,'2016-08-02 15:53:37',NULL),
	(1263,283,'1000','1000','2','2000',100,1,'2016-08-02 15:53:37',NULL),
	(1264,389,'150','150','1','150',100,1,'2016-08-02 15:53:37',NULL),
	(1265,456,'150','150','1','150',100,1,'2016-08-02 15:53:37',NULL),
	(1266,457,'300','300','2','600',100,1,'2016-08-02 15:53:37',NULL),
	(1267,465,'450','450','1','450',100,1,'2016-08-02 15:53:37',NULL),
	(1268,28,'440','440','1','440',101,1,'2016-08-03 15:54:45',NULL),
	(1269,262,'640','640','1','640',101,1,'2016-08-03 15:54:45',NULL),
	(1270,296,'280','280','1','280',101,1,'2016-08-03 15:54:45',NULL),
	(1271,297,'280','280','1','280',101,1,'2016-08-03 15:54:45',NULL),
	(1272,392,'385','385','1','385',101,1,'2016-08-03 15:54:45',NULL),
	(1273,453,'240','240','1','240',101,1,'2016-08-03 15:54:45',NULL),
	(1274,7,'400','400','1','400',102,1,'2016-08-04 15:42:17',NULL),
	(1275,101,'450','450','1','450',102,1,'2016-08-04 15:42:17',NULL),
	(1276,106,'380','380','1','380',102,1,'2016-08-04 15:42:17',NULL),
	(1277,120,'350','350','1','350',102,1,'2016-08-04 15:42:17',NULL),
	(1278,130,'150','150','1','150',102,1,'2016-08-04 15:42:17',NULL),
	(1279,167,'400','400','1','400',102,1,'2016-08-04 15:42:17',NULL),
	(1280,173,'600','600','1','600',102,1,'2016-08-04 15:42:17',NULL),
	(1281,183,'350','350','1','350',102,1,'2016-08-04 15:42:17',NULL),
	(1282,229,'560','560','1','560',102,1,'2016-08-04 15:42:17',NULL),
	(1283,296,'280','280','1','280',102,1,'2016-08-04 15:42:17',NULL),
	(1284,374,'80','80','1','80',102,1,'2016-08-04 15:42:17',NULL),
	(1285,392,'385','385','1','385',102,1,'2016-08-04 15:42:17',NULL),
	(1286,441,'840','840','2','1680',102,1,'2016-08-04 15:42:17',NULL),
	(1287,461,'300','300','2','600',102,1,'2016-08-04 15:42:17',NULL),
	(1288,480,'580','580','1','580',102,1,'2016-08-04 15:42:17',NULL),
	(1289,37,'350','350','1','350',103,1,'2016-08-05 15:56:26',NULL),
	(1290,53,'650','650','1','650',103,1,'2016-08-05 15:56:26',NULL),
	(1291,101,'450','450','1','450',103,1,'2016-08-05 15:56:26',NULL),
	(1292,108,'380','380','1','380',103,1,'2016-08-05 15:56:26',NULL),
	(1293,120,'350','350','1','350',103,1,'2016-08-05 15:56:26',NULL),
	(1294,167,'400','400','1','400',103,1,'2016-08-05 15:56:26',NULL),
	(1295,173,'600','600','1','600',103,1,'2016-08-05 15:56:26',NULL),
	(1296,179,'760','760','1','760',103,1,'2016-08-05 15:56:26',NULL),
	(1297,233,'500','500','1','500',103,1,'2016-08-05 15:56:26',NULL),
	(1298,441,'840','840','2','1680',103,1,'2016-08-05 15:56:26',NULL),
	(1299,472,'450','450','1','450',103,1,'2016-08-05 15:56:26',NULL),
	(1300,481,'580','580','1','580',103,1,'2016-08-05 15:56:26',NULL),
	(1301,23,'440','440','1','440',104,1,'2016-08-06 15:48:51',NULL),
	(1302,28,'440','440','1','440',104,1,'2016-08-06 15:48:51',NULL),
	(1303,81,'340','340','1','340',104,1,'2016-08-06 15:48:51',NULL),
	(1304,94,'430','430','1','430',104,1,'2016-08-06 15:48:51',NULL),
	(1305,106,'380','380','1','380',104,1,'2016-08-06 15:48:51',NULL),
	(1306,108,'380','380','1','380',104,1,'2016-08-06 15:48:51',NULL),
	(1307,120,'350','350','1','350',104,1,'2016-08-06 15:48:51',NULL),
	(1308,146,'620','620','1','620',104,1,'2016-08-06 15:48:51',NULL),
	(1309,215,'385','385','1','385',104,1,'2016-08-06 15:48:51',NULL),
	(1310,288,'100','100','1','100',104,1,'2016-08-06 15:48:51',NULL),
	(1311,296,'280','280','1','280',104,1,'2016-08-06 15:48:51',NULL),
	(1312,297,'840','840','3','2520',104,1,'2016-08-06 15:48:51',NULL),
	(1313,303,'260','260','1','260',104,1,'2016-08-06 15:48:51',NULL),
	(1314,306,'560','560','2','1120',104,1,'2016-08-06 15:48:51',NULL),
	(1315,314,'560','560','2','1120',104,1,'2016-08-06 15:48:51',NULL),
	(1316,439,'360','360','1','360',104,1,'2016-08-06 15:48:51',NULL),
	(1317,475,'450','450','1','450',104,1,'2016-08-06 15:48:51',NULL),
	(1318,16,'150','150','1','150',105,1,'2016-08-07 15:48:21',NULL),
	(1319,28,'440','440','1','440',105,1,'2016-08-07 15:48:21',NULL),
	(1320,51,'650','650','1','650',105,1,'2016-08-07 15:48:21',NULL),
	(1321,103,'800','800','1','800',105,1,'2016-08-07 15:48:21',NULL),
	(1322,175,'600','600','1','600',105,1,'2016-08-07 15:48:21',NULL),
	(1323,227,'1000','1000','5','5000',105,1,'2016-08-07 15:48:21',NULL),
	(1324,297,'280','280','1','280',105,1,'2016-08-07 15:48:21',NULL),
	(1325,306,'280','280','1','280',105,1,'2016-08-07 15:48:21',NULL),
	(1326,10,'150','150','1','150',106,1,'2016-08-08 15:35:51',NULL),
	(1327,53,'650','650','1','650',106,1,'2016-08-08 15:35:51',NULL),
	(1328,262,'640','640','1','640',106,1,'2016-08-08 15:35:51',NULL),
	(1329,297,'840','840','3','2520',106,1,'2016-08-08 15:35:51',NULL),
	(1330,167,'400','400','1','400',107,1,'2016-08-09 15:32:03',NULL),
	(1331,437,'600','600','1','600',107,1,'2016-08-09 15:32:03',NULL),
	(1332,352,'395','395','1','395',108,1,'2016-08-10 15:46:27',NULL),
	(1333,422,'540','540','1','540',108,1,'2016-08-10 15:46:27',NULL),
	(1334,470,'450','450','1','450',108,1,'2016-08-10 15:46:27',NULL),
	(1335,392,'385','385','1','385',109,1,'2016-08-11 15:51:21',NULL),
	(1336,1,'350','332','1','350',5,110,'2016-08-13 12:50:34',NULL),
	(1337,29,'440','418','1','440',110,1,'2016-08-13 12:50:34',NULL),
	(1338,36,'160','152','1','160',110,1,'2016-08-13 12:50:34',NULL),
	(1339,136,'470','446','1','470',5,110,'2016-08-13 12:50:34',NULL),
	(1340,181,'760','722','1','760',110,1,'2016-08-13 12:50:34',NULL),
	(1341,261,'420','399','1','420',110,1,'2016-08-13 12:50:34',NULL),
	(1342,288,'100','95','1','100',110,1,'2016-08-13 12:50:34',NULL),
	(1343,341,'350','332','1','350',5,110,'2016-08-13 12:50:34',NULL),
	(1344,452,'446','423','1','446',7,110,'2016-08-13 12:50:34',NULL),
	(1345,22,'440','440','1','440',111,1,'2016-08-19 13:27:19',NULL),
	(1346,25,'1320','1320','3','3960',111,1,'2016-08-19 13:27:19',NULL),
	(1347,34,'480','480','3','1440',111,1,'2016-08-19 13:27:19',NULL),
	(1348,36,'160','160','1','160',111,1,'2016-08-19 13:27:19',NULL),
	(1349,81,'340','340','1','340',111,1,'2016-08-19 13:27:19',NULL),
	(1350,120,'1050','1050','3','3150',111,1,'2016-08-19 13:27:19',NULL),
	(1351,125,'620','620','1','620',111,1,'2016-08-19 13:27:19',NULL),
	(1352,158,'335','335','1','335',111,1,'2016-08-19 13:27:19',NULL),
	(1353,261,'420','420','1','420',111,1,'2016-08-19 13:27:19',NULL),
	(1354,450,'446','446','1','446',111,1,'2016-08-19 13:27:19',NULL),
	(1355,469,'900','900','2','1800',111,1,'2016-08-19 13:27:19',NULL),
	(1356,23,'440','440','1','440',112,1,'2016-08-19 14:19:00',NULL),
	(1357,25,'440','440','1','440',112,1,'2016-08-19 14:19:00',NULL),
	(1358,27,'880','880','2','1760',112,1,'2016-08-19 14:19:00',NULL),
	(1359,34,'800','800','5','4000',112,1,'2016-08-19 14:19:00',NULL),
	(1360,36,'160','160','1','160',112,1,'2016-08-19 14:19:00',NULL),
	(1361,41,'190','180','1','190',5,112,'2016-08-19 14:19:00',NULL),
	(1362,58,'600','600','1','600',112,1,'2016-08-19 14:19:00',NULL),
	(1363,103,'800','800','1','800',112,1,'2016-08-19 14:19:00',NULL),
	(1364,106,'380','380','1','380',112,1,'2016-08-19 14:19:00',NULL),
	(1365,120,'350','350','1','350',112,1,'2016-08-19 14:19:00',NULL),
	(1366,159,'1155','1155','3','3465',112,1,'2016-08-19 14:19:00',NULL),
	(1367,165,'470','446','1','470',5,112,'2016-08-19 14:19:00',NULL),
	(1368,167,'400','400','1','400',112,1,'2016-08-19 14:19:00',NULL),
	(1369,171,'400','400','1','400',112,1,'2016-08-19 14:19:00',NULL),
	(1370,180,'650','650','1','650',112,1,'2016-08-19 14:19:00',NULL),
	(1371,181,'760','722','1','760',112,1,'2016-08-19 14:19:00',NULL),
	(1372,227,'400','400','2','800',112,1,'2016-08-19 14:19:00',NULL),
	(1373,249,'720','684','1','720',112,1,'2016-08-19 14:19:00',NULL),
	(1374,260,'420','399','1','420',112,1,'2016-08-19 14:19:00',NULL),
	(1375,263,'420','420','1','420',112,1,'2016-08-19 14:19:00',NULL),
	(1376,306,'280','266','1','280',112,1,'2016-08-19 14:19:00',NULL),
	(1377,310,'280','266','1','280',112,1,'2016-08-19 14:19:00',NULL),
	(1378,318,'110','110','1','110',112,1,'2016-08-19 14:19:00',NULL),
	(1379,320,'280','266','1','280',112,1,'2016-08-19 14:19:00',NULL),
	(1380,346,'350','332','1','350',5,112,'2016-08-19 14:19:00',NULL),
	(1381,397,'295','295','1','295',112,1,'2016-08-19 14:19:00',NULL),
	(1382,459,'620','620','1','620',112,1,'2016-08-19 14:19:00',NULL),
	(1383,468,'850','850','1','850',112,1,'2016-08-19 14:19:00',NULL),
	(1384,473,'450','450','1','450',112,1,'2016-08-19 14:19:00',NULL),
	(1385,22,'440','409','1','440',2,113,'2016-08-19 16:18:22',NULL),
	(1386,28,'440','409','1','440',2,113,'2016-08-19 16:18:22',NULL),
	(1387,34,'160','148','1','160',8,113,'2016-08-19 16:18:22',NULL),
	(1388,39,'800','760','4','3200',113,1,'2016-08-19 16:18:22',NULL),
	(1389,41,'570','530','3','1710',1,113,'2016-08-19 16:18:22',NULL),
	(1390,120,'700','651','2','1400',113,1,'2016-08-19 16:18:22',NULL),
	(1391,136,'470','437','1','470',1,113,'2016-08-19 16:18:22',NULL),
	(1392,157,'450','418','1','450',5,113,'2016-08-19 16:18:22',NULL),
	(1393,159,'770','716','2','1540',1,113,'2016-08-19 16:18:22',NULL),
	(1394,161,'3200','2976','4','12800',113,1,'2016-08-19 16:18:22',NULL),
	(1395,168,'400','372','1','400',113,1,'2016-08-19 16:18:22',NULL),
	(1396,171,'400','380','1','400',113,1,'2016-08-19 16:18:22',NULL),
	(1397,172,'900','855','2','1800',113,1,'2016-08-19 16:18:22',NULL),
	(1398,183,'350','325','1','350',5,113,'2016-08-19 16:18:22',NULL),
	(1399,184,'300','279','1','300',113,1,'2016-08-19 16:18:22',NULL),
	(1400,190,'290','269','1','290',7,113,'2016-08-19 16:18:22',NULL),
	(1401,238,'650','617','1','650',5,113,'2016-08-19 16:18:22',NULL),
	(1402,249,'720','669','1','720',6,113,'2016-08-19 16:18:22',NULL),
	(1403,258,'780','725','1','780',4,113,'2016-08-19 16:18:22',NULL),
	(1404,260,'840','781','2','1680',2,113,'2016-08-19 16:18:22',NULL),
	(1405,261,'420','390','1','420',6,113,'2016-08-19 16:18:22',NULL),
	(1406,263,'420','390','1','420',6,113,'2016-08-19 16:18:22',NULL),
	(1407,288,'100','93','1','100',113,1,'2016-08-19 16:18:22',NULL),
	(1408,335,'385','365','1','385',75,113,'2016-08-19 16:18:22',NULL),
	(1409,348,'320','297','1','320',6,113,'2016-08-19 16:18:22',NULL),
	(1410,353,'320','297','1','320',6,113,'2016-08-19 16:18:22',NULL),
	(1411,427,'550','511','1','550',5,113,'2016-08-19 16:18:22',NULL),
	(1412,441,'1260','1171','3','3780',8,113,'2016-08-19 16:18:22',NULL),
	(1413,469,'450','418','1','450',5,113,'2016-08-19 16:18:22',NULL),
	(1414,473,'450','418','1','450',5,113,'2016-08-19 16:18:22',NULL),
	(1415,39,'200','200','1','200',114,1,'2016-08-22 14:12:29',NULL),
	(1416,41,'190','190','1','190',114,1,'2016-08-22 14:12:29',NULL),
	(1417,48,'150','150','1','150',114,1,'2016-08-22 14:12:29',NULL),
	(1418,156,'450','450','1','450',114,1,'2016-08-22 14:12:29',NULL),
	(1419,168,'400','400','1','400',114,1,'2016-08-22 14:12:29',NULL),
	(1420,172,'900','900','2','1800',114,1,'2016-08-22 14:12:29',NULL),
	(1421,334,'385','385','1','385',114,1,'2016-08-22 14:12:29',NULL),
	(1422,335,'385','385','1','385',114,1,'2016-08-22 14:12:29',NULL),
	(1423,441,'420','420','1','420',114,1,'2016-08-22 14:12:29',NULL),
	(1424,444,'420','420','1','420',114,1,'2016-08-22 14:12:29',NULL),
	(1425,445,'420','420','1','420',114,1,'2016-08-22 14:12:29',NULL),
	(1426,36,'480','480','3','1440',115,1,'2016-08-22 14:20:02',NULL),
	(1427,56,'600','600','1','600',115,1,'2016-08-22 14:20:02',NULL),
	(1428,78,'200','186','1','200',115,1,'2016-08-22 14:20:02',NULL),
	(1429,146,'1240','1240','2','2480',115,1,'2016-08-22 14:20:02',NULL),
	(1430,159,'385','358','1','385',5,115,'2016-08-22 14:20:02',NULL),
	(1431,175,'600','600','1','600',115,1,'2016-08-22 14:20:02',NULL),
	(1432,227,'200','190','1','200',115,1,'2016-08-22 14:20:02',NULL),
	(1433,238,'650','617','1','650',5,115,'2016-08-22 14:20:02',NULL),
	(1434,260,'420','390','1','420',6,115,'2016-08-22 14:20:02',NULL),
	(1435,341,'320','297','1','320',6,115,'2016-08-22 14:20:02',NULL),
	(1436,366,'3000','2790','1','3000',115,1,'2016-08-22 14:20:02',NULL),
	(1437,378,'400','390','2','800',115,1,'2016-08-22 14:20:02',NULL),
	(1438,34,'160','148','1','160',8,116,'2016-08-22 16:02:35',NULL),
	(1439,38,'350','325','1','350',5,116,'2016-08-22 16:02:35',NULL),
	(1440,58,'600','600','1','600',116,1,'2016-08-22 16:02:35',NULL),
	(1441,74,'200','186','1','200',116,1,'2016-08-22 16:02:35',NULL),
	(1442,76,'200','186','1','200',116,1,'2016-08-22 16:02:35',NULL),
	(1443,103,'1600','1544','2','3200',116,1,'2016-08-22 16:02:35',NULL),
	(1444,106,'760','733','2','1520',4,116,'2016-08-22 16:02:35',NULL),
	(1445,108,'380','380','1','380',116,1,'2016-08-22 16:02:35',NULL),
	(1446,136,'940','874','2','1880',2,116,'2016-08-22 16:02:35',NULL),
	(1447,159,'385','358','1','385',5,116,'2016-08-22 16:02:35',NULL),
	(1448,168,'400','400','1','400',116,1,'2016-08-22 16:02:35',NULL),
	(1449,190,'290','269','1','290',7,116,'2016-08-22 16:02:35',NULL),
	(1450,227,'200','200','1','200',116,1,'2016-08-22 16:02:35',NULL),
	(1451,231,'570','530','1','570',1,116,'2016-08-22 16:02:35',NULL),
	(1452,245,'640','608','1','640',116,1,'2016-08-22 16:02:35',NULL),
	(1453,249,'720','684','1','720',116,1,'2016-08-22 16:02:35',NULL),
	(1454,260,'420','390','1','420',6,116,'2016-08-22 16:02:35',NULL),
	(1455,261,'420','420','1','420',116,1,'2016-08-22 16:02:35',NULL),
	(1456,263,'420','420','1','420',116,1,'2016-08-22 16:02:35',NULL),
	(1457,335,'385','365','1','385',75,116,'2016-08-22 16:02:35',NULL),
	(1458,338,'385','385','1','385',116,1,'2016-08-22 16:02:35',NULL),
	(1459,339,'385','385','1','385',116,1,'2016-08-22 16:02:35',NULL),
	(1460,348,'640','640','2','1280',116,1,'2016-08-22 16:02:35',NULL),
	(1461,355,'470','437','1','470',1,116,'2016-08-22 16:02:35',NULL),
	(1462,388,'1240','1209','2','2480',116,1,'2016-08-22 16:02:35',NULL),
	(1463,421,'1080','1042','2','2160',2,116,'2016-08-22 16:02:35',NULL),
	(1464,437,'600','570','1','600',116,1,'2016-08-22 16:02:35',NULL),
	(1465,444,'420','399','1','420',116,1,'2016-08-22 16:02:35',NULL),
	(1466,13,'800','744','1','800',117,1,'2016-08-23 15:26:43',NULL),
	(1467,25,'440','409','1','440',2,117,'2016-08-23 15:26:43',NULL),
	(1468,36,'480','449','3','1440',6,117,'2016-08-23 15:26:43',NULL),
	(1469,37,'350','325','1','350',5,117,'2016-08-23 15:26:43',NULL),
	(1470,44,'560','520','1','560',8,117,'2016-08-23 15:26:43',NULL),
	(1471,78,'200','186','1','200',117,1,'2016-08-23 15:26:43',NULL),
	(1472,96,'430','399','1','430',9,117,'2016-08-23 15:26:43',NULL),
	(1473,104,'680','646','1','680',117,1,'2016-08-23 15:26:43',NULL),
	(1474,136,'470','437','1','470',1,117,'2016-08-23 15:26:43',NULL),
	(1475,157,'450','418','1','450',5,117,'2016-08-23 15:26:43',NULL),
	(1476,158,'670','636','2','1340',5,117,'2016-08-23 15:26:43',NULL),
	(1477,159,'1155','1101','3','3465',1,117,'2016-08-23 15:26:43',NULL),
	(1478,171,'400','380','1','400',117,1,'2016-08-23 15:26:43',NULL),
	(1479,189,'270','251','1','270',1,117,'2016-08-23 15:26:43',NULL),
	(1480,190,'290','269','1','290',7,117,'2016-08-23 15:26:43',NULL),
	(1481,254,'830','771','1','830',9,117,'2016-08-23 15:26:43',NULL),
	(1482,259,'1140','1060','2','2280',2,117,'2016-08-23 15:26:43',NULL),
	(1483,261,'420','420','1','420',117,1,'2016-08-23 15:26:43',NULL),
	(1484,263,'420','390','1','420',6,117,'2016-08-23 15:26:43',NULL),
	(1485,288,'200','186','2','400',117,1,'2016-08-23 15:26:43',NULL),
	(1486,306,'280','260','1','280',4,117,'2016-08-23 15:26:43',NULL),
	(1487,342,'640','595','2','1280',2,117,'2016-08-23 15:26:43',NULL),
	(1488,349,'320','297','1','320',6,117,'2016-08-23 15:26:43',NULL),
	(1489,351,'320','297','1','320',6,117,'2016-08-23 15:26:43',NULL),
	(1490,352,'640','595','2','1280',2,117,'2016-08-23 15:26:43',NULL),
	(1491,371,'3000','2850','1','3000',117,1,'2016-08-23 15:26:43',NULL),
	(1492,374,'80','74','1','80',4,117,'2016-08-23 15:26:43',NULL),
	(1493,441,'420','390','1','420',6,117,'2016-08-23 15:26:43',NULL),
	(1494,443,'420','390','1','420',6,117,'2016-08-23 15:26:43',NULL),
	(1495,444,'420','390','1','420',6,117,'2016-08-23 15:26:43',NULL),
	(1496,446,'420','390','1','420',6,117,'2016-08-23 15:26:43',NULL),
	(1497,469,'450','418','1','450',5,117,'2016-08-23 15:26:43',NULL),
	(1498,13,'800','800','1','800',118,1,'2016-08-24 16:03:18',NULL),
	(1499,23,'440','440','1','440',118,1,'2016-08-24 16:03:18',NULL),
	(1500,29,'440','440','1','440',118,1,'2016-08-24 16:03:18',NULL),
	(1501,44,'560','560','1','560',118,1,'2016-08-24 16:03:18',NULL),
	(1502,56,'600','600','1','600',118,1,'2016-08-24 16:03:18',NULL),
	(1503,74,'200','200','1','200',118,1,'2016-08-24 16:03:18',NULL),
	(1504,133,'200','200','1','200',118,1,'2016-08-24 16:03:18',NULL),
	(1505,158,'335','335','1','335',118,1,'2016-08-24 16:03:18',NULL),
	(1506,191,'270','270','1','270',118,1,'2016-08-24 16:03:18',NULL),
	(1507,227,'400','400','2','800',118,1,'2016-08-24 16:03:18',NULL),
	(1508,238,'650','650','1','650',118,1,'2016-08-24 16:03:18',NULL),
	(1509,257,'1560','1560','2','3120',118,1,'2016-08-24 16:03:18',NULL),
	(1510,263,'420','420','1','420',118,1,'2016-08-24 16:03:18',NULL),
	(1511,310,'560','560','2','1120',118,1,'2016-08-24 16:03:18',NULL),
	(1512,338,'385','385','1','385',118,1,'2016-08-24 16:03:18',NULL),
	(1513,340,'385','385','1','385',118,1,'2016-08-24 16:03:18',NULL),
	(1514,348,'1280','1280','4','5120',118,1,'2016-08-24 16:03:18',NULL),
	(1515,353,'320','320','1','320',118,1,'2016-08-24 16:03:18',NULL),
	(1516,437,'600','600','1','600',118,1,'2016-08-24 16:03:18',NULL),
	(1517,441,'420','420','1','420',118,1,'2016-08-24 16:03:18',NULL),
	(1518,449,'446','446','1','446',118,1,'2016-08-24 16:03:18',NULL),
	(1519,469,'450','450','1','450',118,1,'2016-08-24 16:03:18',NULL),
	(1520,61,'400','400','1','400',119,1,'2016-08-25 15:57:16',NULL),
	(1521,165,'470','470','1','470',119,1,'2016-08-25 15:57:16',NULL),
	(1522,168,'400','400','1','400',119,1,'2016-08-25 15:57:16',NULL),
	(1523,341,'320','320','1','320',119,1,'2016-08-25 15:57:16',NULL),
	(1524,347,'320','320','1','320',119,1,'2016-08-25 15:57:16',NULL),
	(1525,349,'320','320','1','320',119,1,'2016-08-25 15:57:16',NULL),
	(1526,355,'470','470','1','470',119,1,'2016-08-25 15:57:16',NULL),
	(1527,406,'800','800','1','800',119,1,'2016-08-25 15:57:16',NULL),
	(1528,29,'440','440','1','440',120,1,'2016-08-26 15:09:52',NULL),
	(1529,58,'600','570','1','600',120,1,'2016-08-26 15:09:52',NULL),
	(1530,81,'340','340','1','340',120,1,'2016-08-26 15:09:52',NULL),
	(1531,101,'1800','1683','4','7200',120,1,'2016-08-26 15:09:52',NULL),
	(1532,162,'385','365','1','385',75,120,'2016-08-26 15:09:52',NULL),
	(1533,172,'450','427','1','450',5,120,'2016-08-26 15:09:52',NULL),
	(1534,254,'1660','1543','2','3320',8,120,'2016-08-26 15:09:52',NULL),
	(1535,260,'840','840','2','1680',120,1,'2016-08-26 15:09:52',NULL),
	(1536,289,'200','186','1','200',120,1,'2016-08-26 15:09:52',NULL),
	(1537,297,'560','540','2','1120',4,120,'2016-08-26 15:09:52',NULL),
	(1538,329,'280','280','1','280',120,1,'2016-08-26 15:09:52',NULL),
	(1539,330,'280','266','1','280',120,1,'2016-08-26 15:09:52',NULL),
	(1540,354,'470','470','1','470',120,1,'2016-08-26 15:09:52',NULL),
	(1541,421,'540','513','1','540',120,1,'2016-08-26 15:09:52',NULL),
	(1542,441,'420','390','1','420',6,120,'2016-08-26 15:09:52',NULL),
	(1543,447,'420','420','1','420',120,1,'2016-08-26 15:09:52',NULL),
	(1544,448,'420','390','1','420',6,120,'2016-08-26 15:09:52',NULL),
	(1545,452,'446','446','1','446',120,1,'2016-08-26 15:09:52',NULL),
	(1546,469,'900','877','2','1800',5,120,'2016-08-26 15:09:52',NULL),
	(1547,473,'450','427','1','450',5,120,'2016-08-26 15:09:52',NULL),
	(1548,475,'900','868','2','1800',5,120,'2016-08-26 15:09:52',NULL),
	(1549,22,'440','440','1','440',121,1,'2016-08-27 15:57:07',NULL),
	(1550,23,'1320','1298','3','3960',121,1,'2016-08-27 15:57:07',NULL),
	(1551,25,'440','440','1','440',121,1,'2016-08-27 15:57:07',NULL),
	(1552,28,'440','440','1','440',121,1,'2016-08-27 15:57:07',NULL),
	(1553,29,'440','440','1','440',121,1,'2016-08-27 15:57:07',NULL),
	(1554,54,'650','650','1','650',121,1,'2016-08-27 15:57:07',NULL),
	(1555,61,'400','400','1','400',121,1,'2016-08-27 15:57:07',NULL),
	(1556,72,'400','400','2','800',121,1,'2016-08-27 15:57:07',NULL),
	(1557,76,'200','200','1','200',121,1,'2016-08-27 15:57:07',NULL),
	(1558,101,'450','427','1','450',5,121,'2016-08-27 15:57:07',NULL),
	(1559,120,'350','332','1','350',5,121,'2016-08-27 15:57:07',NULL),
	(1560,158,'335','318','1','335',25,121,'2016-08-27 15:57:07',NULL),
	(1561,211,'1200','1140','1','1200',121,1,'2016-08-27 15:57:07',NULL),
	(1562,260,'420','420','1','420',121,1,'2016-08-27 15:57:07',NULL),
	(1563,263,'840','819','2','1680',121,1,'2016-08-27 15:57:07',NULL),
	(1564,297,'280','280','1','280',121,1,'2016-08-27 15:57:07',NULL),
	(1565,308,'280','280','1','280',121,1,'2016-08-27 15:57:07',NULL),
	(1566,314,'560','560','2','1120',121,1,'2016-08-27 15:57:07',NULL),
	(1567,330,'280','280','1','280',121,1,'2016-08-27 15:57:07',NULL),
	(1568,334,'385','385','1','385',121,1,'2016-08-27 15:57:07',NULL),
	(1569,467,'1800','1777','4','7200',5,121,'2016-08-27 15:57:07',NULL),
	(1570,44,'1120','1120','2','2240',122,1,'2016-08-28 15:04:47',NULL),
	(1571,101,'450','450','1','450',122,1,'2016-08-28 15:04:47',NULL),
	(1572,104,'680','680','1','680',122,1,'2016-08-28 15:04:47',NULL),
	(1573,120,'350','350','1','350',122,1,'2016-08-28 15:04:47',NULL),
	(1574,136,'470','470','1','470',122,1,'2016-08-28 15:04:47',NULL),
	(1575,157,'450','450','1','450',122,1,'2016-08-28 15:04:47',NULL),
	(1576,171,'400','400','1','400',122,1,'2016-08-28 15:04:47',NULL),
	(1577,183,'350','350','1','350',122,1,'2016-08-28 15:04:47',NULL),
	(1578,184,'300','300','1','300',122,1,'2016-08-28 15:04:47',NULL),
	(1579,187,'270','270','1','270',122,1,'2016-08-28 15:04:47',NULL),
	(1580,189,'270','270','1','270',122,1,'2016-08-28 15:04:47',NULL),
	(1581,230,'700','700','1','700',122,1,'2016-08-28 15:04:47',NULL),
	(1582,231,'570','570','1','570',122,1,'2016-08-28 15:04:47',NULL),
	(1583,263,'420','420','1','420',122,1,'2016-08-28 15:04:47',NULL),
	(1584,264,'280','280','1','280',122,1,'2016-08-28 15:04:47',NULL),
	(1585,290,'1040','1040','4','4160',122,1,'2016-08-28 15:04:47',NULL),
	(1586,296,'780','780','3','2340',122,1,'2016-08-28 15:04:47',NULL),
	(1587,297,'780','780','3','2340',122,1,'2016-08-28 15:04:47',NULL),
	(1588,308,'1040','1040','4','4160',122,1,'2016-08-28 15:04:47',NULL),
	(1589,314,'260','260','1','260',122,1,'2016-08-28 15:04:47',NULL),
	(1590,441,'1260','1260','3','3780',122,1,'2016-08-28 15:04:47',NULL),
	(1591,450,'446','446','1','446',122,1,'2016-08-28 15:04:47',NULL),
	(1592,470,'420','420','1','420',122,1,'2016-08-28 15:04:47',NULL),
	(1593,473,'420','420','1','420',122,1,'2016-08-28 15:04:47',NULL),
	(1594,475,'420','420','1','420',122,1,'2016-08-28 15:04:47',NULL),
	(1595,79,'200','200','1','200',123,1,'2016-08-29 14:19:45',NULL),
	(1596,121,'1360','1360','2','2720',123,1,'2016-08-29 14:19:45',NULL),
	(1597,162,'385','385','1','385',123,1,'2016-08-29 14:19:45',NULL),
	(1598,168,'400','400','1','400',123,1,'2016-08-29 14:19:45',NULL),
	(1599,290,'260','260','1','260',123,1,'2016-08-29 14:19:45',NULL),
	(1600,308,'260','260','1','260',123,1,'2016-08-29 14:19:45',NULL),
	(1601,310,'260','260','1','260',123,1,'2016-08-29 14:19:45',NULL),
	(1602,314,'260','260','1','260',123,1,'2016-08-29 14:19:45',NULL),
	(1603,471,'520','520','1','520',123,1,'2016-08-29 14:19:45',NULL),
	(1604,24,'800','760','1','800',124,1,'2016-08-30 15:47:20',NULL),
	(1605,25,'410','410','1','410',124,1,'2016-08-30 15:47:20',NULL),
	(1606,37,'350','350','1','350',124,1,'2016-08-30 15:47:20',NULL),
	(1607,61,'400','400','1','400',124,1,'2016-08-30 15:47:20',NULL),
	(1608,91,'500','500','1','500',124,1,'2016-08-30 15:47:20',NULL),
	(1609,96,'410','410','1','410',124,1,'2016-08-30 15:47:20',NULL),
	(1610,97,'410','410','1','410',124,1,'2016-08-30 15:47:20',NULL),
	(1611,101,'1800','1777','4','7200',5,124,'2016-08-30 15:47:20',NULL),
	(1612,120,'700','682','2','1400',5,124,'2016-08-30 15:47:20',NULL),
	(1613,135,'310','310','1','310',124,1,'2016-08-30 15:47:20',NULL),
	(1614,136,'470','470','1','470',124,1,'2016-08-30 15:47:20',NULL),
	(1615,158,'335','335','1','335',124,1,'2016-08-30 15:47:20',NULL),
	(1616,162,'385','365','1','385',75,124,'2016-08-30 15:47:20',NULL),
	(1617,167,'400','400','1','400',124,1,'2016-08-30 15:47:20',NULL),
	(1618,168,'400','400','1','400',124,1,'2016-08-30 15:47:20',NULL),
	(1619,169,'400','400','1','400',124,1,'2016-08-30 15:47:20',NULL),
	(1620,172,'900','900','2','1800',124,1,'2016-08-30 15:47:20',NULL),
	(1621,186,'800','800','2','1600',124,1,'2016-08-30 15:47:20',NULL),
	(1622,193,'680','680','1','680',124,1,'2016-08-30 15:47:20',NULL),
	(1623,227,'1000','1000','5','5000',124,1,'2016-08-30 15:47:20',NULL),
	(1624,263,'420','399','1','420',124,1,'2016-08-30 15:47:20',NULL),
	(1625,289,'200','200','1','200',124,1,'2016-08-30 15:47:20',NULL),
	(1626,338,'385','385','1','385',124,1,'2016-08-30 15:47:20',NULL),
	(1627,341,'320','320','1','320',124,1,'2016-08-30 15:47:20',NULL),
	(1628,343,'320','320','1','320',124,1,'2016-08-30 15:47:20',NULL),
	(1629,347,'320','320','1','320',124,1,'2016-08-30 15:47:20',NULL),
	(1630,355,'470','470','1','470',124,1,'2016-08-30 15:47:20',NULL),
	(1631,367,'3000','2850','1','3000',124,1,'2016-08-30 15:47:20',NULL),
	(1632,382,'700','700','2','1400',124,1,'2016-08-30 15:47:20',NULL),
	(1633,406,'800','800','1','800',124,1,'2016-08-30 15:47:20',NULL),
	(1634,413,'2200','2200','1','2200',124,1,'2016-08-30 15:47:20',NULL),
	(1635,441,'420','420','1','420',124,1,'2016-08-30 15:47:20',NULL),
	(1636,469,'420','399','1','420',124,1,'2016-08-30 15:47:20',NULL),
	(1637,471,'520','494','1','520',124,1,'2016-08-30 15:47:20',NULL),
	(1638,475,'420','420','1','420',124,1,'2016-08-30 15:47:20',NULL),
	(1639,486,'500','500','1','500',124,1,'2016-08-30 15:47:20',NULL),
	(1640,13,'800','800','1','800',125,1,'2016-08-31 15:34:28',NULL),
	(1641,25,'410','410','1','410',125,1,'2016-08-31 15:34:28',NULL),
	(1642,30,'160','160','1','160',125,1,'2016-08-31 15:34:28',NULL),
	(1643,31,'160','160','1','160',125,1,'2016-08-31 15:34:28',NULL),
	(1644,35,'160','160','1','160',125,1,'2016-08-31 15:34:28',NULL),
	(1645,73,'200','200','1','200',125,1,'2016-08-31 15:34:28',NULL),
	(1646,76,'200','200','1','200',125,1,'2016-08-31 15:34:28',NULL),
	(1647,79,'200','200','1','200',125,1,'2016-08-31 15:34:28',NULL),
	(1648,81,'340','340','1','340',125,1,'2016-08-31 15:34:28',NULL),
	(1649,91,'500','500','1','500',125,1,'2016-08-31 15:34:28',NULL),
	(1650,101,'1350','1350','3','4050',125,1,'2016-08-31 15:34:28',NULL),
	(1651,120,'700','700','2','1400',125,1,'2016-08-31 15:34:28',NULL),
	(1652,133,'200','190','1','200',125,1,'2016-08-31 15:34:28',NULL),
	(1653,167,'400','400','1','400',125,1,'2016-08-31 15:34:28',NULL),
	(1654,168,'400','400','1','400',125,1,'2016-08-31 15:34:28',NULL),
	(1655,169,'400','400','1','400',125,1,'2016-08-31 15:34:28',NULL),
	(1656,171,'400','400','1','400',125,1,'2016-08-31 15:34:28',NULL),
	(1657,172,'900','900','2','1800',125,1,'2016-08-31 15:34:28',NULL),
	(1658,198,'1200','1200','1','1200',125,1,'2016-08-31 15:34:28',NULL),
	(1659,227,'200','200','1','200',125,1,'2016-08-31 15:34:28',NULL),
	(1660,229,'1120','1120','2','2240',125,1,'2016-08-31 15:34:28',NULL),
	(1661,243,'300','300','1','300',125,1,'2016-08-31 15:34:28',NULL),
	(1662,249,'720','720','1','720',125,1,'2016-08-31 15:34:28',NULL),
	(1663,255,'780','780','1','780',125,1,'2016-08-31 15:34:28',NULL),
	(1664,257,'780','780','1','780',125,1,'2016-08-31 15:34:28',NULL),
	(1665,259,'500','500','1','500',125,1,'2016-08-31 15:34:28',NULL),
	(1666,290,'260','260','1','260',125,1,'2016-08-31 15:34:28',NULL),
	(1667,296,'260','260','1','260',125,1,'2016-08-31 15:34:28',NULL),
	(1668,329,'260','260','1','260',125,1,'2016-08-31 15:34:28',NULL),
	(1669,331,'600','600','2','1200',125,1,'2016-08-31 15:34:28',NULL),
	(1670,334,'385','385','1','385',125,1,'2016-08-31 15:34:28',NULL),
	(1671,337,'770','770','2','1540',125,1,'2016-08-31 15:34:28',NULL),
	(1672,340,'385','385','1','385',125,1,'2016-08-31 15:34:28',NULL),
	(1673,342,'320','320','1','320',125,1,'2016-08-31 15:34:28',NULL),
	(1674,343,'640','640','2','1280',125,1,'2016-08-31 15:34:28',NULL),
	(1675,349,'1280','1280','4','5120',125,1,'2016-08-31 15:34:28',NULL),
	(1676,350,'640','640','2','1280',125,1,'2016-08-31 15:34:28',NULL),
	(1677,353,'320','320','1','320',125,1,'2016-08-31 15:34:28',NULL),
	(1678,362,'3000','2850','1','3000',125,1,'2016-08-31 15:34:28',NULL),
	(1679,364,'3000','2850','1','3000',125,1,'2016-08-31 15:34:28',NULL),
	(1680,367,'3000','2850','1','3000',125,1,'2016-08-31 15:34:28',NULL),
	(1681,421,'540','540','1','540',125,1,'2016-08-31 15:34:28',NULL),
	(1682,427,'550','550','1','550',125,1,'2016-08-31 15:34:28',NULL),
	(1683,441,'420','420','1','420',125,1,'2016-08-31 15:34:28',NULL),
	(1684,448,'420','420','1','420',125,1,'2016-08-31 15:34:28',NULL),
	(1685,22,'410','410','1','410',126,1,'2016-09-01 15:51:21',NULL),
	(1686,26,'410','410','1','410',126,1,'2016-09-01 15:51:21',NULL),
	(1687,27,'410','410','1','410',126,1,'2016-09-01 15:51:21',NULL),
	(1688,37,'350','350','1','350',126,1,'2016-09-01 15:51:21',NULL),
	(1689,38,'350','350','1','350',126,1,'2016-09-01 15:51:21',NULL),
	(1690,58,'600','600','1','600',126,1,'2016-09-01 15:51:21',NULL),
	(1691,81,'680','680','2','1360',126,1,'2016-09-01 15:51:21',NULL),
	(1692,120,'700','700','2','1400',126,1,'2016-09-01 15:51:21',NULL),
	(1693,171,'400','400','1','400',126,1,'2016-09-01 15:51:21',NULL),
	(1694,310,'780','780','3','2340',126,1,'2016-09-01 15:51:21',NULL),
	(1695,314,'520','520','2','1040',126,1,'2016-09-01 15:51:21',NULL),
	(1696,329,'260','260','1','260',126,1,'2016-09-01 15:51:21',NULL),
	(1697,330,'260','260','1','260',126,1,'2016-09-01 15:51:21',NULL),
	(1698,340,'385','385','1','385',126,1,'2016-09-01 15:51:21',NULL),
	(1699,348,'640','640','2','1280',126,1,'2016-09-01 15:51:21',NULL),
	(1700,349,'320','320','1','320',126,1,'2016-09-01 15:51:21',NULL),
	(1701,406,'800','800','1','800',126,1,'2016-09-01 15:51:21',NULL),
	(1702,441,'420','420','1','420',126,1,'2016-09-01 15:51:21',NULL),
	(1703,447,'420','420','1','420',126,1,'2016-09-01 15:51:21',NULL),
	(1704,448,'420','420','1','420',126,1,'2016-09-01 15:51:21',NULL),
	(1705,449,'446','446','1','446',126,1,'2016-09-01 15:51:21',NULL),
	(1706,473,'420','420','1','420',126,1,'2016-09-01 15:51:21',NULL),
	(1707,477,'580','580','1','580',126,1,'2016-09-01 15:51:21',NULL),
	(1708,26,'410','410','1','410',127,1,'2016-09-02 16:08:17',NULL),
	(1709,28,'410','410','1','410',127,1,'2016-09-02 16:08:17',NULL),
	(1710,58,'600','600','1','600',127,1,'2016-09-02 16:08:17',NULL),
	(1711,97,'820','820','2','1640',127,1,'2016-09-02 16:08:17',NULL),
	(1712,101,'450','450','1','450',127,1,'2016-09-02 16:08:17',NULL),
	(1713,104,'680','680','1','680',127,1,'2016-09-02 16:08:17',NULL),
	(1714,120,'350','350','1','350',127,1,'2016-09-02 16:08:17',NULL),
	(1715,135,'310','310','1','310',127,1,'2016-09-02 16:08:17',NULL),
	(1716,156,'900','900','2','1800',127,1,'2016-09-02 16:08:17',NULL),
	(1717,158,'335','335','1','335',127,1,'2016-09-02 16:08:17',NULL),
	(1718,164,'650','650','1','650',127,1,'2016-09-02 16:08:17',NULL),
	(1719,169,'400','400','1','400',127,1,'2016-09-02 16:08:17',NULL),
	(1720,183,'350','350','1','350',127,1,'2016-09-02 16:08:17',NULL),
	(1721,184,'300','300','1','300',127,1,'2016-09-02 16:08:17',NULL),
	(1722,186,'800','800','2','1600',127,1,'2016-09-02 16:08:17',NULL),
	(1723,191,'270','270','1','270',127,1,'2016-09-02 16:08:17',NULL),
	(1724,201,'1300','1300','1','1300',127,1,'2016-09-02 16:08:17',NULL),
	(1725,227,'200','200','1','200',127,1,'2016-09-02 16:08:17',NULL),
	(1726,249,'720','720','1','720',127,1,'2016-09-02 16:08:17',NULL),
	(1727,253,'350','350','1','350',127,1,'2016-09-02 16:08:17',NULL),
	(1728,257,'780','780','1','780',127,1,'2016-09-02 16:08:17',NULL),
	(1729,296,'260','260','1','260',127,1,'2016-09-02 16:08:17',NULL),
	(1730,306,'260','260','1','260',127,1,'2016-09-02 16:08:17',NULL),
	(1731,310,'520','520','2','1040',127,1,'2016-09-02 16:08:17',NULL),
	(1732,329,'260','260','1','260',127,1,'2016-09-02 16:08:17',NULL),
	(1733,330,'260','260','1','260',127,1,'2016-09-02 16:08:17',NULL),
	(1734,334,'385','385','1','385',127,1,'2016-09-02 16:08:17',NULL),
	(1735,339,'385','385','1','385',127,1,'2016-09-02 16:08:17',NULL),
	(1736,341,'640','640','2','1280',127,1,'2016-09-02 16:08:17',NULL),
	(1737,344,'320','320','1','320',127,1,'2016-09-02 16:08:17',NULL),
	(1738,347,'320','320','1','320',127,1,'2016-09-02 16:08:17',NULL),
	(1739,352,'320','320','1','320',127,1,'2016-09-02 16:08:17',NULL),
	(1740,355,'470','470','1','470',127,1,'2016-09-02 16:08:17',NULL),
	(1741,374,'80','80','1','80',127,1,'2016-09-02 16:08:17',NULL),
	(1742,421,'540','540','1','540',127,1,'2016-09-02 16:08:17',NULL),
	(1743,422,'540','540','1','540',127,1,'2016-09-02 16:08:17',NULL),
	(1744,441,'420','420','1','420',127,1,'2016-09-02 16:08:17',NULL),
	(1745,473,'1260','1260','3','3780',127,1,'2016-09-02 16:08:17',NULL),
	(1746,475,'420','420','1','420',127,1,'2016-09-02 16:08:17',NULL),
	(1747,486,'500','500','1','500',127,1,'2016-09-02 16:08:17',NULL),
	(1748,28,'410','410','1','410',128,1,'2016-09-03 15:03:39',NULL),
	(1749,33,'180','180','1','180',128,1,'2016-09-03 15:03:39',NULL),
	(1750,91,'500','500','1','500',128,1,'2016-09-03 15:03:39',NULL),
	(1751,101,'450','450','1','450',128,1,'2016-09-03 15:03:39',NULL),
	(1752,137,'310','310','1','310',128,1,'2016-09-03 15:03:39',NULL),
	(1753,162,'770','770','2','1540',128,1,'2016-09-03 15:03:39',NULL),
	(1754,189,'270','270','1','270',128,1,'2016-09-03 15:03:39',NULL),
	(1755,216,'385','385','1','385',128,1,'2016-09-03 15:03:39',NULL),
	(1756,296,'260','260','1','260',128,1,'2016-09-03 15:03:39',NULL),
	(1757,314,'520','520','2','1040',128,1,'2016-09-03 15:03:39',NULL),
	(1758,329,'520','520','2','1040',128,1,'2016-09-03 15:03:39',NULL),
	(1759,341,'640','640','2','1280',128,1,'2016-09-03 15:03:39',NULL),
	(1760,342,'320','320','1','320',128,1,'2016-09-03 15:03:39',NULL),
	(1761,344,'640','640','2','1280',128,1,'2016-09-03 15:03:39',NULL),
	(1762,473,'420','420','1','420',128,1,'2016-09-03 15:03:39',NULL),
	(1763,61,'400','400','1','400',129,1,'2016-09-04 15:13:55',NULL),
	(1764,78,'200','200','1','200',129,1,'2016-09-04 15:13:55',NULL),
	(1765,157,'450','450','1','450',129,1,'2016-09-04 15:13:55',NULL),
	(1766,161,'800','800','1','800',129,1,'2016-09-04 15:13:55',NULL),
	(1767,195,'1200','1200','1','1200',129,1,'2016-09-04 15:13:55',NULL),
	(1768,406,'800','800','1','800',129,1,'2016-09-04 15:13:55',NULL),
	(1769,449,'446','446','1','446',129,1,'2016-09-04 15:13:55',NULL),
	(1770,480,'580','580','1','580',129,1,'2016-09-04 15:13:55',NULL),
	(1771,489,'360','360','1','360',129,1,'2016-09-04 15:13:55',NULL),
	(1772,171,'400','400','1','400',130,1,'2016-09-05 15:22:25',NULL),
	(1773,192,'560','560','1','560',130,1,'2016-09-05 15:22:25',NULL),
	(1774,227,'200','200','1','200',130,1,'2016-09-05 15:22:25',NULL),
	(1775,262,'640','640','1','640',130,1,'2016-09-05 15:22:25',NULL),
	(1776,336,'400','400','1','400',130,1,'2016-09-05 15:22:25',NULL),
	(1777,339,'385','385','1','385',130,1,'2016-09-05 15:22:25',NULL),
	(1778,422,'540','540','1','540',130,1,'2016-09-05 15:22:25',NULL),
	(1779,438,'650','650','1','650',130,1,'2016-09-05 15:22:25',NULL),
	(1780,451,'446','446','1','446',130,1,'2016-09-05 15:22:25',NULL),
	(1781,12,'1460','1460','1','1460',131,1,'2016-09-06 15:23:38',NULL),
	(1782,13,'800','800','1','800',131,1,'2016-09-06 15:23:38',NULL),
	(1783,22,'410','410','1','410',131,1,'2016-09-06 15:23:38',NULL),
	(1784,70,'300','300','1','300',131,1,'2016-09-06 15:23:38',NULL),
	(1785,73,'200','200','1','200',131,1,'2016-09-06 15:23:38',NULL),
	(1786,88,'800','800','1','800',131,1,'2016-09-06 15:23:38',NULL),
	(1787,156,'450','450','1','450',131,1,'2016-09-06 15:23:38',NULL),
	(1788,249,'720','720','1','720',131,1,'2016-09-06 15:23:38',NULL),
	(1789,255,'780','780','1','780',131,1,'2016-09-06 15:23:38',NULL),
	(1790,345,'320','320','1','320',131,1,'2016-09-06 15:23:38',NULL),
	(1791,353,'320','320','1','320',131,1,'2016-09-06 15:23:38',NULL),
	(1792,408,'900','900','1','900',131,1,'2016-09-06 15:23:38',NULL),
	(1793,216,'385','385','1','385',132,1,'2016-09-07 06:46:40',NULL),
	(1794,283,'500','500','1','500',132,1,'2016-09-07 06:46:40',NULL),
	(1795,348,'-320','-320','-1','320',132,1,'2016-09-07 06:46:40',NULL),
	(1796,11,'250','232','1','250',5,133,'2016-09-07 15:17:10',NULL),
	(1797,56,'1200','1116','2','2400',133,1,'2016-09-07 15:17:10',NULL),
	(1798,57,'2400','2232','2','4800',133,1,'2016-09-07 15:17:10',NULL),
	(1799,75,'200','200','1','200',133,1,'2016-09-07 15:17:10',NULL),
	(1800,104,'680','646','1','680',133,1,'2016-09-07 15:17:10',NULL),
	(1801,125,'620','576','1','620',6,133,'2016-09-07 15:17:10',NULL),
	(1802,157,'450','418','1','450',5,133,'2016-09-07 15:17:10',NULL),
	(1803,162,'385','385','1','385',133,1,'2016-09-07 15:17:10',NULL),
	(1804,207,'1200','1200','1','1200',133,1,'2016-09-07 15:17:10',NULL),
	(1805,227,'600','580','3','1800',133,1,'2016-09-07 15:17:10',NULL),
	(1806,237,'1300','1235','2','2600',133,1,'2016-09-07 15:17:10',NULL),
	(1807,238,'650','650','1','650',133,1,'2016-09-07 15:17:10',NULL),
	(1808,318,'330','306','3','990',9,133,'2016-09-07 15:17:10',NULL),
	(1809,320,'260','260','1','260',133,1,'2016-09-07 15:17:10',NULL),
	(1810,348,'640','595','2','1280',2,133,'2016-09-07 15:17:10',NULL),
	(1811,363,'3000','2790','1','3000',133,1,'2016-09-07 15:17:10',NULL),
	(1812,369,'3000','2850','1','3000',133,1,'2016-09-07 15:17:10',NULL),
	(1813,372,'3000','2850','1','3000',133,1,'2016-09-07 15:17:10',NULL),
	(1814,427,'550','511','1','550',5,133,'2016-09-07 15:17:10',NULL),
	(1815,430,'700','700','1','700',133,1,'2016-09-07 15:17:10',NULL),
	(1816,453,'240','223','1','240',2,133,'2016-09-07 15:17:10',NULL),
	(1817,487,'250','232','1','250',5,133,'2016-09-07 15:17:10',NULL),
	(1818,44,'560','532','1','560',134,1,'2016-09-08 15:24:24',NULL),
	(1819,94,'410','381','1','410',3,134,'2016-09-08 15:24:24',NULL),
	(1820,104,'1360','1326','2','2720',134,1,'2016-09-08 15:24:24',NULL),
	(1821,156,'450','418','1','450',5,134,'2016-09-08 15:24:24',NULL),
	(1822,164,'650','617','1','650',5,134,'2016-09-08 15:24:24',NULL),
	(1823,169,'400','372','1','400',134,1,'2016-09-08 15:24:24',NULL),
	(1824,182,'700','665','1','700',134,1,'2016-09-08 15:24:24',NULL),
	(1825,237,'650','617','1','650',5,134,'2016-09-08 15:24:24',NULL),
	(1826,247,'640','640','1','640',134,1,'2016-09-08 15:24:24',NULL),
	(1827,257,'780','725','1','780',4,134,'2016-09-08 15:24:24',NULL),
	(1828,259,'500','500','1','500',134,1,'2016-09-08 15:24:24',NULL),
	(1829,306,'260','247','1','260',134,1,'2016-09-08 15:24:24',NULL),
	(1830,315,'275','255','1','275',75,134,'2016-09-08 15:24:24',NULL),
	(1831,316,'385','358','1','385',5,134,'2016-09-08 15:24:24',NULL),
	(1832,341,'1280','1190','4','5120',4,134,'2016-09-08 15:24:24',NULL),
	(1833,347,'640','595','2','1280',2,134,'2016-09-08 15:24:24',NULL),
	(1834,350,'320','297','1','320',6,134,'2016-09-08 15:24:24',NULL),
	(1835,378,'600','570','3','1800',134,1,'2016-09-08 15:24:24',NULL),
	(1836,431,'700','651','1','700',134,1,'2016-09-08 15:24:24',NULL),
	(1837,441,'420','390','1','420',6,134,'2016-09-08 15:24:24',NULL),
	(1838,443,'420','399','1','420',134,1,'2016-09-08 15:24:24',NULL),
	(1839,450,'446','446','1','446',134,1,'2016-09-08 15:24:24',NULL),
	(1840,483,'490','465','1','490',5,134,'2016-09-08 15:24:24',NULL),
	(1841,28,'410','410','1','410',135,1,'2016-09-09 15:34:38',NULL),
	(1842,55,'650','650','1','650',135,1,'2016-09-09 15:34:38',NULL),
	(1843,69,'300','300','1','300',135,1,'2016-09-09 15:34:38',NULL),
	(1844,104,'680','680','1','680',135,1,'2016-09-09 15:34:38',NULL),
	(1845,260,'420','420','1','420',135,1,'2016-09-09 15:34:38',NULL),
	(1846,263,'420','420','1','420',135,1,'2016-09-09 15:34:38',NULL),
	(1847,345,'640','640','2','1280',135,1,'2016-09-09 15:34:38',NULL),
	(1848,378,'200','200','1','200',135,1,'2016-09-09 15:34:38',NULL),
	(1849,441,'840','840','2','1680',135,1,'2016-09-09 15:34:38',NULL),
	(1850,26,'1230','1209','3','3690',5,136,'2016-09-10 15:44:30',NULL),
	(1851,45,'540','540','1','540',136,1,'2016-09-10 15:44:30',NULL),
	(1852,87,'600','570','1','600',136,1,'2016-09-10 15:44:30',NULL),
	(1853,91,'500','475','1','500',136,1,'2016-09-10 15:44:30',NULL),
	(1854,148,'806','806','1','806',136,1,'2016-09-10 15:44:30',NULL),
	(1855,159,'1155','1135','3','3465',75,136,'2016-09-10 15:44:30',NULL),
	(1856,168,'400','380','1','400',136,1,'2016-09-10 15:44:30',NULL),
	(1857,171,'400','400','1','400',136,1,'2016-09-10 15:44:30',NULL),
	(1858,204,'1200','1200','1','1200',136,1,'2016-09-10 15:44:30',NULL),
	(1859,227,'200','200','1','200',136,1,'2016-09-10 15:44:30',NULL),
	(1860,255,'1560','1560','2','3120',136,1,'2016-09-10 15:44:30',NULL),
	(1861,378,'1200','1160','6','7200',136,1,'2016-09-10 15:44:30',NULL),
	(1862,441,'840','840','2','1680',136,1,'2016-09-10 15:44:30',NULL),
	(1863,453,'240','228','1','240',136,1,'2016-09-10 15:44:30',NULL),
	(1864,466,'520','520','1','520',136,1,'2016-09-10 15:44:30',NULL),
	(1865,467,'420','420','1','420',136,1,'2016-09-10 15:44:30',NULL),
	(1866,470,'420','420','1','420',136,1,'2016-09-10 15:44:30',NULL),
	(1867,483,'490','465','1','490',5,136,'2016-09-10 15:44:30',NULL),
	(1868,23,'410','410','1','410',137,1,'2016-09-11 14:57:32',NULL),
	(1869,25,'410','389','1','410',5,137,'2016-09-11 14:57:32',NULL),
	(1870,46,'530','530','1','530',137,1,'2016-09-11 14:57:32',NULL),
	(1871,94,'410','410','1','410',137,1,'2016-09-11 14:57:32',NULL),
	(1872,96,'410','410','1','410',137,1,'2016-09-11 14:57:32',NULL),
	(1873,146,'620','589','1','620',137,1,'2016-09-11 14:57:32',NULL),
	(1874,159,'385','385','1','385',137,1,'2016-09-11 14:57:32',NULL),
	(1875,177,'900','855','1','900',137,1,'2016-09-11 14:57:32',NULL),
	(1876,220,'1800','1710','1','1800',137,1,'2016-09-11 14:57:32',NULL),
	(1877,222,'1000','1000','1','1000',137,1,'2016-09-11 14:57:32',NULL),
	(1878,227,'400','390','2','800',137,1,'2016-09-11 14:57:32',NULL),
	(1879,260,'1260','1218','3','3780',137,1,'2016-09-11 14:57:32',NULL),
	(1880,261,'420','420','1','420',137,1,'2016-09-11 14:57:32',NULL),
	(1881,262,'640','640','1','640',137,1,'2016-09-11 14:57:32',NULL),
	(1882,318,'110','110','1','110',137,1,'2016-09-11 14:57:32',NULL),
	(1883,355,'470','470','1','470',137,1,'2016-09-11 14:57:32',NULL),
	(1884,378,'1200','1160','6','7200',137,1,'2016-09-11 14:57:32',NULL),
	(1885,467,'420','420','1','420',137,1,'2016-09-11 14:57:32',NULL),
	(1886,470,'420','420','1','420',137,1,'2016-09-11 14:57:32',NULL),
	(1887,25,'410','389','1','410',5,138,'2016-09-12 15:19:05',NULL),
	(1888,26,'820','820','2','1640',138,1,'2016-09-12 15:19:05',NULL),
	(1889,28,'410','389','1','410',5,138,'2016-09-12 15:19:05',NULL),
	(1890,93,'790','750','1','790',5,138,'2016-09-12 15:19:05',NULL),
	(1891,159,'385','385','1','385',138,1,'2016-09-12 15:19:05',NULL),
	(1892,173,'600','600','1','600',138,1,'2016-09-12 15:19:05',NULL),
	(1893,174,'600','600','1','600',138,1,'2016-09-12 15:19:05',NULL),
	(1894,187,'270','270','1','270',138,1,'2016-09-12 15:19:05',NULL),
	(1895,189,'270','270','1','270',138,1,'2016-09-12 15:19:05',NULL),
	(1896,191,'270','270','1','270',138,1,'2016-09-12 15:19:05',NULL),
	(1897,259,'500','475','1','500',138,1,'2016-09-12 15:19:05',NULL),
	(1898,260,'420','420','1','420',138,1,'2016-09-12 15:19:05',NULL),
	(1899,353,'320','320','1','320',138,1,'2016-09-12 15:19:05',NULL),
	(1900,378,'400','400','2','800',138,1,'2016-09-12 15:19:05',NULL),
	(1901,427,'550','522','1','550',5,138,'2016-09-12 15:19:05',NULL),
	(1902,430,'700','665','1','700',138,1,'2016-09-12 15:19:05',NULL),
	(1903,446,'420','420','1','420',138,1,'2016-09-12 15:19:05',NULL),
	(1904,465,'840','819','2','1680',138,1,'2016-09-12 15:19:05',NULL),
	(1905,469,'840','819','2','1680',138,1,'2016-09-12 15:19:05',NULL),
	(1906,470,'420','420','1','420',138,1,'2016-09-12 15:19:05',NULL),
	(1907,28,'410','410','1','410',139,1,'2016-09-13 11:08:27',NULL),
	(1908,227,'200','200','1','200',139,1,'2016-09-13 11:08:27',NULL),
	(1909,25,'820','820','2','1640',140,1,'2016-09-14 15:34:15',NULL),
	(1910,27,'410','410','1','410',140,1,'2016-09-14 15:34:15',NULL),
	(1911,34,'480','480','3','1440',140,1,'2016-09-14 15:34:15',NULL),
	(1912,36,'160','160','1','160',140,1,'2016-09-14 15:34:15',NULL),
	(1913,41,'190','190','1','190',140,1,'2016-09-14 15:34:15',NULL),
	(1914,58,'600','600','1','600',140,1,'2016-09-14 15:34:15',NULL),
	(1915,94,'1230','1230','3','3690',140,1,'2016-09-14 15:34:15',NULL),
	(1916,96,'410','410','1','410',140,1,'2016-09-14 15:34:15',NULL),
	(1917,106,'1520','1520','4','6080',140,1,'2016-09-14 15:34:15',NULL),
	(1918,122,'410','410','1','410',140,1,'2016-09-14 15:34:15',NULL),
	(1919,133,'250','250','1','250',140,1,'2016-09-14 15:34:15',NULL),
	(1920,159,'770','770','2','1540',140,1,'2016-09-14 15:34:15',NULL),
	(1921,230,'700','700','1','700',140,1,'2016-09-14 15:34:15',NULL),
	(1922,248,'640','640','1','640',140,1,'2016-09-14 15:34:15',NULL),
	(1923,260,'1680','1680','4','6720',140,1,'2016-09-14 15:34:15',NULL),
	(1924,262,'640','640','1','640',140,1,'2016-09-14 15:34:15',NULL),
	(1925,296,'260','260','1','260',140,1,'2016-09-14 15:34:15',NULL),
	(1926,297,'260','260','1','260',140,1,'2016-09-14 15:34:15',NULL),
	(1927,299,'200','200','1','200',140,1,'2016-09-14 15:34:15',NULL),
	(1928,300,'520','520','2','1040',140,1,'2016-09-14 15:34:15',NULL),
	(1929,314,'260','260','1','260',140,1,'2016-09-14 15:34:15',NULL),
	(1930,322,'260','260','1','260',140,1,'2016-09-14 15:34:15',NULL),
	(1931,329,'260','260','1','260',140,1,'2016-09-14 15:34:15',NULL),
	(1932,336,'400','400','1','400',140,1,'2016-09-14 15:34:15',NULL),
	(1933,378,'400','400','2','800',140,1,'2016-09-14 15:34:15',NULL),
	(1934,429,'500','500','1','500',140,1,'2016-09-14 15:34:15',NULL),
	(1935,465,'420','420','1','420',140,1,'2016-09-14 15:34:15',NULL),
	(1936,467,'420','420','1','420',140,1,'2016-09-14 15:34:15',NULL),
	(1937,469,'2100','2100','5','10500',140,1,'2016-09-14 15:34:15',NULL),
	(1938,473,'420','420','1','420',140,1,'2016-09-14 15:34:15',NULL),
	(1939,34,'480','480','3','1440',141,1,'2016-09-15 15:05:50',NULL),
	(1940,36,'320','320','2','640',141,1,'2016-09-15 15:05:50',NULL),
	(1941,41,'190','190','1','190',141,1,'2016-09-15 15:05:50',NULL),
	(1942,101,'450','450','1','450',141,1,'2016-09-15 15:05:50',NULL),
	(1943,106,'760','760','2','1520',141,1,'2016-09-15 15:05:50',NULL),
	(1944,159,'770','770','2','1540',141,1,'2016-09-15 15:05:50',NULL),
	(1945,260,'420','420','1','420',141,1,'2016-09-15 15:05:50',NULL),
	(1946,261,'420','420','1','420',141,1,'2016-09-15 15:05:50',NULL),
	(1947,296,'260','260','1','260',141,1,'2016-09-15 15:05:50',NULL),
	(1948,315,'275','275','1','275',141,1,'2016-09-15 15:05:50',NULL),
	(1949,465,'420','420','1','420',141,1,'2016-09-15 15:05:50',NULL),
	(1950,28,'410','410','1','410',142,1,'2016-09-16 15:04:09',NULL),
	(1951,34,'160','160','1','160',142,1,'2016-09-16 15:04:09',NULL),
	(1952,36,'480','480','3','1440',142,1,'2016-09-16 15:04:09',NULL),
	(1953,41,'190','190','1','190',142,1,'2016-09-16 15:04:09',NULL),
	(1954,47,'1590','1590','3','4770',142,1,'2016-09-16 15:04:09',NULL),
	(1955,49,'800','760','1','800',142,1,'2016-09-16 15:04:09',NULL),
	(1956,54,'800','760','1','800',142,1,'2016-09-16 15:04:09',NULL),
	(1957,120,'1050','1050','3','3150',142,1,'2016-09-16 15:04:09',NULL),
	(1958,131,'385','365','1','385',75,142,'2016-09-16 15:04:09',NULL),
	(1959,159,'385','385','1','385',142,1,'2016-09-16 15:04:09',NULL),
	(1960,164,'650','617','1','650',5,142,'2016-09-16 15:04:09',NULL),
	(1961,165,'470','446','1','470',5,142,'2016-09-16 15:04:09',NULL),
	(1962,183,'350','332','1','350',5,142,'2016-09-16 15:04:09',NULL),
	(1963,184,'300','285','1','300',142,1,'2016-09-16 15:04:09',NULL),
	(1964,260,'420','420','1','420',142,1,'2016-09-16 15:04:09',NULL),
	(1965,261,'420','420','1','420',142,1,'2016-09-16 15:04:09',NULL),
	(1966,290,'260','260','1','260',142,1,'2016-09-16 15:04:09',NULL),
	(1967,296,'260','260','1','260',142,1,'2016-09-16 15:04:09',NULL),
	(1968,297,'260','260','1','260',142,1,'2016-09-16 15:04:09',NULL),
	(1969,300,'260','260','1','260',142,1,'2016-09-16 15:04:09',NULL),
	(1970,314,'260','260','1','260',142,1,'2016-09-16 15:04:09',NULL),
	(1971,315,'275','261','1','275',25,142,'2016-09-16 15:04:09',NULL),
	(1972,322,'260','260','1','260',142,1,'2016-09-16 15:04:09',NULL),
	(1973,329,'260','260','1','260',142,1,'2016-09-16 15:04:09',NULL),
	(1974,336,'400','380','1','400',142,1,'2016-09-16 15:04:09',NULL),
	(1975,396,'560','560','2','1120',142,1,'2016-09-16 15:04:09',NULL),
	(1976,421,'540','540','1','540',142,1,'2016-09-16 15:04:09',NULL),
	(1977,435,'1450','1377','1','1450',5,142,'2016-09-16 15:04:09',NULL),
	(1978,465,'420','420','1','420',142,1,'2016-09-16 15:04:09',NULL),
	(1979,473,'840','840','2','1680',142,1,'2016-09-16 15:04:09',NULL),
	(1980,475,'840','840','2','1680',142,1,'2016-09-16 15:04:09',NULL),
	(1981,36,'160','152','1','160',143,1,'2016-09-17 14:56:00',NULL),
	(1982,41,'570','560','3','1710',5,143,'2016-09-17 14:56:00',NULL),
	(1983,101,'1350','1305','3','4050',143,1,'2016-09-17 14:56:00',NULL),
	(1984,106,'380','361','1','380',143,1,'2016-09-17 14:56:00',NULL),
	(1985,120,'350','350','1','350',143,1,'2016-09-17 14:56:00',NULL),
	(1986,134,'250','237','1','250',5,143,'2016-09-17 14:56:00',NULL),
	(1987,135,'250','237','1','250',5,143,'2016-09-17 14:56:00',NULL),
	(1988,157,'450','450','1','450',143,1,'2016-09-17 14:56:00',NULL),
	(1989,168,'400','400','1','400',143,1,'2016-09-17 14:56:00',NULL),
	(1990,197,'1300','1300','1','1300',143,1,'2016-09-17 14:56:00',NULL),
	(1991,259,'500','475','1','500',143,1,'2016-09-17 14:56:00',NULL),
	(1992,297,'520','494','2','1040',143,1,'2016-09-17 14:56:00',NULL),
	(1993,441,'420','399','1','420',143,1,'2016-09-17 14:56:00',NULL),
	(1994,447,'420','399','1','420',143,1,'2016-09-17 14:56:00',NULL),
	(1995,472,'420','420','1','420',143,1,'2016-09-17 14:56:00',NULL),
	(1996,474,'520','520','1','520',143,1,'2016-09-17 14:56:00',NULL),
	(1997,47,'530','530','1','530',144,1,'2016-09-18 15:00:03',NULL),
	(1998,61,'800','800','2','1600',144,1,'2016-09-18 15:00:03',NULL),
	(1999,96,'410','410','1','410',144,1,'2016-09-18 15:00:03',NULL),
	(2000,97,'410','410','1','410',144,1,'2016-09-18 15:00:03',NULL),
	(2001,106,'380','380','1','380',144,1,'2016-09-18 15:00:03',NULL),
	(2002,108,'350','350','1','350',144,1,'2016-09-18 15:00:03',NULL),
	(2003,134,'250','250','1','250',144,1,'2016-09-18 15:00:03',NULL),
	(2004,168,'400','400','1','400',144,1,'2016-09-18 15:00:03',NULL),
	(2005,196,'1200','1200','1','1200',144,1,'2016-09-18 15:00:03',NULL),
	(2006,203,'700','700','1','700',144,1,'2016-09-18 15:00:03',NULL),
	(2007,239,'500','500','1','500',144,1,'2016-09-18 15:00:03',NULL),
	(2008,297,'260','260','1','260',144,1,'2016-09-18 15:00:03',NULL),
	(2009,378,'200','200','1','200',144,1,'2016-09-18 15:00:03',NULL),
	(2010,453,'240','240','1','240',144,1,'2016-09-18 15:00:03',NULL),
	(2011,23,'410','410','1','410',145,1,'2016-09-19 14:57:18',NULL),
	(2012,46,'530','530','1','530',145,1,'2016-09-19 14:57:18',NULL),
	(2013,108,'350','350','1','350',145,1,'2016-09-19 14:57:18',NULL),
	(2014,165,'470','470','1','470',145,1,'2016-09-19 14:57:18',NULL),
	(2015,184,'300','300','1','300',145,1,'2016-09-19 14:57:18',NULL),
	(2016,282,'600','600','1','600',145,1,'2016-09-19 14:57:18',NULL),
	(2017,296,'260','260','1','260',145,1,'2016-09-19 14:57:18',NULL),
	(2018,297,'260','260','1','260',145,1,'2016-09-19 14:57:18',NULL),
	(2019,322,'260','260','1','260',145,1,'2016-09-19 14:57:18',NULL),
	(2020,28,'410','410','1','410',146,1,'2016-09-20 14:41:37',NULL),
	(2021,61,'400','400','1','400',146,1,'2016-09-20 14:41:37',NULL),
	(2022,120,'700','700','2','1400',146,1,'2016-09-20 14:41:37',NULL),
	(2023,165,'470','470','1','470',146,1,'2016-09-20 14:41:37',NULL),
	(2024,227,'400','400','2','800',146,1,'2016-09-20 14:41:37',NULL),
	(2025,355,'470','470','1','470',146,1,'2016-09-20 14:41:37',NULL),
	(2026,453,'240','240','1','240',146,1,'2016-09-20 14:41:37',NULL),
	(2027,473,'420','420','1','420',146,1,'2016-09-20 14:41:37',NULL),
	(2028,489,'250','250','1','250',146,1,'2016-09-20 14:41:37',NULL),
	(2029,143,'2200','2090','1','2200',147,1,'2016-09-21 13:14:55',NULL),
	(2030,218,'1120','1064','1','1120',147,1,'2016-09-21 13:14:55',NULL),
	(2031,381,'1500','1425','1','1500',147,1,'2016-09-21 13:14:55',NULL),
	(2032,429,'500','500','1','500',147,1,'2016-09-21 13:14:55',NULL),
	(2033,108,'350','350','1','350',148,1,'2016-09-22 13:28:07',NULL),
	(2034,159,'770','770','2','1540',148,1,'2016-09-22 13:28:07',NULL),
	(2035,243,'300','300','1','300',148,1,'2016-09-22 13:28:07',NULL),
	(2036,290,'260','260','1','260',148,1,'2016-09-22 13:28:07',NULL),
	(2037,296,'260','260','1','260',148,1,'2016-09-22 13:28:07',NULL),
	(2038,322,'520','520','2','1040',148,1,'2016-09-22 13:28:07',NULL),
	(2039,329,'260','260','1','260',148,1,'2016-09-22 13:28:07',NULL),
	(2040,26,'410','410','1','410',149,1,'2016-09-23 14:47:35',NULL),
	(2041,45,'540','540','1','540',149,1,'2016-09-23 14:47:35',NULL),
	(2042,50,'800','800','1','800',149,1,'2016-09-23 14:47:35',NULL),
	(2043,120,'350','350','1','350',149,1,'2016-09-23 14:47:35',NULL),
	(2044,159,'770','770','2','1540',149,1,'2016-09-23 14:47:35',NULL),
	(2045,233,'500','500','1','500',149,1,'2016-09-23 14:47:35',NULL),
	(2046,260,'840','840','2','1680',149,1,'2016-09-23 14:47:35',NULL),
	(2047,261,'420','420','1','420',149,1,'2016-09-23 14:47:35',NULL),
	(2048,262,'640','640','1','640',149,1,'2016-09-23 14:47:35',NULL),
	(2049,290,'520','520','2','1040',149,1,'2016-09-23 14:47:35',NULL),
	(2050,306,'260','260','1','260',149,1,'2016-09-23 14:47:35',NULL),
	(2051,314,'260','260','1','260',149,1,'2016-09-23 14:47:35',NULL),
	(2052,322,'260','260','1','260',149,1,'2016-09-23 14:47:35',NULL),
	(2053,329,'260','260','1','260',149,1,'2016-09-23 14:47:35',NULL),
	(2054,467,'420','420','1','420',149,1,'2016-09-23 14:47:35',NULL),
	(2055,470,'420','420','1','420',149,1,'2016-09-23 14:47:35',NULL),
	(2056,23,'410','410','1','410',150,1,'2016-09-24 14:40:05',NULL),
	(2057,26,'410','410','1','410',150,1,'2016-09-24 14:40:05',NULL),
	(2058,43,'720','720','1','720',150,1,'2016-09-24 14:40:05',NULL),
	(2059,45,'540','540','1','540',150,1,'2016-09-24 14:40:05',NULL),
	(2060,46,'530','530','1','530',150,1,'2016-09-24 14:40:05',NULL),
	(2061,96,'410','410','1','410',150,1,'2016-09-24 14:40:05',NULL),
	(2062,108,'700','700','2','1400',150,1,'2016-09-24 14:40:05',NULL),
	(2063,113,'760','760','2','1520',150,1,'2016-09-24 14:40:05',NULL),
	(2064,159,'1155','1155','3','3465',150,1,'2016-09-24 14:40:05',NULL),
	(2065,231,'570','570','1','570',150,1,'2016-09-24 14:40:05',NULL),
	(2066,239,'500','500','1','500',150,1,'2016-09-24 14:40:05',NULL),
	(2067,242,'800','800','1','800',150,1,'2016-09-24 14:40:05',NULL),
	(2068,243,'600','600','2','1200',150,1,'2016-09-24 14:40:05',NULL),
	(2069,255,'780','780','1','780',150,1,'2016-09-24 14:40:05',NULL),
	(2070,260,'1260','1260','3','3780',150,1,'2016-09-24 14:40:05',NULL),
	(2071,314,'260','260','1','260',150,1,'2016-09-24 14:40:05',NULL),
	(2072,378,'200','200','1','200',150,1,'2016-09-24 14:40:05',NULL),
	(2073,453,'240','240','1','240',150,1,'2016-09-24 14:40:05',NULL),
	(2074,465,'420','420','1','420',150,1,'2016-09-24 14:40:05',NULL),
	(2075,467,'840','840','2','1680',150,1,'2016-09-24 14:40:05',NULL),
	(2076,470,'420','420','1','420',150,1,'2016-09-24 14:40:05',NULL),
	(2077,480,'580','580','1','580',150,1,'2016-09-24 14:40:05',NULL),
	(2078,25,'410','410','1','410',151,1,'2016-09-25 14:47:01',NULL),
	(2079,27,'410','410','1','410',151,1,'2016-09-25 14:47:01',NULL),
	(2080,52,'800','800','1','800',151,1,'2016-09-25 14:47:01',NULL),
	(2081,61,'400','400','1','400',151,1,'2016-09-25 14:47:01',NULL),
	(2082,101,'900','900','2','1800',151,1,'2016-09-25 14:47:01',NULL),
	(2083,227,'200','200','1','200',151,1,'2016-09-25 14:47:01',NULL),
	(2084,263,'420','420','1','420',151,1,'2016-09-25 14:47:01',NULL),
	(2085,453,'240','240','1','240',151,1,'2016-09-25 14:47:01',NULL),
	(2086,467,'420','420','1','420',151,1,'2016-09-25 14:47:01',NULL),
	(2087,61,'1200','1140','3','3600',1362,1,NULL,NULL),
	(2088,227,'800','760','4','3200',1362,1,NULL,NULL),
	(2089,257,'780','741','1','780',1362,1,NULL,NULL);

/*!40000 ALTER TABLE `items_orders` ENABLE KEYS */;
UNLOCK TABLES;


# Дамп таблицы migrations
# ------------------------------------------------------------

LOCK TABLES `migrations` WRITE;
/*!40000 ALTER TABLE `migrations` DISABLE KEYS */;

INSERT INTO `migrations` (`migration`, `batch`)
VALUES
	('2014_10_12_000000_create_users_table',1),
	('2016_07_12_143553_create_orders_table',1),
	('2016_07_14_123636_create_items',1),
	('2016_07_19_191527_create_orders_items',1),
	('2016_07_26_140151_create_costs_table',1),
	('2016_07_26_143254_create_ccosts_table',1),
	('2016_07_26_144309_create_ccosts_costs_table',1),
	('2016_08_02_203448_AddCoumn_costs',1),
	('2016_07_19_191527_create_items_orders',2),
	('2016_08_03_224038_AddColumn_items_orders',2),
	('2016_08_12_004355_AddColumn_items_orders_items_sum',3),
	('2016_09_24_054603_RenameColumn_costs',4),
	('2016_09_24_055052_RenameColumn_orders',4),
	('2016_09_24_090231_UpdateColumn_users',5),
	('2016_10_05_002327_AddColumn_price_discount__items_orders',6),
	('2016_10_06_131928_AddColumn_orders',7);

/*!40000 ALTER TABLE `migrations` ENABLE KEYS */;
UNLOCK TABLES;


# Дамп таблицы orders
# ------------------------------------------------------------

LOCK TABLES `orders` WRITE;
/*!40000 ALTER TABLE `orders` DISABLE KEYS */;

INSERT INTO `orders` (`id`, `sum`, `sum_discount`, `type`)
VALUES
	(1,'12595','11967',1),
	(2,'17190','16234',1),
	(3,'9040','9011',1),
	(4,'26570','25832',1),
	(5,'57055','55165',1),
	(6,'24115','23429',1),
	(7,'12246','12160',1),
	(8,'10980','10222',1),
	(9,'3815','3591',1),
	(10,'3090','3090',1),
	(11,'5080','5080',1),
	(12,'9370','9370',1),
	(13,'4630','4630',1),
	(14,'2570','2570',1),
	(15,'10200','10200',1),
	(16,'7801','7801',1),
	(17,'720','720',1),
	(18,'1200','1200',1),
	(19,'430','430',1),
	(20,'4600','4600',1),
	(21,'6340','6340',1),
	(22,'2340','2340',1),
	(23,'8780','8780',1),
	(24,'1890','1890',1),
	(25,'6895','6690',1),
	(26,'3160','3160',1),
	(27,'1010','1010',1),
	(28,'3650','3650',1),
	(29,'5760','5760',1),
	(30,'2895','2895',1),
	(31,'8110','8110',1),
	(32,'10114','10114',1),
	(33,'10950','10950',1),
	(34,'2400','2400',1),
	(35,'8430','8430',1),
	(36,'2430','2430',1),
	(37,'8890','8890',1),
	(38,'4940','4940',1),
	(39,'5820','5820',1),
	(40,'240','240',1),
	(41,'6200','6200',1),
	(42,'15556','15556',1),
	(43,'10033','10033',1),
	(44,'20726','20726',1),
	(45,'4535','4535',1),
	(46,'8215','8215',1),
	(47,'23651','23651',1),
	(48,'4200','4200',1),
	(49,'9195','9195',1),
	(50,'22790','22790',1),
	(51,'7385','7385',1),
	(52,'26250','26250',1),
	(53,'11325','11325',1),
	(54,'9826','9826',1),
	(55,'2420','2420',1),
	(56,'3610','3610',1),
	(57,'3770','3770',1),
	(58,'9626','9626',1),
	(59,'44106','44106',1),
	(60,'6655','6655',1),
	(61,'8845','8845',1),
	(62,'32321','32321',1),
	(63,'8310','8310',1),
	(64,'9045','9045',1),
	(65,'3985','3985',1),
	(66,'13806','13806',1),
	(67,'14051','14051',1),
	(68,'7645','7645',1),
	(69,'6216','6216',1),
	(70,'10890','10890',1),
	(71,'4026','4026',1),
	(72,'280','280',1),
	(73,'950','950',1),
	(74,'12080','12080',1),
	(75,'9365','9000',1),
	(76,'30210','28936',1),
	(77,'29260','28280',1),
	(78,'11865','11865',1),
	(79,'9085','9085',1),
	(80,'3675','3675',1),
	(81,'5360','5360',1),
	(82,'9530','9530',1),
	(83,'14335','14335',1),
	(84,'3405','3405',1),
	(85,'8885','8885',1),
	(86,'11615','11615',1),
	(87,'11607','11607',1),
	(88,'11690','11690',1),
	(89,'25125','25125',1),
	(90,'13654','13654',1),
	(91,'4910','4910',1),
	(92,'5370','5370',1),
	(93,'14365','14365',1),
	(94,'11532','11532',1),
	(95,'8760','8671',1),
	(96,'13122','13122',1),
	(97,'3540','3540',1),
	(98,'5865','5715',1),
	(99,'6460','6460',1),
	(100,'6840','6840',1),
	(101,'2265','2265',1),
	(102,'7245','7245',1),
	(103,'7150','7150',1),
	(104,'9975','9975',1),
	(105,'8200','8200',1),
	(106,'3960','3960',1),
	(107,'1000','1000',1),
	(108,'1385','1385',1),
	(109,'385','385',1),
	(110,'1880','1786',1),
	(111,'13111','13111',1),
	(112,'20130','19993',1),
	(113,'20400','19080',1),
	(114,'5220','5220',1),
	(115,'9320','9066',1),
	(116,'12930','12609',1),
	(117,'5900','5598',1),
	(118,'18081','18081',1),
	(119,'3500','3500',1),
	(120,'12896','12343',1),
	(121,'13415','13247',1),
	(122,'26946','26946',1),
	(123,'5265','5265',1),
	(124,'26790','26532',1),
	(125,'42440','41980',1),
	(126,'15081','15081',1),
	(127,'25745','25745',1),
	(128,'9685','9685',1),
	(129,'5236','5236',1),
	(130,'4221','4221',1),
	(131,'7460','7460',1),
	(132,'1205','1205',1),
	(133,'24675','23437',1),
	(134,'9146','8814',1),
	(135,'6040','6040',1),
	(136,'18246','17919',1),
	(137,'20725','20173',1),
	(138,'10975','10831',1),
	(139,'610','610',1),
	(140,'41520','41520',1),
	(141,'7575','7575',1),
	(142,'20905','20790',1),
	(143,'10410','10129',1),
	(144,'7430','7430',1),
	(145,'3440','3440',1),
	(146,'4860','4860',1),
	(147,'5320','5079',1),
	(148,'4010','4010',1),
	(149,'9800','9800',1),
	(150,'20835','20835',1),
	(151,'5100','5100',1),
	(1362,'7580','7201',1);

/*!40000 ALTER TABLE `orders` ENABLE KEYS */;
UNLOCK TABLES;


# Дамп таблицы supply
# ------------------------------------------------------------

LOCK TABLES `supply` WRITE;
/*!40000 ALTER TABLE `supply` DISABLE KEYS */;

INSERT INTO `supply` (`id`, `name`, `barcode`, `price`, `price_discount`, `quantity`, `point`, `created_at`, `updated_at`)
VALUES
	(1,'Пельмени','222222','166','156','25',1,NULL,NULL),
	(2,'Марковка','16727','166','156','25',1,NULL,NULL),
	(3,'Огурчики','12512512','61','25','55',1,'2016-10-19 00:29:47','2016-10-19 00:29:47'),
	(4,'Майонез','1664','666','324','23',1,'2016-10-19 00:36:33','2016-10-19 00:36:33'),
	(5,NULL,NULL,NULL,NULL,NULL,1,'2016-10-19 18:07:34','2016-10-19 18:07:34'),
	(6,'qq','14125125125125','155','145','5',1,'2016-10-19 20:36:32','2016-10-19 20:36:32');

/*!40000 ALTER TABLE `supply` ENABLE KEYS */;
UNLOCK TABLES;


# Дамп таблицы users
# ------------------------------------------------------------

LOCK TABLES `users` WRITE;
/*!40000 ALTER TABLE `users` DISABLE KEYS */;

INSERT INTO `users` (`id`, `username`, `password`, `status`, `point`, `remember_token`, `created_at`, `updated_at`)
VALUES
	(1,'manage','$2y$10$EUM37d31oTuSIsyGXLXs0eDGYEkMT73lPwzzoEcUdCb6O/PVJHHP6',0,0,'CMJW0KRaSmn1Av3jmmwrOj3roqv0e3qUSCwFIxRAY5IdMzSXstYEvOs8ukeI',NULL,'2016-10-19 20:34:38'),
	(2,'admin1','$2y$10$EUM37d31oTuSIsyGXLXs0eDGYEkMT73lPwzzoEcUdCb6O/PVJHHP6',1,1,'3r9SNcSeMhRcNsMSUcbj02Ce9UBWEYxqJiWsxhJOYaPMl7eYijWUq8xSYfAU',NULL,'2016-10-19 20:02:51'),
	(3,'cashier1','$2y$10$EUM37d31oTuSIsyGXLXs0eDGYEkMT73lPwzzoEcUdCb6O/PVJHHP6',2,1,'DOOukAngh815SfDjbKiYTapVWTyrhvcXR03SNtXh5AkC4BlZM6cVvV3xmVdB',NULL,'2016-10-19 16:59:27');

/*!40000 ALTER TABLE `users` ENABLE KEYS */;
UNLOCK TABLES;



/*!40111 SET SQL_NOTES=@OLD_SQL_NOTES */;
/*!40101 SET SQL_MODE=@OLD_SQL_MODE */;
/*!40014 SET FOREIGN_KEY_CHECKS=@OLD_FOREIGN_KEY_CHECKS */;
/*!40101 SET CHARACTER_SET_CLIENT=@OLD_CHARACTER_SET_CLIENT */;
/*!40101 SET CHARACTER_SET_RESULTS=@OLD_CHARACTER_SET_RESULTS */;
/*!40101 SET COLLATION_CONNECTION=@OLD_COLLATION_CONNECTION */;
