-- phpMyAdmin SQL Dump
-- version 4.5.4.1deb2ubuntu2
-- http://www.phpmyadmin.net
--
-- Хост: localhost
-- Время создания: Ноя 09 2016 г., 16:21
-- Версия сервера: 5.7.13-0ubuntu0.16.04.2
-- Версия PHP: 7.0.8-0ubuntu0.16.04.2

SET SQL_MODE = "NO_AUTO_VALUE_ON_ZERO";
SET time_zone = "+00:00";


/*!40101 SET @OLD_CHARACTER_SET_CLIENT=@@CHARACTER_SET_CLIENT */;
/*!40101 SET @OLD_CHARACTER_SET_RESULTS=@@CHARACTER_SET_RESULTS */;
/*!40101 SET @OLD_COLLATION_CONNECTION=@@COLLATION_CONNECTION */;
/*!40101 SET NAMES utf8mb4 */;

--
-- База данных: `mz`
--

-- --------------------------------------------------------

--
-- Структура таблицы `ccosts`
--

CREATE TABLE `ccosts` (
  `id` int(10) UNSIGNED NOT NULL,
  `name` varchar(255) COLLATE utf8_unicode_ci NOT NULL
) ENGINE=InnoDB DEFAULT CHARSET=utf8 COLLATE=utf8_unicode_ci;

--
-- Дамп данных таблицы `ccosts`
--

INSERT INTO `ccosts` (`id`, `name`) VALUES
(1, 'Аренда'),
(2, 'З/П'),
(3, 'Налоги+ПФР+Соцстрах и тп'),
(4, 'Реклама'),
(5, 'Оборудование'),
(6, 'Закупка(товара)'),
(7, 'АХО(Тряпки, канцелярия, связь, интернет и т.п.)'),
(8, 'Выручка(продажа товара)');

-- --------------------------------------------------------

--
-- Структура таблицы `ccosts_costs`
--

CREATE TABLE `ccosts_costs` (
  `id` int(10) UNSIGNED NOT NULL,
  `ccosts_id` int(11) NOT NULL,
  `costs_id` int(10) UNSIGNED NOT NULL
) ENGINE=InnoDB DEFAULT CHARSET=utf8 COLLATE=utf8_unicode_ci;

--
-- Дамп данных таблицы `ccosts_costs`
--

INSERT INTO `ccosts_costs` (`id`, `ccosts_id`, `costs_id`) VALUES
(1, 5, 1),
(2, 3, 2),
(3, 3, 3),
(4, 3, 4),
(5, 3, 5),
(6, 5, 6),
(7, 5, 7),
(8, 7, 8),
(9, 5, 9),
(10, 7, 10),
(11, 5, 11),
(12, 5, 12),
(13, 5, 13),
(14, 7, 14),
(15, 5, 15),
(16, 7, 16),
(17, 7, 17),
(18, 7, 18),
(19, 7, 19),
(20, 7, 20),
(21, 1, 21),
(22, 5, 22),
(23, 7, 23),
(24, 5, 24),
(25, 5, 25),
(26, 5, 26),
(27, 5, 27),
(28, 1, 28),
(29, 5, 29),
(30, 5, 30),
(31, 7, 31),
(32, 7, 32),
(33, 5, 33),
(34, 7, 34),
(35, 7, 35),
(36, 4, 36),
(37, 3, 37),
(38, 2, 38),
(39, 3, 39),
(40, 1, 40),
(41, 7, 41),
(42, 2, 42),
(43, 4, 43),
(44, 4, 44),
(45, 5, 45),
(46, 7, 46),
(47, 7, 47),
(48, 7, 48),
(49, 7, 49),
(50, 7, 50),
(51, 5, 51),
(52, 7, 52),
(53, 7, 53),
(54, 2, 54),
(55, 2, 55),
(56, 7, 56),
(57, 7, 57),
(58, 4, 58),
(59, 2, 59),
(60, 7, 60),
(61, 5, 61),
(62, 7, 62),
(63, 7, 63),
(64, 4, 64),
(65, 1, 65),
(66, 1, 66),
(67, 1, 67),
(68, 1, 68),
(69, 1, 69),
(70, 7, 70),
(71, 5, 71),
(72, 7, 72),
(73, 2, 73),
(74, 7, 74),
(75, 7, 75),
(76, 4, 76),
(77, 7, 77),
(78, 2, 78),
(79, 5, 79),
(80, 1, 80),
(81, 2, 81),
(82, 7, 82),
(83, 7, 83),
(84, 7, 84),
(85, 7, 85),
(86, 3, 86),
(87, 7, 87),
(88, 7, 88),
(89, 7, 89),
(90, 1, 90),
(91, 1, 91),
(92, 2, 92),
(93, 2, 93),
(94, 7, 94),
(95, 5, 95),
(96, 7, 96),
(97, 7, 97),
(98, 1, 98),
(99, 2, 99),
(100, 2, 100),
(101, 2, 101),
(102, 2, 102),
(103, 2, 103),
(104, 2, 104),
(105, 7, 99),
(106, 2, 100),
(107, 1, 101),
(108, 7, 102),
(109, 5, 103),
(110, 7, 104),
(111, 7, 105),
(112, 1, 106),
(113, 7, 107),
(114, 2, 108);

-- --------------------------------------------------------

--
-- Структура таблицы `costs`
--

CREATE TABLE `costs` (
  `id` int(10) UNSIGNED NOT NULL,
  `sum` varchar(255) COLLATE utf8_unicode_ci NOT NULL,
  `date` timestamp NOT NULL DEFAULT CURRENT_TIMESTAMP ON UPDATE CURRENT_TIMESTAMP,
  `point` int(11) NOT NULL,
  `created_at` timestamp NULL DEFAULT NULL,
  `updated_at` timestamp NULL DEFAULT NULL
) ENGINE=InnoDB DEFAULT CHARSET=utf8 COLLATE=utf8_unicode_ci;

--
-- Дамп данных таблицы `costs`
--

INSERT INTO `costs` (`id`, `sum`, `date`, `point`, `created_at`, `updated_at`) VALUES
(1, '5000', '2016-10-29 08:12:54', 1, NULL, NULL),
(2, '1100', '2016-10-29 08:12:54', 1, NULL, NULL),
(3, '800', '2016-10-29 08:12:54', 1, NULL, NULL),
(4, '1100', '2016-10-29 08:12:54', 1, NULL, NULL),
(5, '2000', '2016-10-29 08:12:54', 1, NULL, NULL),
(6, '100000', '2016-10-29 08:12:54', 1, NULL, NULL),
(7, '40000', '2016-10-29 08:12:54', 1, NULL, NULL),
(8, '1000', '2016-10-29 08:12:54', 1, NULL, NULL),
(9, '1200', '2016-10-29 08:12:54', 1, NULL, NULL),
(10, '900', '2016-10-29 08:12:54', 1, NULL, NULL),
(11, '21000', '2016-10-29 08:12:54', 1, NULL, NULL),
(12, '4000', '2016-10-29 08:12:54', 1, NULL, NULL),
(13, '40000', '2016-10-29 08:12:54', 1, NULL, NULL),
(14, '5400', '2016-10-29 08:12:54', 1, NULL, NULL),
(15, '20000', '2016-10-29 08:12:54', 1, NULL, NULL),
(16, '3050', '2016-10-29 08:12:54', 1, NULL, NULL),
(17, '2800', '2016-10-29 08:12:54', 1, NULL, NULL),
(18, '1007,8', '2016-10-29 08:12:54', 1, NULL, NULL),
(19, '877,1', '2016-10-29 08:12:54', 1, NULL, NULL),
(20, '1000', '2016-10-29 08:12:54', 1, NULL, NULL),
(21, '96000', '2016-10-29 08:12:54', 1, NULL, NULL),
(22, '10000', '2016-10-29 08:12:54', 1, NULL, NULL),
(23, '935', '2016-10-29 08:12:54', 1, NULL, NULL),
(24, '15000', '2016-10-29 08:12:54', 1, NULL, NULL),
(25, '2810', '2016-10-29 08:12:54', 1, NULL, NULL),
(26, '3500', '2016-10-29 08:12:54', 1, NULL, NULL),
(27, '33050', '2016-10-29 08:12:54', 1, NULL, NULL),
(28, '150000', '2016-10-29 08:12:54', 1, NULL, NULL),
(29, '1000', '2016-10-29 08:12:54', 1, NULL, NULL),
(30, '2500', '2016-10-29 08:12:54', 1, NULL, NULL),
(31, '1000', '2016-10-29 08:12:54', 1, NULL, NULL),
(32, '1500', '2016-10-29 08:12:54', 1, NULL, NULL),
(33, '1500', '2016-10-29 08:12:54', 1, NULL, NULL),
(34, '1008', '2016-10-29 08:12:54', 1, NULL, NULL),
(35, '200', '2016-10-29 08:12:54', 1, NULL, NULL),
(36, '400', '2016-10-29 08:12:54', 1, NULL, NULL),
(37, '500', '2016-10-29 08:12:54', 1, NULL, NULL),
(38, '5000', '2016-10-29 08:12:54', 1, NULL, NULL),
(39, '1900', '2016-10-29 08:12:54', 1, NULL, NULL),
(40, '150000', '2016-10-29 08:12:54', 1, NULL, NULL),
(41, '495', '2016-10-29 08:12:54', 1, NULL, NULL),
(42, '63200', '2016-10-29 08:12:54', 1, NULL, NULL),
(43, '35000', '2016-10-29 08:12:54', 1, NULL, NULL),
(44, '1200', '2016-10-29 08:12:54', 1, NULL, NULL),
(45, '1407', '2016-10-29 08:12:54', 1, NULL, NULL),
(46, '1008', '2016-10-29 08:12:54', 1, NULL, NULL),
(47, '800', '2016-10-29 08:12:54', 1, NULL, NULL),
(48, '1000', '2016-10-29 08:12:54', 1, NULL, NULL),
(49, '1135', '2016-10-29 08:12:54', 1, NULL, NULL),
(50, '500', '2016-10-29 08:12:54', 1, NULL, NULL),
(51, '5000', '2016-10-29 08:12:54', 1, NULL, NULL),
(52, '500', '2016-10-29 08:12:54', 1, NULL, NULL),
(53, '895', '2016-10-29 08:12:54', 1, NULL, NULL),
(54, '1200', '2016-10-29 08:12:54', 1, NULL, NULL),
(55, '1610', '2016-10-29 08:12:54', 1, NULL, NULL),
(56, '575', '2016-10-29 08:12:54', 1, NULL, NULL),
(57, '1008', '2016-10-29 08:12:54', 1, NULL, NULL),
(58, '1100', '2016-10-29 08:12:54', 1, NULL, NULL),
(59, '58295', '2016-10-29 08:12:54', 1, NULL, NULL),
(60, '475', '2016-10-29 08:12:54', 1, NULL, NULL),
(61, '2000', '2016-10-29 08:12:54', 1, NULL, NULL),
(62, '1000', '2016-10-29 08:12:54', 1, NULL, NULL),
(63, '475', '2016-10-29 08:12:54', 1, NULL, NULL),
(64, '7100', '2016-10-29 08:12:54', 1, NULL, NULL),
(65, '9804', '2016-10-29 08:12:54', 1, NULL, NULL),
(66, '426', '2016-10-29 08:12:54', 1, NULL, NULL),
(67, '4080', '2016-10-29 08:12:54', 1, NULL, NULL),
(68, '130000', '2016-10-29 08:12:54', 1, NULL, NULL),
(69, '50000', '2016-10-29 08:12:54', 1, NULL, NULL),
(70, '12000', '2016-10-29 08:12:54', 1, NULL, NULL),
(71, '5000', '2016-10-29 08:12:54', 1, NULL, NULL),
(72, '3000', '2016-10-29 08:12:54', 1, NULL, NULL),
(73, '59600', '2016-10-29 08:12:54', 1, NULL, NULL),
(74, '570', '2016-10-29 08:12:54', 1, NULL, NULL),
(75, '21000', '2016-10-29 08:12:54', 1, NULL, NULL),
(76, '4000', '2016-10-29 08:12:54', 1, NULL, NULL),
(77, '630', '2016-10-29 08:12:54', 1, NULL, NULL),
(78, '3000', '2016-10-29 08:12:54', 1, NULL, NULL),
(79, '2400', '2016-10-29 08:12:54', 1, NULL, NULL),
(80, '416000', '2016-10-29 08:12:54', 1, NULL, NULL),
(81, '10000', '2016-10-29 08:12:54', 1, NULL, NULL),
(82, '1300', '2016-10-29 08:12:54', 1, NULL, NULL),
(83, '1000', '2016-10-29 08:12:54', 1, NULL, NULL),
(84, '1008', '2016-10-29 08:12:54', 1, NULL, NULL),
(85, '826', '2016-10-29 08:12:54', 1, NULL, NULL),
(86, '1500', '2016-10-29 08:12:54', 1, NULL, NULL),
(87, '10500', '2016-10-29 08:12:54', 1, NULL, NULL),
(88, '400', '2016-10-29 08:12:54', 1, NULL, NULL),
(89, '800', '2016-10-29 08:12:54', 1, NULL, NULL),
(90, '50000', '2016-10-29 08:12:54', 1, NULL, NULL),
(91, '208000', '2016-10-29 08:12:54', 1, NULL, NULL),
(92, '79138', '2016-10-29 08:12:54', 1, NULL, NULL),
(93, '5000', '2016-10-29 08:12:54', 1, NULL, NULL),
(94, '575', '2016-10-29 08:12:54', 1, NULL, NULL),
(95, '1000', '2016-10-29 08:12:54', 1, NULL, NULL),
(96, '410', '2016-10-29 08:12:54', 1, NULL, NULL),
(97, '350', '2016-10-29 08:12:54', 1, NULL, NULL),
(98, '3300', '2016-10-29 08:12:54', 1, NULL, NULL),
(99, '1900', '2016-09-30 04:00:00', 1, NULL, NULL),
(100, '76420', '2016-09-30 04:00:00', 1, NULL, NULL),
(101, '50000', '2016-10-03 04:00:00', 1, NULL, NULL),
(102, '1712', '2016-10-01 04:00:00', 1, NULL, NULL),
(103, '5490', '2016-10-17 04:00:00', 1, NULL, NULL),
(104, '1000', '2016-10-17 04:00:00', 1, NULL, NULL),
(105, '1500', '2016-10-17 04:00:00', 1, NULL, NULL),
(106, '158000', '2016-11-04 08:12:47', 1, NULL, '2016-11-04 12:12:47'),
(107, '585', '2016-10-24 04:00:00', 1, NULL, NULL),
(108, '10000', '2016-10-24 04:00:00', 1, NULL, NULL);

-- --------------------------------------------------------

--
-- Структура таблицы `items`
--

CREATE TABLE `items` (
  `id` int(10) UNSIGNED NOT NULL,
  `barcode` varchar(255) COLLATE utf8_unicode_ci NOT NULL,
  `name` varchar(255) COLLATE utf8_unicode_ci NOT NULL,
  `price` varchar(255) COLLATE utf8_unicode_ci NOT NULL,
  `status` int(11) NOT NULL DEFAULT '1',
  `created_at` timestamp NULL DEFAULT NULL,
  `updated_at` timestamp NULL DEFAULT NULL
) ENGINE=InnoDB DEFAULT CHARSET=utf8 COLLATE=utf8_unicode_ci;

--
-- Дамп данных таблицы `items`
--

INSERT INTO `items` (`id`, `barcode`, `name`, `price`, `status`, `created_at`, `updated_at`) VALUES
(1, '2000000000114', 'Кулон Горный Хрусталь №1', '1200', 1, NULL, NULL),
(2, '2000000000107', 'Кулон Аметист №2', '1200', 1, NULL, NULL),
(3, '2000000000206', 'Кулон Раухтопаз №3', '1200', 1, NULL, NULL),
(4, '2000000000176', 'Кулон Нефрит №4', '1200', 1, NULL, NULL),
(5, '2000000000244', 'Кулон Черный Агат №5', '1200', 1, NULL, NULL),
(6, '2000000000220', 'Кулон Розовый Кварц  №6', '1200', 1, NULL, NULL),
(7, '2000000000237', 'Кулон Флюорит  №7', '1200', 1, NULL, NULL),
(8, '2000000000183', 'Кулон Нефрит №9', '1300', 1, NULL, NULL),
(9, '2000000000138', 'Кулон конус Лунный камень с бусиной опала', '1300', 1, NULL, NULL),
(10, '2000000000169', 'Кулон Крупный конус маятник (Розовый кварц)', '1300', 1, NULL, NULL),
(11, '2000000000121', 'Кулон капля розовый кварц с бусиной', '1300', 1, NULL, NULL),
(12, '2000000000145', 'Кулон Крупный  маятник (Аметист)', '0', 1, NULL, NULL),
(13, '2000000000152', 'Кулон Крупный  маятник (Горный хрусталь)', '1300', 1, NULL, NULL),
(14, '2000000000190', 'Кулон пренит', '1150', 1, NULL, NULL),
(15, '2000000000213', 'Кулон Розовый кварц    ', '1150', 1, NULL, NULL),
(16, '2000000000091', 'Друза кварца(редкая по форме)красная', '1450', 1, NULL, NULL),
(17, '2000000000084', 'Друза кварца белая', '1450', 1, NULL, NULL),
(18, '2000000000015', 'Бабочка Друза агат', '1400', 1, NULL, NULL),
(19, '2000000000060', 'Браслет керам, халцедон, горн.  хрусталь, шелк кисть ', '1400', 1, NULL, NULL),
(20, '2000000000022', 'Браслет агат, опал, коралл, хрусталь, керам, шелк кисть', '1400', 1, NULL, NULL),
(21, '2000000000039', 'Браслет керам в глазури и жемчуг Майорика (розовый)', '990', 1, NULL, NULL),
(22, '2000000000046', 'Браслет керам в глазури и жемчуг Майорика (серо-голубой)', '990', 1, NULL, NULL),
(23, '2000000000053', 'Браслет керам в глазури, опал, лун кам, говлит, аквамарин,сереб кисть', '1400', 1, NULL, NULL),
(24, '2000000000077', 'Браслет опал, халцедон, керам. Глаз, лун кам, хрусталь, шел кисть', '1400', 1, NULL, NULL),
(25, '2000000000282', 'Серьги кожа, коралловые', '2200', 1, NULL, NULL),
(26, '2000000000275', 'Серьги кожа, зеленые', '2200', 1, NULL, NULL),
(27, '2000000000299', 'Серьги роз. Кварц, родивое покрытие, кварцевое стекло', '1350', 1, NULL, NULL),
(28, '2000000000305', 'Серьги серый агат, родивое покрытие, кварцевое стекло', '1350', 1, NULL, NULL),
(29, '2000000000251', 'Розовый кварц в оправе (овал)', '1900', 1, NULL, NULL),
(30, '2000000000268', 'Светлый аметист в оправе (овал)', '1900', 1, NULL, NULL),
(32, '2000000002507', 'Мыло "Апельсин" мини', '80', 1, NULL, NULL),
(33, '2000000002590', 'Мыло "Пихта" мини', '0', 1, NULL, NULL),
(34, '2000000002484', 'Мыло "Monoi"', '275', 1, NULL, NULL),
(35, '2000000002538', 'Мыло "Кедровое"', '275', 1, NULL, NULL),
(36, '2000000002521', 'Мыло "Для тебя"', '275', 1, NULL, NULL),
(37, '2000000002545', 'Мыло "Козочка"', '275', 1, NULL, NULL),
(38, '2000000002552', 'Мыло "Мила"', '275', 1, NULL, NULL),
(39, '2000000002569', 'Мыло "Особое"', '200', 1, NULL, NULL),
(40, '2000000002576', 'Мыло "Откровение"', '200', 1, NULL, NULL),
(41, '2000000002583', 'Мыло "Откровение" ПРЕМИУМ', '200', 1, NULL, NULL),
(42, '2000000002514', 'Мыло "Восточная сказка"', '385', 1, NULL, NULL),
(43, '2000000002477', 'Мыло "Marieе"', '240', 1, NULL, NULL),
(44, '2000000002491', 'Мыло "Английское утро"', '240', 1, NULL, NULL),
(45, '2000000002620', 'Мыло "Тайна императрицы"', '360', 1, NULL, NULL),
(46, '2000000002606', 'Мыло "Таежный роман"', '240', 1, NULL, NULL),
(47, '2000000002613', 'Мыло "Таежный роман" ПРЕМИУМ', '360', 1, NULL, NULL),
(48, '2000000002682', 'Твердый шампунь "Розмариновый"', '200', 1, NULL, NULL),
(49, '2000000002675', 'Твердый шампунь "Березка"', '446', 1, NULL, NULL),
(50, '2000000002699', 'Твердый шампунь "Ромашковый"', '200', 1, NULL, NULL),
(51, '2000000002668', 'Твердый шампунь "Амла"', '446', 1, NULL, NULL),
(52, '2000000002446', 'Коробочка для шампуня цилиндр', '530', 1, NULL, NULL),
(53, '2000000002439', 'Воск для волос', '340', 1, NULL, NULL),
(54, '2000000002422', 'Бальзам-кондиционер с маслом брокколи', '560', 1, NULL, NULL),
(55, '2000000002453', 'Крем-маска для волос "Моной и алоэ вера"', '560', 1, NULL, NULL),
(56, '2000000002460', 'Маска для волос "Амла"', '560', 1, NULL, NULL),
(57, '2000000002644', 'Скраб "Роскошь царицы"', '540', 1, NULL, NULL),
(58, '2000000002637', 'Скраб "Апельсин с корицей"', '540', 1, NULL, NULL),
(59, '2000000002651', 'Скраб "Шоколадно-кофейный"', '540', 1, NULL, NULL),
(61, '2000000000343', 'Алоэ, натуральное мыло 100 гр.(+/-10 гр.)', '150', 1, NULL, NULL),
(62, '2000000000374', 'Африка, натуральное мыло 100 гр.(+/-10 гр.)', '150', 1, NULL, NULL),
(63, '2000000000350', 'Алтай, натуральное мыло 100 гр.(+/-10 гр.)', '150', 1, NULL, NULL),
(64, '2000000000381', 'Березовая роща, натуральное мыло 100 гр.(+/-10 гр.)', '150', 1, NULL, NULL),
(65, '2000000000442', 'Дубовая роща, натуральное мыло 100 гр.(+/-10 гр.)', '150', 1, NULL, NULL),
(66, '2000000000459', 'Иланг-иланг, натуральное мыло 100 гр.(+/-10 гр.)', '150', 1, NULL, NULL),
(67, '2000000000466', 'Календула, натуральное мыло 100 гр.(+/-10 гр.)', '150', 1, NULL, NULL),
(68, '2000000000503', 'Кофе, натуральное мыло 100 гр.(+/-10 гр.)', '150', 1, NULL, NULL),
(69, '2000000000626', 'Марокко, натуральное мыло 100 гр.(+/-10 гр.)', '150', 1, NULL, NULL),
(70, '2000000000619', 'Лаванда, натуральное мыло 100 гр.(+/-10 гр.)', '150', 1, NULL, NULL),
(71, '2000000000657', 'Морской бриз, натуральное мыло 100 гр.(+/-10 гр.)', '150', 1, NULL, NULL),
(72, '2000000000664', 'Мята, натуральное мыло 100 гр.(+/-10 гр.)', '150', 1, NULL, NULL),
(73, '2000000000671', 'Ним, натуральное мыло 100 гр.(+/-10 гр.)', '150', 1, NULL, NULL),
(74, '2000000000688', 'Овсянка, натуральное мыло 100 гр.(+/-10 гр.)', '150', 1, NULL, NULL),
(75, '2000000000701', 'Прованские травы, натуральное мыло 100 гр.(+/-10 гр.)', '150', 1, NULL, NULL),
(76, '2000000000718', 'Северные ягоды, натуральное мыло 100 гр.(+/-10 гр.)', '150', 1, NULL, NULL),
(77, '2000000000732', 'Таежный лес, натуральное мыло 100 гр.(+/-10 гр.)', '150', 1, NULL, NULL),
(78, '2000000000749', 'Хвойный лес, натуральное мыло 100 гр.(+/-10 гр.)', '150', 1, NULL, NULL),
(79, '2000000000756', 'Хмель, натуральное мыло 100 гр.(+/-10 гр.)', '150', 1, NULL, NULL),
(80, '2000000000787', 'Цитрусовая свежесть, натуральное мыло 100 гр.(+/-10 гр.)', '150', 1, NULL, NULL),
(81, '2000000000800', 'Череда, натуральное мыло 100 гр.(+/-10 гр.)', '150', 1, NULL, NULL),
(82, '2000000000855', 'Шоколад, натуральное мыло 100 гр.(+/-10 гр.)', '150', 1, NULL, NULL),
(83, '2000000000817', 'Шалфей, натуральное мыло 100 гр.(+/-10 гр.)', '150', 1, NULL, NULL),
(84, '2000000000367', 'Арктическая ягода, крем-масло для тела 150 мл.', '620', 1, NULL, NULL),
(85, '2000000000428', 'Дикая роза, крем-масло для тела 150 мл.', '620', 1, NULL, NULL),
(86, '2000000000763', 'Цитрусовая свежесть, крем-масло для тела 150 мл.', '620', 1, NULL, NULL),
(87, '2000000000695', 'Прованские травы, крем-масло для тела 150 мл.', '620', 1, NULL, NULL),
(88, '2000000000725', 'Сибирские травы, крем-масло для тела 150 мл.', '620', 1, NULL, NULL),
(89, '2000000000411', 'Дикая мята, солевой скраб для тела 250 мл.', '610', 1, NULL, NULL),
(90, '2000000000794', 'Цитрусовая свежесть, солевой скраб для тела 250 мл.', '610', 1, NULL, NULL),
(91, '2000000000473', 'Кондиционер для жирных волос "Лаванда", 250 мл.', '450', 1, NULL, NULL),
(92, '2000000000480', 'Кондиционер для нормальных волос "Дикая роза", 250 мл.', '450', 1, NULL, NULL),
(93, '2000000000497', 'Кондиционер для сухих волос "Цитрусовая свежесть", 250 мл.', '450', 1, NULL, NULL),
(94, '2000000000640', 'Маска для волос "Сибирские травы", 250 мл.', '570', 1, NULL, NULL),
(95, '2000000000633', 'Маска для волос "Прованские травы", 250 мл.', '570', 1, NULL, NULL),
(96, '2000000000824', 'Шампунь для жирных волос "Лаванда", 250 мл.', '450', 1, NULL, NULL),
(97, '2000000000831', 'Шампунь для нормальных волос "Дикая роза", 250 мл.', '450', 1, NULL, NULL),
(98, '2000000000848', 'Шампунь для сухих волос "Цитрусовая свежесть", 250 мл.', '450', 1, NULL, NULL),
(99, '2000000000770', 'Цитрусовая свежесть, масло для профилактики целлюлита, 100 мл.', '700', 1, NULL, NULL),
(100, '2000000000435', 'Дикая роза, масло для профилактики растяжек 100 мл.', '700', 1, NULL, NULL),
(101, '2000000000596', 'Лаванда, масло для груди в период лактации 50 мл.', '680', 1, NULL, NULL),
(102, '2000000000602', 'Лаванда, масло для массажа животика 50 мл.', '680', 1, NULL, NULL),
(103, '2000000000565', 'Крем для лица Малина 20+, 50 мл.', '650', 1, NULL, NULL),
(104, '2000000000572', 'Крем для лица Морошка 30+, 50 мл.', '760', 1, NULL, NULL),
(105, '2000000000558', 'Крем для лица Клюква 40+, 50 мл.', '760', 1, NULL, NULL),
(106, '2000000000527', 'Крем для век Малина 20+, 15 мл.', '600', 1, NULL, NULL),
(107, '2000000000534', 'Крем для век Морошка 30+, 15 мл.', '600', 1, NULL, NULL),
(108, '2000000000510', 'Крем для век Клюква 40+, 15 мл.', '600', 1, NULL, NULL),
(109, '2000000000589', 'Крем для лица Череда, 50 мл.', '700', 1, NULL, NULL),
(110, '2000000000541', 'Крем для лица Дикая мята, 50 мл.', '630', 1, NULL, NULL),
(111, '2000000000404', 'Дезодорант Дикая Мята, 50 мл.', '410', 1, NULL, NULL),
(112, '2000000000398', 'Гель для душа 2 в 1 "Дикая мята", 250 мл.', '400', 1, NULL, NULL),
(114, '2000000001036', 'Гидролат "Зеленый чай" 50 мл                    ', '385', 1, NULL, NULL),
(115, '2000000001043', 'Гидролат "Лаванда" 50 мл                    ', '385', 1, NULL, NULL),
(116, '2000000001050', 'Гидролат "Мята перечная" 50 мл   ', '385', 1, NULL, NULL),
(117, '2000000001067', 'Гидролат "Нероли" 50 мл   ', '385', 1, NULL, NULL),
(118, '2000000001074', 'Гидролат "Роза" 50 мл   ', '385', 1, NULL, NULL),
(119, '2000000001081', 'Гидролат "Розмарина" 50 мл                    ', '385', 1, NULL, NULL),
(120, '2000000001098', 'Гидролат "Шалфей" 50 мл   ', '385', 1, NULL, NULL),
(121, '2000000001128', 'Дезодорант "Можжевельник" 100 мл   ', '680', 1, NULL, NULL),
(122, '2000000001326', 'Саше от моли "Лаванда" 35 гр.   ', '390', 1, NULL, NULL),
(123, '2000000001302', 'Саше "Мелисса" успокаивающее 35 гр.   ', '390', 1, NULL, NULL),
(124, '2000000001319', 'Саше "Можжевельник" укрепляющее иммунитет 220 гр.   ', '390', 1, NULL, NULL),
(125, '2000000000893', 'Бурлящий шарик для ванн "Иланг-иланг"   ', '200', 1, NULL, NULL),
(126, '2000000000909', 'Бурлящий шарик для ванн "Имбирь" 185 гр   ', '200', 1, NULL, NULL),
(127, '2000000000916', 'Бурлящий шарик для ванн "Лаванда" 185 гр.   ', '200', 1, NULL, NULL),
(128, '2000000000923', 'Бурлящий шарик для ванн "Лайм и мята" 185 гр.   ', '200', 1, NULL, NULL),
(129, '2000000000930', 'Бурлящий шарик для ванн "Мед и малина" 185 гр.   ', '200', 1, NULL, NULL),
(130, '2000000000947', 'Бурлящий шарик для ванн "Роза" 185 гр', '200', 1, NULL, NULL),
(131, '2000000000954', 'Бурлящий шарик для ванн "Сладкий апельсин" 185 гр.   ', '200', 1, NULL, NULL),
(132, '2000000000961', 'Бурлящий шарик для ванн "Хвойная бомба" 185 гр.   ', '200', 1, NULL, NULL),
(133, '2000000000978', 'Бурлящий шарик для ванн "Шоколад" 185 гр.   ', '200', 1, NULL, NULL),
(134, '2000000001296', 'Пена для ванн "Нежный возраст" 200 мл   ', '800', 1, NULL, NULL),
(135, '2000000000985', 'Воск для волос  "Иланг-иланг" от секухщихся кончиков 15 мл   ', '420', 1, NULL, NULL),
(136, '2000000001173', 'Кондиционер для волос "Имбирь" придающий объем, 200 мл   ', '806', 1, NULL, NULL),
(137, '2000000001180', 'Кондиционер для волос "Имбирь" придающий объем, 200 мл   ', '806', 1, NULL, NULL),
(138, '2000000001166', 'Кондиционер "Мед и малина" увлажняющий 200 мл   ', '806', 1, NULL, NULL),
(139, '2000000001395', 'Шампунь твердый "Зверобой"  75 гр   ', '490', 1, NULL, NULL),
(140, '2000000001401', 'Шампунь твердый "Иланг-иланг" восстанавливающий 75 гр.   ', '490', 1, NULL, NULL),
(141, '2000000001364', 'Шампунь "Имбирь", придающий объем 200мл   ', '520', 1, NULL, NULL),
(142, '2000000001371', 'Шампунь "Мед и малина" увлажняющий 200 мл   ', '520', 1, NULL, NULL),
(143, '2000000001388', 'Шампунь "Можжевельник", регулирующий жирность волос 200 мл   ', '520', 1, NULL, NULL),
(144, '2000000000879', 'Бальзам для губ "Шик" 15 мл   ', '420', 1, NULL, NULL),
(145, '2000000000862', 'Бальзам для губ "Лайм и мята" 15 мл   ', '420', 1, NULL, NULL),
(146, '2000000000886', 'Блеск-бальзам для губ "Мед и малина" 15 мл   ', '420', 1, NULL, NULL),
(147, '2000000001333', 'Скраб для губ "Мед и малина" 15 мл   ', '405', 1, NULL, NULL),
(148, '2000000001029', 'Гель для душа 2 в 1 Дубовый мох 200 мл   ', '600', 1, NULL, NULL),
(149, '2000000000992', 'Гель для душа "Иланг-иланг" 200 мл   ', '600', 1, NULL, NULL),
(150, '2000000001005', 'Гель для душа "Лайм и мята" 200 мл  ', '600', 1, NULL, NULL),
(151, '2000000001012', 'Гель для душа "Сладкий апельсин" 200 мл   ', '600', 1, NULL, NULL),
(152, '2000000001210', 'Масло для душа "Мед и малина" 200 м', '850', 1, NULL, NULL),
(153, '2000000001104', 'Гидрофильное масло для интимной гигиены "Лаванда" 200 мл   ', '850', 1, NULL, NULL),
(154, '2000000001111', 'Гидрофильное масло для лица "Имбирь" 200 мл   ', '850', 1, NULL, NULL),
(155, '2000000001289', 'Очищающее молочко для лица "Лаванда" 100 мл', '690', 1, NULL, NULL),
(156, '2000000001197', 'Маска для лица "Лаванда" успокаивающая 120 мл                    ', '770', 1, NULL, NULL),
(157, '2000000001203', 'Маска для лица "Лайм и мята" 120 мл   ', '770', 1, NULL, NULL),
(158, '2000000001340', 'Скраб для лица "Иланг-иланг" 120 мл   ', '750', 1, NULL, NULL),
(159, '2000000001357', 'Скраб для лица "Мед и малина" 120 мл   ', '750', 1, NULL, NULL),
(160, '2000000001227', 'Масло для ногтей "Иланг-иланг" укрепляющее и отбеливающее 15 мл   ', '300', 1, NULL, NULL),
(161, '2000000001234', 'Масло для ногтей "Ромашка и лимон" укрепляющее и бактерицидное 15 мл   ', '300', 1, NULL, NULL),
(162, '2000000001241', 'Масло для тела "Иланг-иланг" 120 мл   ', '640', 1, NULL, NULL),
(163, '2000000001258', 'Масло для тела "Имбирь" 120 мл   ', '640', 1, NULL, NULL),
(164, '2000000001265', 'Масло для тела "Мед и малина" 120 мл   ', '640', 1, NULL, NULL),
(165, '2000000001272', 'Масло для тела "Нежный возраст" 120 мл   ', '640', 1, NULL, NULL),
(166, '2000000001135', 'Зубной порошок Календула, укрепляющий 60 гр   ', '310', 1, NULL, NULL),
(167, '2000000001142', 'Зубной порошок Лимон, отбеливающий 60 гр   ', '310', 1, NULL, NULL),
(168, '2000000001159', 'Зубной порошок Мята, противовоспалительный 60 гр   ', '310', 1, NULL, NULL),
(170, '2000000000329', 'Биочистка БиоБьюти нежная , 200гр.', '1200', 1, NULL, NULL),
(171, '2000000000312', 'Биочистка БиоБьюти  нежная, 70гр.', '600', 1, NULL, NULL),
(172, '2000000000336', 'Биочистка БиоБьюти классическая , 200гр.', '1200', 1, NULL, NULL),
(174, '2000000002156', 'Натуральное мыло "Агни"', '350', 1, NULL, NULL),
(175, '2000000002224', 'Натуральное мыло "Одолень трава"', '350', 1, NULL, NULL),
(176, '2000000002194', 'Натуральное мыло "Ладинец"', '350', 1, NULL, NULL),
(177, '2000000002217', 'Натуральное мыло "Огневица"', '350', 1, NULL, NULL),
(178, '2000000002262', 'Натуральное мыло "Славец"', '350', 1, NULL, NULL),
(179, '2000000002255', 'Натуральное мыло "Сварга"', '350', 1, NULL, NULL),
(180, '2000000002248', 'Натуральное мыло "Сваор"', '350', 1, NULL, NULL),
(181, '2000000002200', 'Натуральное мыло "Новородник"', '350', 1, NULL, NULL),
(182, '2000000002279', 'Натуральное мыло "Цветок папоротника"', '320', 1, NULL, NULL),
(183, '2000000002163', 'Натуральное мыло "Всеславец"', '350', 1, NULL, NULL),
(184, '2000000002170', 'Натуральное мыло "Духобор"', '350', 1, NULL, NULL),
(185, '2000000002187', 'Натуральное мыло "Купала"', '350', 1, NULL, NULL),
(186, '2000000002231', 'Натуральное мыло "Свадебник"', '350', 1, NULL, NULL),
(187, '2000000001968', 'Бурлящий шарик для ванн "Веселина"', '300', 1, NULL, NULL),
(188, '2000000001975', 'Бурлящий шарик для ванн "Всемила"', '300', 1, NULL, NULL),
(189, '2000000001982', 'Бурлящий шарик для ванн "Всеслава"', '300', 1, NULL, NULL),
(190, '2000000001999', 'Бурлящий шарик для ванн "Добромила"', '300', 1, NULL, NULL),
(191, '2000000002057', 'Крем "Яра"', '470', 1, NULL, NULL),
(192, '2000000002033', 'Крем "Милана"', '800', 1, NULL, NULL),
(193, '2000000002026', 'Крем "Благодар"', '450', 1, NULL, NULL),
(194, '2000000002071', 'Крем-репеллент "Лесовик"', '470', 1, NULL, NULL),
(195, '2000000002019', 'Крем "Берегиня"', '450', 1, NULL, NULL),
(196, '2000000002040', 'Крем "Услада"', '830', 1, NULL, NULL),
(197, '2000000002408', 'Шампунь для нормальных волос "Жар-Птица"', '580', 1, NULL, NULL),
(198, '2000000002415', 'Шампунь для сухих волос "Жар-Птица"', '580', 1, NULL, NULL),
(199, '2000000002392', 'Шампунь для жирных волос "Жар-Птица"', '580', 1, NULL, NULL),
(200, '2000000002316', 'Скраб для тела "Леля"', '700', 1, NULL, NULL),
(201, '2000000002323', 'Скраб для тела "Русалочка"', '700', 1, NULL, NULL),
(202, '2000000002309', 'Скраб для лица "Краса"', '550', 1, NULL, NULL),
(203, '2000000002088', 'Маска для волос "Заря"', '700', 1, NULL, NULL),
(204, '2000000002095', 'Маска для лица "Любомила" (для проблемной и жирной кожи)', '580', 1, NULL, NULL),
(205, '2000000001951', 'Бальзам для губ "Чаровница" ()', '350', 1, NULL, NULL),
(206, '2000000001944', 'Бальзам для губ "Чаровница" (Медовый)', '350', 1, NULL, NULL),
(207, '2000000002330', 'Твердые духи №1', '420', 1, NULL, NULL),
(208, '2000000002347', 'Твердые духи №2', '420', 1, NULL, NULL),
(209, '2000000002354', 'Твердые духи №3', '420', 1, NULL, NULL),
(210, '2000000002361', 'Твердые духи №4', '420', 1, NULL, NULL),
(211, '2000000002378', 'Твердые духи №5', '420', 1, NULL, NULL),
(212, '2000000002385', 'Твердые духи №6', '420', 1, NULL, NULL),
(213, '2000000002149', 'Масляная смесь для тела "Лада"', '780', 1, NULL, NULL),
(214, '2000000002132', 'Масляная смесь для сухой кожи лица "Жива"', '780', 1, NULL, NULL),
(215, '2000000002125', 'Масляная смесь для нормальной кожи лица "Жива"', '780', 1, NULL, NULL),
(216, '2000000002101', 'Масляная смесь для возрастной кожи лица "Жива"', '830', 1, NULL, NULL),
(217, '2000000002118', 'Масляная смесь для жирной кожи лица "Жива"', '780', 1, NULL, NULL),
(218, '2000000002286', 'Натуральный дезодорант "Доброслав"', '470', 1, NULL, NULL),
(219, '2000000002293', 'Натуральный дезодорант "Доброслава"', '470', 1, NULL, NULL),
(220, '2000000002002', 'Зубной порошок "Яровит"', '470', 1, NULL, NULL),
(222, '2000000001555', 'Масло косметическое солнцезащитное', '2360', 1, NULL, NULL),
(223, '2000000001548', 'Масло косметическое для загара', '2028', 1, NULL, NULL),
(224, '2000000001753', 'Молочко косметическое для тела после загара', '1800', 1, NULL, NULL),
(225, '2000000001876', 'Шампунь для волос и тела (без слез, очищение и удаление корочек)', '1100', 1, NULL, NULL),
(226, '2000000001784', 'Пенка для детской гигиены (для подмывания)', '1100', 1, NULL, NULL),
(227, '2000000001869', 'Цветочная водичка "Монарда+" (для промывания глаз, от коньюктивита)', '900', 1, NULL, NULL),
(228, '2000000001814', 'Сливки под подгузник (от опрелостей и раздражения)', '1100', 1, NULL, NULL),
(229, '2000000001531', 'Летний крем (с натуральным SPF 40+) ', '1300', 1, NULL, NULL),
(230, '2000000001852', 'Спрей "Гвоздика+" (защита от насекомых и педикулеза)', '900', 1, NULL, NULL),
(231, '2000000001517', 'Зимний крем "Кедр+" (защита от ветра и мороза)', '1100', 1, NULL, NULL),
(232, '2000000001593', 'Массажное масло "Душица+" (при гипертонусе мышц)', '1450', 1, NULL, NULL),
(233, '2000000001685', 'Массажное масло "Розмарин+" (при гипотонусе мышц)', '1450', 1, NULL, NULL),
(234, '2000000001722', 'Массажное масло "Шалфей+" (заживляющее любые повреждения кожи)', '950', 1, NULL, NULL),
(235, '2000000001425', 'Бальзам "Мирра+" (от диатеза и аллергической сыпи)', '1450', 1, NULL, NULL),
(236, '2000000001418', 'Бальзам "Береза+" (от гнойничков, лишая и бородавок)', '1000', 1, NULL, NULL),
(237, '2000000001487', 'Гель "Чабрец+" (иммунитет+)', '1450', 1, NULL, NULL),
(238, '2000000001432', 'Бальзам "Пихта+" (для растирания от простуды и кашля)', '1450', 1, NULL, NULL),
(239, '2000000001609', 'Массажное масло "Зверобой+" (для заживления пупочков)', '690', 1, NULL, NULL),
(240, '2000000001715', 'Массажное масло "Укроп+" (для животиков от колик)', '1450', 1, NULL, NULL),
(241, '2000000001647', 'Массажное масло "Мята+" (при прорезывании зубов) ', '600', 1, NULL, NULL),
(242, '2000000001708', 'Массажное масло "Туя+" (от стоматита)', '600', 1, NULL, NULL),
(243, '2000000001739', 'Массажное масло "Эвкалипт+" (для носиков)', '600', 1, NULL, NULL),
(244, '2000000001838', 'Смесь эфирных масел "Лаванда+" (для купания и сна)', '1450', 1, NULL, NULL),
(245, '2000000001661', 'Массажное масло "Персик+" (универсальное)', '1100', 1, NULL, NULL),
(246, '2000000001494', 'Гель для душа "Иланг-иланг+" (не сушит и не стягивает кожу)', '1100', 1, NULL, NULL),
(247, '2000000001807', 'Сливки для тела "Иланг-иланг+" (увлажнение, питание)', '1100', 1, NULL, NULL),
(248, '2000000001791', 'Пенка для интимной гигиены "Иланг-иланг+" (антисептическая)', '950', 1, NULL, NULL),
(249, '2000000001821', 'Смесь эфирных масел "АНТИ-ТОКС" (от токсикоза)', '1450', 1, NULL, NULL),
(250, '2000000001562', 'Массажное масло "АНТИ-ТОНУС" (от гипертонуса матки)', '1500', 1, NULL, NULL),
(251, '2000000001692', 'Массажное масло "СТРИОЛ" (профилактика появления растяжек)', '1500', 1, NULL, NULL),
(252, '2000000001654', 'Массажное масло "ОСТЕОЛ" ( обезболивающее для поясницы)', '1450', 1, NULL, NULL),
(253, '2000000001746', 'Массажное масло "ЭЛАСТОЛ" (для подготовки промежности к родам)', '0', 1, NULL, NULL),
(254, '2000000001616', 'Массажное масло "КАНДИОЛ" (от кандидоза (молочницы)', '1450', 1, NULL, NULL),
(255, '2000000001500', 'Гель для ног "КРИОЛ" ( от тяжести, отеков и варикоза)', '1200', 1, NULL, NULL),
(256, '2000000001524', 'Крем-бальзам "ГЕМОЛ" (профилактика геморроя)', '0', 1, NULL, NULL),
(257, '2000000001845', 'Смесь эфирных масел "Погружение" (для подготовки и начала родов)', '1500', 1, NULL, NULL),
(258, '2000000001623', 'Массажное масло "ЛАКТО-СТИМУЛ" (для стимуляции лактации)', '1300', 1, NULL, NULL),
(259, '2000000001630', 'Массажное масло "ЛАКТО-СТОП" (для угнетения лактации)', '1300', 1, NULL, NULL),
(260, '2000000001470', 'Гель "СТРИОЛ-forte" (устранение растяжек)', '1500', 1, NULL, NULL),
(261, '2000000001579', 'Массажное масло "АРЕОЛ-comfort" (для заживления сосков)', '1300', 1, NULL, NULL),
(262, '2000000001678', 'Массажное масло "РЕГЕНОЛ-forte" (для заживления послеродовых разрывов)', '1500', 1, NULL, NULL),
(263, '2000000001586', 'Массажное масло "ГЕМОЛ-forte" (от послеродового геморроя)', '1300', 1, NULL, NULL),
(264, '2000000001456', 'Гель "СТРЕЙЧ-krio" (лифтинг для кожи живота, бедер и груди, охлаждающий)', '1800', 1, NULL, NULL),
(265, '2000000001463', 'Гель "СТРЕЙЧ-termo" (лифтинг для кожи живота, бедер, разогревающий)', '1800', 1, NULL, NULL),
(266, '2000000001777', 'Набор тестеров ПсихоАромаКоррекция веса', '0', 1, NULL, NULL),
(267, '2000000001449', 'Бальзам для губ Морковь дикая', '0', 1, NULL, NULL),
(268, '2000000001760', 'Набор тестеров по сакральной ароматерапии', '0', 1, NULL, NULL),
(270, '2000000001906', 'Терка для ног Camellen ', '240', 1, NULL, NULL),
(271, '2000000001913', 'Щетка двусторонняя  массажер ши', '500', 1, NULL, NULL),
(272, '2000000001883', 'Массажер от целлюлита "Варежка"', '280', 1, NULL, NULL),
(273, '2000000001890', 'Спонж из люффы  для лица', '360', 1, NULL, NULL),
(275, '2000000001937', 'Конус', '3500', 1, NULL, NULL),
(276, '2000000001920', 'Додекаэдры', '3500', 1, NULL, NULL),
(301, '2000000002705', 'Проверка', '0', 1, NULL, NULL),
(302, '2000000002712', 'Гель для бритья "Дубовый мох"', '600', 1, NULL, NULL),
(303, '2000000002729', 'Мыло "Лаванда" мини', '110', 1, NULL, NULL),
(304, '2000000002736', 'Мыло "Пихта" мини', '80', 1, NULL, NULL),
(305, '2000000002743', 'Мыло "Роза" мини', '110', 1, NULL, NULL),
(306, '2000000002750', 'Крем № 7', '400', 1, NULL, NULL),
(307, '2000000002767', 'Крем № 14', '400', 1, NULL, NULL),
(308, '2000000002774', 'Крем для рук с церамидами и витаминами B3 45 мл', '300', 1, NULL, NULL),
(309, '2000000002781', 'Крем для ног 45 мл', '350', 1, NULL, NULL),
(310, '2000000002798', 'Сыворотка для кожи головы', '420', 1, NULL, NULL),
(311, '2000000002804', 'Крем--концентрат для тела "Бодрость" 45 гр.', '270', 1, NULL, NULL),
(312, '2000000002811', 'Крем-концентрат для тела "Ваниль" 45 гр.', '270', 1, NULL, NULL),
(313, '2000000002828', 'Крем-концентрат  для тела "Откровение"', '270', 1, NULL, NULL),
(314, '2000000002835', 'Крем-концентрат "Роза" 45 гр', '290', 1, NULL, NULL),
(317, '2000000002842', 'Льняная игрушка "Мишка"', '1120', 1, NULL, NULL),
(318, '2000000002873', 'Льняная подушка "Кошки-Мышки"', '1800', 1, NULL, NULL),
(319, '2000000002859', 'Льняная пижамница "Ночьная Фея"', '2300', 1, NULL, NULL),
(320, '2000000002897', 'Льняной сувенир "Ангел Хранитель"', '1100', 1, NULL, NULL),
(321, '2000000002903', 'Льняной сувенир "Баба-Яга на метле"', '900', 1, NULL, NULL),
(322, '2000000002880', 'Льняная сувенир "Конь Удачи"', '1000', 1, NULL, NULL),
(323, '2000000002965', 'Рушник льняной "Былина" цвет.', '690', 1, NULL, NULL),
(324, '2000000002910', 'Льняной сувенир "Домашка Машка"', '1100', 1, NULL, NULL),
(325, '2000000002927', 'Льняной сувенир "Неразлучники"', '1700', 1, NULL, NULL),
(326, '2000000002934', 'Подушка игрушка "Лошадь Маруся"', '1500', 1, NULL, NULL),
(327, '2000000002941', 'Прихватка льняная"Народная"', '250', 1, NULL, NULL),
(328, '2000000002958', 'Рушник льняной "Былина" син.', '690', 1, NULL, NULL),
(329, '2000000002972', 'Салфетка льняная "Бабочки"', '280', 1, NULL, NULL),
(330, '2000000002989', 'Салфетка льняная "Гламур"', '295', 1, NULL, NULL),
(331, '2000000002996', 'Салфетка льняная "Сицилия"', '310', 1, NULL, NULL),
(332, '2000000003016', 'Салфетка льняная цвет. фисташковый', '300', 1, NULL, NULL),
(333, '2000000003023', 'Фартук льняной "Воробей"', '1600', 1, NULL, NULL),
(334, '2000000002866', 'Льняная подушка "Кошки в кармане"', '1800', 1, NULL, NULL),
(335, '2000000003009', 'Салфетка льняная цвет. лавандовый', '300', 1, NULL, NULL),
(337, '2000000003047', 'Молочко для тела Голубая Ромашка', '1200', 1, NULL, NULL),
(340, '2000000003054', 'Мыло " Ljve is"', '260', 1, NULL, NULL),
(341, '2000000003061', 'Мыло "Восточное"', '260', 1, NULL, NULL),
(342, '2000000003078', 'Мыло "Индийские пряности"', '260', 1, NULL, NULL),
(343, '2000000003085', 'Мыло "Какос и сливки"', '260', 1, NULL, NULL),
(344, '2000000003092', 'Мыло "Календула"', '260', 1, NULL, NULL),
(345, '2000000003108', 'Мыло "Кастильское"', '260', 1, NULL, NULL),
(346, '2000000003115', 'Мыло "Лавандовое"', '260', 1, NULL, NULL),
(347, '2000000003122', 'Мыло "Мятное"', '260', 1, NULL, NULL),
(348, '2000000003139', 'Мыло "Эвкалиптовое"', '260', 1, NULL, NULL),
(349, '2000000003146', 'Мыло "Черное море"', '260', 1, NULL, NULL),
(350, '2000000003153', 'Мыло "Шиповник"', '260', 1, NULL, NULL),
(351, '2000000003160', 'Мыло "Шоколадное"', '260', 1, NULL, NULL),
(352, '2000000003177', 'Мыло "Мацеста"', '260', 1, NULL, NULL),
(353, '2000000003184', 'Мыло "Маточное молочко"', '260', 1, NULL, NULL),
(354, '2000000003191', 'Мыло "Медовая сота с цветочной пыльцой"', '0', 1, NULL, NULL),
(355, '2000000003207', 'Шампунь "Крапива"', '420', 1, NULL, NULL),
(356, '2000000003214', 'Шампунь "Ромашка"', '420', 1, NULL, NULL),
(357, '2000000003221', 'Шампунь "Маточное молочко"', '420', 1, NULL, NULL),
(358, '2000000003238', 'Шампунь "Альпийские травы"', '420', 1, NULL, NULL),
(359, '2000000003245', 'Шампунь "Медовый"', '420', 1, NULL, NULL),
(360, '2000000003252', 'Шампунь "Мацеста"', '420', 1, NULL, NULL),
(361, '2000000003269', 'Шампунь "Мадагаскарская ваниль"', '850', 1, NULL, NULL),
(362, '2000000003276', 'Бальзам для волос "Крапива"', '410', 1, NULL, NULL),
(363, '2000000003283', 'Бальзам для волос "Ромашка"', '410', 1, NULL, NULL),
(364, '2000000003290', 'Бальзам для волос "Маточное молочко"', '410', 1, NULL, NULL),
(365, '2000000003306', 'Бальзам для волос "Альпийские травы"', '410', 1, NULL, NULL),
(366, '2000000003313', 'Бальзам для волос "Медовый"', '410', 1, NULL, NULL),
(367, '2000000003320', 'Бальзам для волос "Мацеста"', '410', 1, NULL, NULL),
(368, '2000000003337', 'Бальзам для волос "Мадагаскарская ваниль"', '800', 1, NULL, NULL),
(369, '2000000003344', 'Гель для душа "Мадагаскарская ваниль"', '790', 1, NULL, NULL),
(370, '2000000003351', 'Гель для душа "Эвкалиптовый"', '410', 1, NULL, NULL),
(371, '2000000003368', 'Мыло "Календула"', '0', 1, NULL, NULL),
(372, '2000000003375', 'Мыло "Медовое"', '260', 1, NULL, NULL),
(373, '2000000003382', 'Мыло "Цитрусовое"', '260', 1, NULL, NULL),
(374, '2000000003719', 'Пробник шампунь "Альпийские травы"', '130', 1, NULL, NULL),
(375, '2000000003702', 'Пробник бальзам "Альпийские травы"', '130', 1, NULL, NULL),
(378, '2000000003399', 'Гидролат Роза', '350', 1, NULL, NULL),
(379, '2000000003405', 'Арома спрей "Лаванда"', '1600', 1, NULL, NULL),
(380, '2000000003412', 'Бальзам для губ (карандаш)', '150', 1, NULL, NULL),
(381, '2000000003429', 'Крем-бальзам после бритья "Дубовый мох"', '550', 1, NULL, NULL),
(382, '2000000003436', 'Биочистка БиоБьюти классическая 70 гр.', '600', 1, NULL, NULL),
(384, '2000000003443', 'Парфюм №1', '3000', 1, NULL, NULL),
(385, '2000000003450', 'Парфюм №3', '3000', 1, NULL, NULL),
(386, '2000000003467', 'Парфюм №5', '3000', 1, NULL, NULL),
(387, '2000000003474', 'Парфюм №9', '3000', 1, NULL, NULL),
(388, '2000000003481', 'Парфюм №17', '3000', 1, NULL, NULL),
(389, '2000000003498', 'Парфюм №40', '3000', 1, NULL, NULL),
(390, '2000000003504', 'Парфюм №57', '3000', 1, NULL, NULL),
(391, '2000000003511', 'Парфюм (мини)', '300', 1, NULL, NULL),
(392, '2000000003528', 'Крем №3', '380', 1, NULL, NULL),
(393, '2000000003535', 'Крем №2', '400', 1, NULL, NULL),
(394, '2000000003542', 'Крем ночной для лица', '0', 1, NULL, NULL),
(395, '2000000003559', 'Масляный коктейль "Ши"  150 мл', '640', 1, NULL, NULL),
(396, '2000000003566', 'Масляный коктейль "Зверобой и календула" 100 мл', '500', 1, NULL, NULL),
(397, '2000000003573', 'Масляный коктейль "Миндальный" 30 мл', '420', 1, NULL, NULL),
(398, '2000000003580', 'Бельди "Мацеста" 150 мл', '530', 1, NULL, NULL),
(399, '2000000003597', 'Бельди "Шоколадное" 150 мл', '530', 1, NULL, NULL),
(400, '2000000003603', 'Бельди "Эвкалипт" 150 мл', '530', 1, NULL, NULL),
(401, '2000000003610', 'Крем "Маточное молочко" 50 г', '550', 1, NULL, NULL),
(402, '2000000003627', 'Гель для душа "Череда" 250 мл', '410', 1, NULL, NULL),
(403, '2000000003634', 'Гель для душа "Мятный" 250 мл', '410', 1, NULL, NULL),
(404, '2000000003641', 'Гель для лица "Овсянный" 250 мл', '450', 1, NULL, NULL),
(405, '2000000003658', 'Гель для лица "Мадагаскарская ваниль"', '800', 1, NULL, NULL),
(406, '2000000003665', 'Бальзам для губ "Прополисный"', '160', 1, NULL, NULL),
(407, '2000000003672', 'Бальзам для губ "Медовый"', '160', 1, NULL, NULL),
(408, '2000000003689', 'Бальзам для губ "Шоколадный"', '190', 1, NULL, NULL),
(409, '2000000003696', 'Маска для тела "Имбирь"', '640', 1, NULL, NULL),
(411, '2000000003726', 'Денежное дерево', '400', 1, NULL, NULL),
(412, '2000000003733', 'Картина денежный знак', '1600', 1, NULL, NULL),
(413, '2000000003740', 'Картина Денежное дерево', '2200', 1, NULL, NULL),
(414, '2000000003757', 'Бальзам для губ "Заботливый"', '160', 1, NULL, NULL),
(415, '2000000003764', 'Бальзам для губ "Лавандовый"', '160', 1, NULL, NULL),
(416, '2000000003771', 'Бальзам для губ "Облепиховый"', '160', 1, NULL, NULL),
(417, '2000000003788', 'Крем № 1 ', '400', 1, NULL, NULL),
(418, '2000000003795', 'Бальзам для губ "Маной и алоэ"', '180', 1, NULL, NULL),
(419, '2000000003801', 'Скраб "Шоколодо-сахарный"', '540', 1, NULL, NULL),
(420, '2000000003818', 'Апельсин сладкий экстра эфирное масло 10 мл', '250', 1, NULL, NULL),
(421, '2000000003825', 'Лавандовая вода ОРГАНИЧЕСКАЯ 50 мл', '385', 1, NULL, NULL),
(422, '2000000003832', 'Розовая вода Болгарская 50 мл', '385', 1, NULL, NULL),
(423, '2000000003849', 'Масло какоса Baraka', '720', 1, NULL, NULL),
(424, '2000000003856', 'Гидролат "Лаванда" 100 мл ', '380', 1, NULL, NULL),
(425, '2000000003863', 'Гтдролат "Роза" 100 мл', '380', 1, NULL, NULL),
(426, '2000000003870', 'Гидролат "Шалфей" 100 мл', '380', 1, NULL, NULL),
(427, '2000000003887', 'Крем "Маточное молочко" 30 мл.', '385', 1, NULL, NULL),
(429, '2000000003894', 'Мыло ручной работы в асс.', '300', 1, NULL, NULL),
(430, '2000000003900', 'Мыло ручной работы мини в асс.', '100', 1, NULL, NULL),
(431, '2000000003917', 'Парфюм мини 200 р', '200', 1, NULL, NULL),
(432, '2000000003924', 'Мыло "Глинтвейн"', '260', 1, NULL, NULL),
(433, '2000000003931', 'Мыло "Конфетти"', '260', 1, NULL, NULL),
(434, '2000000003948', 'Мыло "Подарок Нептуна"', '260', 1, NULL, NULL),
(435, '2000000003955', 'Мыло "Суданская Роза"', '260', 1, NULL, NULL),
(436, '2000000003962', 'Шампунь "Медовый с прополисом"', '420', 1, NULL, NULL),
(437, '2000000003979', 'Бальзам для волос "Медовый с прополисом"', '410', 1, NULL, NULL),
(438, '2000000003986', 'Гель для душа "Каштанлвый мед"', '500', 1, NULL, NULL),
(439, '2000000003993', 'Крем "Каштановый мед" 30 мл', '335', 1, NULL, NULL),
(440, '2000000004006', 'Крем "Сила гор" 30 мл', '385', 1, NULL, NULL),
(441, '2000000004013', 'Молочко "Сила гор 100 мл"', '550', 1, NULL, NULL),
(442, '2000000004020', 'Плитка для бритья мини', '200', 1, NULL, NULL),
(443, '2000000004037', 'Плитка для бритья стандарт', '500', 1, NULL, NULL),
(444, '2000000004044', 'Аргано масло Органик 50 мл', '800', 1, NULL, NULL),
(445, '2000000004051', 'Аргано масло Органик 100 мл', '1460', 1, NULL, NULL),
(446, '2000000004068', 'Еловой хвои вода 50 мл', '385', 1, NULL, NULL),
(447, '2000000004075', 'Лавандовая вода 100 мл', '385', 1, NULL, NULL),
(448, '2000000004082', 'Крем для лица 15 SPF 50 ', '550', 1, NULL, NULL),
(449, '2000000004099', 'Солнцезащитный крем для тела Календула 30 SPF', '600', 1, NULL, NULL),
(450, '2000000004105', 'Солнцезащитный крем для тела Календула 50 SPF , 100 мл', '650', 1, NULL, NULL),
(451, '2000000004112', 'Гель для тела Алоэ, 100 мл', '800', 1, NULL, NULL),
(453, '2000000004129', 'Пемза', '0', 1, NULL, NULL),
(454, '2000000004136', 'Упаковка', '400', 1, NULL, NULL),
(455, '2000000004143', 'Масляный коктейль "Зеленый чай" 30 мл', '420', 1, NULL, NULL),
(456, '2000000004150', 'Масляный коктейль для сухих кончиков волос 30 мл', '420', 1, NULL, NULL),
(457, '2000000004167', 'Гидролат "Липа" 100 мл', '380', 1, NULL, NULL),
(458, '2000000004174', 'Дезодорант', '350', 1, NULL, NULL),
(459, '2000000004570', ' маска сульфидно-иловая 220 гр', '350', 1, NULL, NULL),
(460, '2000000004198', 'Глина Гассул мароканская 150 гр', '420', 1, NULL, NULL),
(461, '2000000004204', 'Масло семян брокколи ОРГАНИК 10 мл', '350', 1, NULL, NULL),
(462, '2000000004211', 'Маска для лица "Лайм и мята" 60 мл', '500', 1, NULL, NULL),
(463, '2000000004228', 'Скраб для лица "Мед и малина" 60 мл', '500', 1, NULL, NULL),
(464, '2000000004235', 'Зубной порошок "Календула" укрепляющий 35 гр', '250', 1, NULL, NULL),
(465, '2000000004242', 'Зубной порошок "Лимон" отбеливающий 50 гр', '250', 1, NULL, NULL),
(466, '2000000004259', 'Зубной порошок "Мята" противовоспалительный 50 гр', '250', 1, NULL, NULL),
(467, '2000000004266', 'Аромакулон', '150', 1, NULL, NULL),
(468, '2000000004273', 'Эфирное масло Мята перечная 5 мл', '250', 1, NULL, NULL),
(469, '2000000004280', 'Эфирное масло "Иланг-иланг" 5 мл', '250', 1, NULL, NULL),
(470, '2000000004297', 'Эфирное масло "Шалфей мускатный" 5 мл', '300', 1, NULL, NULL),
(471, '2000000004303', 'Маска для лица "Лаванда" успакаивающая 60 мл', '500', 1, NULL, NULL),
(473, '2000000004310', '"Кристалл-ДеоНат" 40 г чистый стик RELAX', '350', 1, NULL, NULL),
(474, '2000000004327', '"Кристалл-ДеоНат"40 г стик сок АЛОЭ', '350', 1, NULL, NULL),
(475, '2000000004334', '"Кристалл-ДеоНат" 60г чистый стик', '400', 1, NULL, NULL),
(476, '2000000004341', '"Кристалл-ДеоНат" 60 г с натур вытяж АЛОЭ и глицерин, стик', '400', 1, NULL, NULL),
(477, '2000000004358', '"Кристалл-ДеоНат" 60 г АЛОЭ стик', '400', 1, NULL, NULL),
(478, '2000000004365', '"Кристалл-ДеоНат" 60 г МАНГОСТИН стик розовый', '400', 1, NULL, NULL),
(479, '2000000004372', '"Крислалл-ДеоНат" 60 г КУРКУМА стик желтый', '400', 1, NULL, NULL),
(480, '2000000004389', 'Биомаска №1 лифтинг, 50 г', '800', 1, NULL, NULL),
(481, '2000000004396', 'Биомаска №2 вокруг глаз, 50 г', '800', 1, NULL, NULL),
(482, '2000000004402', 'Биомаска №3 Витиминная, 50 г', '800', 1, NULL, NULL),
(483, '2000000004419', 'Биомаска №4 для проблемной кожи', '800', 1, NULL, NULL),
(484, '2000000004426', 'Биомаска№6 сужение пор, 50 г', '650', 1, NULL, NULL),
(485, '2000000004433', 'Биомаска №9 АНТИКУПИРОЗ', '800', 1, NULL, NULL),
(486, '2000000004440', 'Биомаска №8 осветляющая, 50 г', '800', 1, NULL, NULL),
(488, '2000000004457', 'Мочалка-руковица "карман" из сизаля', '200', 1, NULL, NULL),
(489, '2000000004464', 'Мочалка для пилинга "Шар"', '100', 1, NULL, NULL),
(490, '2000000004563', 'Сет№1 пробник 10 шт, по 5 мл тест', '0', 1, NULL, NULL),
(491, '2000000004488', 'Сет №2 пробник 10 шт, по 5 мл', '3000', 1, NULL, NULL),
(492, '2000000004495', 'Сет №3 пробник 10 шт, по 5 мл', '3000', 1, NULL, NULL),
(493, '2000000004501', 'Парфюм № 15..', '1400', 1, NULL, NULL),
(494, '2000000004518', 'Парфюм №15', '3000', 1, NULL, NULL),
(495, '2000000004525', 'Парфюм № 45', '3000', 1, NULL, NULL),
(496, '2000000004532', 'Парфюм № 39', '3000', 1, NULL, NULL),
(497, '2000000004549', 'Парфюм № 30', '3000', 1, NULL, NULL),
(498, '2000000004556', 'Парфюм №32', '3000', 1, NULL, NULL),
(499, '2000000004587', 'Кулон конус  Лунный камень с бус опала', '1200', 1, NULL, NULL),
(500, '2000000004594', 'Кулон Муранское стекло', '700', 1, NULL, NULL),
(502, '2000000004600', 'Магнит', '200', 1, NULL, NULL),
(503, '2000000004617', 'Серьги Vidrio', '900', 1, NULL, NULL),
(504, '2000000004624', 'Серьги Juqo', '900', 1, NULL, NULL),
(505, '2000000004631', 'Серьги Souffie', '900', 1, NULL, NULL),
(506, '2000000004655', 'Серьги Vitamina', '900', 1, NULL, NULL),
(507, '2000000004662', 'Серьги Caer', '800', 1, NULL, NULL),
(508, '2000000004679', 'Серьги LiLa, Яшма, кварц', '900', 1, NULL, NULL),
(509, '2000000004686', 'Серьги Кисти длин', '1800', 1, NULL, NULL),
(510, '2000000004693', 'Серьги Кисти сред', '1600', 1, NULL, NULL),
(512, '2000000004709', 'Браслет', '0', 1, NULL, NULL),
(513, '2000000004716', 'Масло для загара, 100 мл', '800', 1, NULL, NULL),
(514, '2000000004723', 'Роза, двухфазное средство для снятия макияжа, 100 мл', '750', 1, NULL, NULL),
(515, '2000000004730', 'Кедровый скраб для лица, 150 мл', '620', 1, NULL, NULL),
(516, '2000000004747', 'Мицеллярная вода Ромашка, 200 мл', '500', 1, NULL, NULL),
(517, '2000000004754', 'Крем для лица Василек, регенерирующий, 50 мл', '900', 1, NULL, NULL),
(519, '2000000004761', 'Пихтовый напиток', '0', 1, NULL, NULL),
(520, '2000000004778', 'Пихтовое масло 10 мл', '0', 1, NULL, NULL),
(521, '2000000004785', 'Крем №8', '0', 1, NULL, NULL),
(522, '2000000004792', 'Природная минеральная сульфидно-иловая 220 гр', '0', 1, NULL, NULL),
(523, '2000000004808', 'Бальзам-конд. "Жар-Птица"', '0', 1, NULL, NULL),
(524, '2000000004815', 'Крем-молочко для снятия макияжа "Нежность"', '0', 1, NULL, NULL),
(525, '2000000004822', 'Гель для умывания "Нежность"', '0', 1, NULL, NULL),
(526, '2000000004839', 'Гель для гигиены тела "Нега" (Интимный)', '0', 1, NULL, NULL),
(527, '2000000004846', 'Крем молочко для гигиены тела "Нега" (интимный)', '0', 1, NULL, NULL),
(528, '2000000004853', 'Натур. тоник из лаванды', '0', 1, NULL, NULL),
(529, '2000000004860', 'Нат. тоник из зел. чая', '0', 1, NULL, NULL),
(530, '2000000004877', 'Нат. тоник из розы', '0', 1, NULL, NULL),
(531, '2000000004884', 'Нат тоник из гамамелиса', '0', 1, NULL, NULL),
(532, '2000000004891', 'Нат тоник из размарина', '0', 1, NULL, NULL),
(533, '2000000004907', 'Нат тоник из нероли', '0', 1, NULL, NULL),
(534, '2000000004914', 'Нат тоник из липы', '0', 1, NULL, NULL),
(535, '2000000004921', 'Мыло "Домовай"', '0', 1, NULL, NULL),
(536, '2000000004938', 'Крем для век "Нежана"', '0', 1, NULL, NULL),
(537, '2000000004945', 'Маска для лица "Любомила"(сух. и возр)', '0', 1, NULL, NULL),
(538, '2000000004952', 'Маска для лица "Любомила" (пробл и жирная)', '0', 1, NULL, NULL),
(539, '2000000004969', 'Бальзам для губ "Чаровница"мини', '0', 1, NULL, NULL),
(540, '2000000004976', 'Набор пробников', '0', 1, NULL, NULL),
(541, '2000000004983', 'Крем ночной', '0', 1, NULL, NULL),
(542, '2000000004990', 'Крем "Эластика" для тела', '0', 1, NULL, NULL),
(543, '2000000005003', 'Иланг-иланг экстра эфирное масло 5 мл', '0', 1, NULL, NULL),
(544, '2000000005010', 'Кедр гимолайский эфирное масло 10 мл', '0', 1, NULL, NULL),
(547, '2000000005027', 'Мочалка Натуральная', '0', 1, NULL, NULL),
(548, '2000000005034', 'Набор ароматических Масел', '0', 1, NULL, NULL),
(549, '2000000005041', 'Натуральное эфирное масло "Можжевельник"', '0', 1, NULL, NULL),
(550, '2000000005058', 'Натуральное эфирное масло "Эвкалипт"', '0', 1, NULL, NULL),
(551, '2000000005065', 'Пихтовое масло 100 мл', '0', 1, NULL, NULL),
(552, '2000000005072', 'Масляный коктейль "Череда" 30 мл ', '0', 1, NULL, NULL),
(553, '2000000005089', 'Крем для лица "Прополисный" 30 мл', '0', 1, NULL, NULL),
(554, '2000000005096', 'Гель для душа "Липовый цвет" 250 мл', '0', 1, NULL, NULL),
(555, '2000000005102', 'Скраб для лица "Иланг-иланг" 60 мл', '0', 1, NULL, NULL),
(556, '2000000005119', 'Эфирное масло "Грейпфрут" 5 мл', '0', 1, NULL, NULL),
(557, '2000000005126', 'Эфирное масло "Ель 5 мл"', '0', 1, NULL, NULL),
(558, '2000000005133', 'Эфирное масло "Лемонграсс" 5 мл', '0', 1, NULL, NULL),
(559, '2000000005140', 'Крем Биобьюти "Для ног" 80 мл', '0', 1, NULL, NULL),
(560, '2000000005157', 'Масляный коктейль "Мята 100 мл"', '0', 1, NULL, NULL),
(561, '2000000005164', 'Гидролат "Календула"100 мл', '0', 1, NULL, NULL),
(562, '2000000005171', 'Гидролат "Мелисса" 100 мл', '0', 1, NULL, NULL),
(563, '2000000005188', 'Гидролат "Роза"limited edition 100 мл', '0', 1, NULL, NULL),
(564, '2000000005195', 'Бальзам для губ "Шоколадный" помада', '0', 1, NULL, NULL),
(565, '2000000005201', 'Серьги Caer двойные', '0', 1, NULL, NULL),
(566, '2000000005218', 'Нат. тоник василька', '0', 1, NULL, NULL),
(567, '2000000005225', 'Твердые духи мини', '0', 1, NULL, NULL);

-- --------------------------------------------------------

--
-- Структура таблицы `items_orders`
--

CREATE TABLE `items_orders` (
  `id` int(10) UNSIGNED NOT NULL,
  `items_id` int(11) NOT NULL,
  `items_price` varchar(255) COLLATE utf8_unicode_ci NOT NULL,
  `items_price_discount` varchar(255) COLLATE utf8_unicode_ci NOT NULL,
  `items_quantity` varchar(255) COLLATE utf8_unicode_ci NOT NULL,
  `items_sum` varchar(255) COLLATE utf8_unicode_ci NOT NULL,
  `orders_id` int(10) UNSIGNED NOT NULL
) ENGINE=InnoDB DEFAULT CHARSET=utf8 COLLATE=utf8_unicode_ci;

--
-- Дамп данных таблицы `items_orders`
--

INSERT INTO `items_orders` (`id`, `items_id`, `items_price`, `items_price_discount`, `items_quantity`, `items_sum`, `orders_id`) VALUES
(1, 301, '450', '450', '3', '1350', 1),
(2, 205, '350', '350', '1', '350', 2),
(3, 206, '350', '350', '1', '350', 2),
(4, 148, '600', '600', '1', '600', 2),
(5, 93, '510', '510', '1', '510', 2),
(6, 200, '700', '700', '1', '700', 2),
(7, 187, '300', '300', '1', '300', 3),
(8, 190, '300', '300', '1', '300', 3),
(9, 130, '260', '260', '1', '260', 3),
(10, 148, '600', '600', '1', '600', 3),
(11, 92, '510', '510', '1', '510', 3),
(12, 314, '290', '290', '1', '290', 3),
(13, 55, '560', '560', '1', '560', 3),
(14, 245, '1500', '1500', '1', '1500', 3),
(15, 305, '110', '110', '1', '110', 3),
(16, 180, '390', '390', '1', '390', 3),
(17, 58, '540', '540', '1', '540', 3),
(18, 273, '360', '360', '1', '360', 3),
(19, 310, '390', '390', '1', '390', 3),
(20, 143, '520', '520', '1', '520', 3),
(21, 225, '1490', '1490', '1', '1490', 3),
(22, 96, '510', '510', '1', '510', 3),
(23, 306, '380', '380', '1', '380', 4),
(24, 156, '770', '770', '1', '770', 4),
(25, 157, '770', '770', '1', '770', 4),
(26, 241, '700', '700', '1', '700', 4),
(27, 243, '780', '780', '1', '780', 4),
(28, 58, '540', '540', '1', '540', 4),
(29, 57, '540', '540', '1', '540', 4),
(30, 59, '540', '540', '1', '540', 4),
(31, 310, '1170', '1170', '3', '3510', 4),
(32, 199, '580', '580', '1', '580', 4),
(33, 198, '580', '580', '1', '580', 4),
(34, 188, '300', '300', '1', '300', 5),
(35, 130, '260', '260', '1', '260', 5),
(36, 195, '1100', '1100', '2', '2200', 5),
(37, 159, '750', '750', '1', '750', 5),
(38, 197, '1160', '1160', '2', '2320', 5),
(39, 145, '420', '420', '1', '420', 6),
(40, 205, '350', '350', '1', '350', 6),
(41, 206, '350', '350', '1', '350', 6),
(42, 54, '410', '410', '1', '410', 6),
(43, 146, '840', '840', '2', '1680', 6),
(44, 151, '600', '600', '1', '600', 6),
(45, 114, '770', '770', '2', '1540', 6),
(46, 115, '770', '770', '2', '1540', 6),
(47, 116, '385', '385', '1', '385', 6),
(48, 117, '385', '385', '1', '385', 6),
(49, 118, '385', '385', '1', '385', 6),
(50, 119, '385', '385', '1', '385', 6),
(51, 120, '385', '385', '1', '385', 6),
(52, 121, '680', '680', '1', '680', 6),
(53, 111, '550', '550', '1', '550', 6),
(54, 195, '550', '550', '1', '550', 6),
(55, 55, '560', '560', '1', '560', 6),
(56, 56, '560', '560', '1', '560', 6),
(57, 44, '240', '240', '1', '240', 6),
(58, 32, '110', '110', '1', '110', 6),
(59, 303, '110', '110', '1', '110', 6),
(60, 304, '220', '220', '2', '440', 6),
(61, 304, '220', '220', '2', '440', 6),
(62, 305, '110', '110', '1', '110', 6),
(63, 46, '240', '240', '1', '240', 6),
(64, 174, '390', '390', '1', '390', 6),
(65, 198, '580', '580', '1', '580', 6),
(66, 54, '410', '410', '1', '410', 7),
(67, 116, '385', '385', '1', '385', 7),
(68, 118, '385', '385', '1', '385', 7),
(69, 167, '310', '310', '1', '310', 7),
(70, 193, '470', '470', '1', '470', 7),
(71, 311, '270', '270', '1', '270', 7),
(72, 312, '270', '270', '1', '270', 7),
(73, 204, '580', '580', '1', '580', 7),
(74, 152, '850', '850', '1', '850', 7),
(75, 185, '390', '390', '1', '390', 7),
(76, 218, '940', '940', '2', '1880', 7),
(77, 219, '940', '940', '2', '1880', 7),
(78, 75, '210', '210', '1', '210', 7),
(79, 76, '210', '210', '1', '210', 7),
(80, 158, '750', '750', '1', '750', 7),
(81, 143, '520', '520', '1', '520', 7),
(82, 199, '580', '580', '1', '580', 7),
(83, 198, '580', '580', '1', '580', 7),
(84, 161, '300', '300', '1', '300', 8),
(85, 190, '300', '300', '1', '300', 9),
(86, 147, '405', '405', '1', '405', 9),
(87, 161, '300', '300', '1', '300', 10),
(88, 163, '640', '640', '1', '640', 10),
(89, 216, '830', '830', '1', '830', 10),
(90, 215, '780', '780', '1', '780', 10),
(91, 58, '540', '540', '1', '540', 10),
(92, 54, '410', '410', '1', '410', 11),
(93, 53, '340', '340', '1', '340', 11),
(94, 112, '260', '260', '1', '260', 11),
(95, 312, '270', '270', '1', '270', 11),
(96, 216, '830', '830', '1', '830', 11),
(97, 219, '940', '940', '2', '1880', 11),
(98, 58, '540', '540', '1', '540', 11),
(99, 86, '550', '550', '1', '550', 11),
(100, 365, '420', '420', '1', '420', 12),
(101, 64, '210', '210', '1', '210', 12),
(102, 195, '550', '550', '1', '550', 12),
(103, 309, '300', '300', '1', '300', 12),
(104, 308, '300', '300', '1', '300', 12),
(105, 311, '270', '270', '1', '270', 12),
(106, 215, '780', '780', '1', '780', 12),
(107, 340, '520', '520', '2', '1040', 12),
(108, 341, '260', '260', '1', '260', 12),
(109, 346, '260', '260', '1', '260', 12),
(110, 349, '520', '520', '2', '1040', 12),
(111, 179, '450', '450', '1', '450', 12),
(112, 147, '810', '810', '2', '1620', 12),
(113, 355, '430', '430', '1', '430', 12),
(114, 360, '430', '430', '1', '430', 12),
(115, 359, '430', '430', '1', '430', 12),
(116, 197, '580', '580', '1', '580', 12),
(117, 144, '420', '420', '1', '420', 13),
(118, 131, '260', '260', '1', '260', 13),
(119, 151, '600', '600', '1', '600', 13),
(120, 85, '550', '550', '1', '550', 13),
(121, 324, '1100', '1100', '1', '1100', 13),
(122, 341, '260', '260', '1', '260', 13),
(123, 346, '260', '260', '1', '260', 13),
(124, 75, '210', '210', '1', '210', 13),
(125, 57, '540', '540', '1', '540', 13),
(126, 358, '430', '430', '1', '430', 13),
(127, 306, '380', '380', '1', '380', 14),
(128, 308, '600', '600', '2', '1200', 14),
(129, 217, '780', '780', '1', '780', 14),
(130, 76, '210', '210', '1', '210', 14),
(131, 365, '420', '420', '1', '420', 15),
(132, 362, '420', '420', '1', '420', 15),
(133, 206, '350', '350', '1', '350', 15),
(134, 54, '410', '410', '1', '410', 15),
(135, 171, '1200', '1200', '2', '2400', 15),
(136, 53, '340', '340', '1', '340', 15),
(137, 302, '600', '600', '1', '600', 15),
(138, 370, '410', '410', '1', '410', 15),
(139, 378, '350', '350', '1', '350', 15),
(140, 167, '310', '310', '1', '310', 15),
(141, 66, '210', '210', '1', '210', 15),
(142, 306, '380', '380', '1', '380', 15),
(143, 308, '300', '300', '1', '300', 15),
(144, 272, '280', '280', '1', '280', 15),
(145, 343, '260', '260', '1', '260', 15),
(146, 350, '260', '260', '1', '260', 15),
(147, 348, '260', '260', '1', '260', 15),
(148, 99, '880', '880', '1', '880', 15),
(149, 358, '430', '430', '1', '430', 15),
(150, 355, '430', '430', '1', '430', 15),
(151, 271, '500', '500', '1', '500', 15),
(152, 364, '420', '420', '1', '420', 16),
(153, 145, '420', '420', '1', '420', 16),
(154, 53, '340', '340', '1', '340', 16),
(155, 117, '385', '385', '1', '385', 16),
(156, 119, '385', '385', '1', '385', 16),
(157, 120, '385', '385', '1', '385', 16),
(158, 307, '380', '380', '1', '380', 16),
(159, 306, '380', '380', '1', '380', 16),
(160, 309, '300', '300', '1', '300', 16),
(161, 342, '260', '260', '1', '260', 16),
(162, 353, '260', '260', '1', '260', 16),
(163, 347, '520', '520', '2', '1040', 16),
(164, 351, '520', '520', '2', '1040', 16),
(165, 348, '260', '260', '1', '260', 16),
(166, 48, '446', '446', '1', '446', 16),
(167, 270, '240', '240', '1', '240', 16),
(168, 357, '430', '430', '1', '430', 16),
(169, 359, '430', '430', '1', '430', 16),
(170, 53, '340', '340', '1', '340', 17),
(171, 307, '380', '380', '1', '380', 17),
(172, 306, '380', '380', '1', '380', 18),
(173, 270, '240', '240', '1', '240', 18),
(174, 199, '580', '580', '1', '580', 18),
(175, 360, '430', '430', '1', '430', 19),
(176, 380, '150', '150', '1', '150', 20),
(177, 53, '340', '340', '1', '340', 20),
(178, 378, '350', '350', '1', '350', 20),
(179, 92, '510', '510', '1', '510', 20),
(180, 58, '540', '540', '1', '540', 20),
(181, 86, '1100', '1100', '2', '2200', 20),
(182, 97, '510', '510', '1', '510', 20),
(183, 364, '420', '420', '1', '420', 21),
(184, 114, '385', '385', '1', '385', 21),
(185, 116, '385', '385', '1', '385', 21),
(186, 93, '510', '510', '1', '510', 21),
(187, 307, '380', '380', '1', '380', 21),
(188, 306, '380', '380', '1', '380', 21),
(189, 222, '2360', '2360', '1', '2360', 21),
(190, 87, '550', '550', '1', '550', 21),
(191, 202, '580', '580', '1', '580', 21),
(192, 310, '390', '390', '1', '390', 21),
(193, 130, '260', '260', '1', '260', 22),
(194, 133, '260', '260', '1', '260', 22),
(195, 213, '780', '780', '1', '780', 22),
(196, 341, '260', '260', '1', '260', 22),
(197, 348, '260', '260', '1', '260', 22),
(198, 331, '310', '310', '1', '310', 22),
(199, 77, '210', '210', '1', '210', 22),
(200, 408, '190', '190', '1', '190', 23),
(201, 382, '600', '600', '1', '600', 23),
(202, 404, '410', '410', '1', '410', 23),
(203, 401, '1740', '1740', '3', '5220', 23),
(204, 312, '270', '270', '1', '270', 23),
(205, 32, '110', '110', '1', '110', 23),
(206, 341, '260', '260', '1', '260', 23),
(207, 373, '260', '260', '1', '260', 23),
(208, 351, '260', '260', '1', '260', 23),
(209, 391, '600', '600', '2', '1200', 23),
(210, 369, '790', '790', '1', '790', 24),
(211, 401, '580', '580', '1', '580', 24),
(212, 142, '520', '520', '1', '520', 24),
(213, 362, '420', '420', '1', '420', 25),
(214, 407, '320', '320', '2', '640', 25),
(215, 406, '320', '320', '2', '640', 25),
(216, 408, '190', '190', '1', '190', 25),
(217, 46, '240', '240', '1', '240', 25),
(218, 348, '260', '260', '1', '260', 25),
(219, 355, '430', '430', '1', '430', 25),
(220, 187, '300', '300', '1', '300', 26),
(221, 126, '260', '260', '1', '260', 26),
(222, 404, '410', '410', '1', '410', 26),
(223, 85, '550', '550', '1', '550', 26),
(224, 307, '380', '380', '1', '380', 26),
(225, 309, '300', '300', '1', '300', 26),
(226, 341, '260', '260', '1', '260', 26),
(227, 200, '700', '700', '1', '700', 26),
(228, 349, '260', '260', '1', '260', 27),
(229, 90, '-750', '-750', '-1', '750', 27),
(230, 370, '410', '410', '1', '410', 28),
(231, 217, '780', '780', '1', '780', 28),
(232, 351, '260', '260', '1', '260', 28),
(233, 159, '750', '750', '1', '750', 28),
(234, 201, '700', '700', '1', '700', 28),
(235, 90, '750', '750', '1', '750', 28),
(236, 127, '260', '260', '1', '260', 29),
(237, 403, '410', '410', '1', '410', 29),
(238, 401, '580', '580', '1', '580', 29),
(239, 393, '760', '760', '2', '1520', 29),
(240, 314, '290', '290', '1', '290', 29),
(241, 396, '510', '510', '1', '510', 29),
(242, 352, '260', '260', '1', '260', 29),
(243, 347, '260', '260', '1', '260', 29),
(244, 391, '600', '600', '2', '1200', 29),
(245, 375, '130', '130', '1', '130', 29),
(246, 374, '130', '130', '1', '130', 29),
(247, 77, '210', '210', '1', '210', 29),
(248, 366, '420', '420', '1', '420', 30),
(249, 146, '420', '420', '1', '420', 30),
(250, 114, '385', '385', '1', '385', 30),
(251, 195, '550', '550', '1', '550', 30),
(252, 401, '580', '580', '1', '580', 30),
(253, 57, '540', '540', '1', '540', 30),
(254, 367, '420', '420', '1', '420', 31),
(255, 146, '420', '420', '1', '420', 31),
(256, 132, '260', '260', '1', '260', 31),
(257, 403, '410', '410', '1', '410', 31),
(258, 114, '770', '770', '2', '1540', 31),
(259, 309, '300', '300', '1', '300', 31),
(260, 311, '270', '270', '1', '270', 31),
(261, 164, '640', '640', '1', '640', 31),
(262, 213, '780', '780', '1', '780', 31),
(263, 396, '510', '510', '1', '510', 31),
(264, 340, '260', '260', '1', '260', 31),
(265, 347, '260', '260', '1', '260', 31),
(266, 159, '750', '750', '1', '750', 31),
(267, 358, '430', '430', '1', '430', 31),
(268, 357, '430', '430', '1', '430', 31),
(269, 356, '430', '430', '1', '430', 31),
(270, 367, '420', '420', '1', '420', 32),
(271, 54, '410', '410', '1', '410', 32),
(272, 118, '385', '385', '1', '385', 32),
(273, 392, '380', '380', '1', '380', 32),
(274, 162, '640', '640', '1', '640', 32),
(275, 164, '640', '640', '1', '640', 32),
(276, 397, '380', '380', '1', '380', 32),
(277, 340, '520', '520', '2', '1040', 32),
(278, 341, '520', '520', '2', '1040', 32),
(279, 35, '275', '275', '1', '275', 32),
(280, 349, '260', '260', '1', '260', 32),
(281, 391, '300', '300', '1', '300', 32),
(282, 57, '1080', '1080', '2', '2160', 32),
(283, 48, '892', '892', '2', '1784', 32),
(284, 402, '820', '820', '2', '1640', 33),
(285, 118, '385', '385', '1', '385', 33),
(286, 193, '470', '470', '1', '470', 33),
(287, 417, '760', '760', '2', '1520', 33),
(288, 306, '760', '760', '2', '1520', 33),
(289, 392, '380', '380', '1', '380', 33),
(290, 215, '780', '780', '1', '780', 33),
(291, 395, '1280', '1280', '2', '2560', 33),
(292, 219, '470', '470', '1', '470', 33),
(293, 147, '405', '405', '1', '405', 33),
(294, 310, '390', '390', '1', '390', 33),
(295, 358, '430', '430', '1', '430', 33),
(296, 415, '160', '160', '1', '160', 34),
(297, 146, '420', '420', '1', '420', 34),
(298, 397, '380', '380', '1', '380', 34),
(299, 340, '260', '260', '1', '260', 34),
(300, 74, '210', '210', '1', '210', 34),
(301, 202, '580', '580', '1', '580', 34),
(302, 310, '390', '390', '1', '390', 34),
(303, 148, '600', '600', '1', '600', 35),
(304, 306, '380', '380', '1', '380', 35),
(305, 109, '630', '630', '1', '630', 35),
(306, 229, '1650', '1650', '1', '1650', 35),
(307, 203, '700', '700', '1', '700', 35),
(308, 164, '640', '640', '1', '640', 35),
(309, 165, '640', '640', '1', '640', 35),
(310, 251, '1900', '1900', '1', '1900', 35),
(311, 88, '470', '470', '1', '470', 35),
(312, 310, '390', '390', '1', '390', 35),
(313, 359, '430', '430', '1', '430', 35),
(314, 414, '160', '160', '1', '160', 36),
(315, 135, '420', '420', '1', '420', 36),
(316, 309, '300', '300', '1', '300', 36),
(317, 340, '260', '260', '1', '260', 36),
(318, 155, '690', '690', '1', '690', 36),
(319, 273, '360', '360', '1', '360', 36),
(320, 270, '240', '240', '1', '240', 36),
(321, 366, '420', '420', '1', '420', 37),
(322, 406, '480', '480', '3', '1440', 37),
(323, 370, '410', '410', '1', '410', 37),
(324, 92, '450', '450', '1', '450', 37),
(325, 164, '640', '640', '1', '640', 37),
(326, 346, '260', '260', '1', '260', 37),
(327, 347, '260', '260', '1', '260', 37),
(328, 349, '260', '260', '1', '260', 37),
(329, 219, '940', '940', '2', '1880', 37),
(330, 134, '800', '800', '1', '800', 37),
(331, 310, '390', '390', '1', '390', 37),
(332, 270, '240', '240', '1', '240', 37),
(333, 355, '430', '430', '1', '430', 37),
(334, 359, '430', '430', '1', '430', 37),
(335, 197, '580', '580', '1', '580', 37),
(336, 406, '160', '160', '1', '160', 38),
(337, 408, '190', '190', '1', '190', 38),
(338, 135, '420', '420', '1', '420', 38),
(339, 426, '380', '380', '1', '380', 38),
(340, 308, '300', '300', '1', '300', 38),
(341, 203, '700', '700', '1', '700', 38),
(342, 204, '580', '580', '1', '580', 38),
(343, 396, '510', '510', '1', '510', 38),
(344, 303, '110', '110', '1', '110', 38),
(345, 391, '600', '600', '2', '1200', 38),
(346, 310, '390', '390', '1', '390', 38),
(347, 407, '160', '160', '1', '160', 39),
(348, 416, '160', '160', '1', '160', 39),
(349, 406, '160', '160', '1', '160', 39),
(350, 403, '410', '410', '1', '410', 39),
(351, 404, '410', '410', '1', '410', 39),
(352, 427, '770', '770', '2', '1540', 39),
(353, 203, '700', '700', '1', '700', 39),
(354, 157, '770', '770', '1', '770', 39),
(355, 204, '580', '580', '1', '580', 39),
(356, 58, '540', '540', '1', '540', 39),
(357, 310, '390', '390', '1', '390', 39),
(358, 270, '240', '240', '1', '240', 40),
(359, 365, '420', '420', '1', '420', 41),
(360, 363, '420', '420', '1', '420', 41),
(361, 406, '160', '160', '1', '160', 41),
(362, 370, '410', '410', '1', '410', 41),
(363, 425, '380', '380', '1', '380', 41),
(364, 65, '210', '210', '1', '210', 41),
(365, 427, '385', '385', '1', '385', 41),
(366, 314, '580', '580', '2', '1160', 41),
(367, 342, '260', '260', '1', '260', 41),
(368, 371, '260', '260', '1', '260', 41),
(369, 346, '260', '260', '1', '260', 41),
(370, 422, '385', '385', '1', '385', 41),
(371, 310, '390', '390', '1', '390', 41),
(372, 270, '240', '240', '1', '240', 41),
(373, 358, '430', '430', '1', '430', 41),
(374, 356, '430', '430', '1', '430', 41),
(375, 367, '840', '840', '2', '1680', 42),
(376, 404, '1230', '1230', '3', '3690', 42),
(377, 424, '380', '380', '1', '380', 42),
(378, 412, '1600', '1600', '1', '1600', 42),
(379, 136, '806', '806', '1', '806', 42),
(380, 309, '600', '600', '2', '1200', 42),
(381, 102, '680', '680', '1', '680', 42),
(382, 203, '700', '700', '1', '700', 42),
(383, 216, '830', '830', '1', '830', 42),
(384, 213, '780', '780', '1', '780', 42),
(385, 371, '260', '260', '1', '260', 42),
(386, 347, '260', '260', '1', '260', 42),
(387, 373, '260', '260', '1', '260', 42),
(388, 350, '260', '260', '1', '260', 42),
(389, 179, '450', '450', '1', '450', 42),
(390, 360, '860', '860', '2', '1720', 42),
(391, 367, '-420', '-420', '-1', '420', 43),
(392, 404, '-410', '-410', '-1', '410', 43),
(393, 412, '-1600', '-1600', '-1', '1600', 43),
(394, 427, '385', '385', '1', '385', 43),
(395, 313, '270', '270', '1', '270', 43),
(396, 203, '-700', '-700', '-1', '700', 43),
(397, 164, '640', '640', '1', '640', 43),
(398, 223, '2028', '2028', '1', '2028', 43),
(399, 216, '-830', '-830', '-1', '830', 43),
(400, 213, '-780', '-780', '-1', '780', 43),
(401, 305, '220', '220', '2', '440', 43),
(402, 391, '300', '300', '1', '300', 43),
(403, 431, '400', '400', '2', '800', 43),
(404, 360, '-430', '-430', '-1', '430', 43),
(405, 407, '480', '480', '3', '1440', 44),
(406, 406, '480', '480', '3', '1440', 44),
(407, 408, '950', '950', '5', '4750', 44),
(408, 260, '2100', '2100', '1', '2100', 44),
(409, 402, '820', '820', '2', '1640', 44),
(410, 116, '385', '385', '1', '385', 44),
(411, 89, '610', '610', '1', '610', 44),
(412, 85, '470', '470', '1', '470', 44),
(413, 220, '470', '470', '1', '470', 44),
(414, 168, '310', '310', '1', '310', 44),
(415, 412, '1600', '1600', '1', '1600', 44),
(416, 427, '1155', '1155', '3', '3465', 44),
(417, 183, '390', '390', '1', '390', 44),
(418, 431, '200', '200', '1', '200', 44),
(419, 48, '446', '446', '1', '446', 44),
(420, 358, '430', '430', '1', '430', 44),
(421, 199, '580', '580', '1', '580', 44),
(422, 84, '470', '470', '1', '470', 45),
(423, 404, '410', '410', '1', '410', 45),
(424, 427, '770', '770', '2', '1540', 45),
(425, 440, '385', '385', '1', '385', 45),
(426, 105, '650', '650', '1', '650', 45),
(427, 203, '700', '700', '1', '700', 45),
(428, 397, '380', '380', '1', '380', 45),
(429, 415, '320', '320', '2', '640', 46),
(430, 171, '600', '600', '1', '600', 46),
(431, 114, '385', '385', '1', '385', 46),
(432, 153, '850', '850', '1', '850', 46),
(433, 439, '335', '335', '1', '335', 46),
(434, 427, '385', '385', '1', '385', 46),
(435, 69, '210', '210', '1', '210', 46),
(436, 161, '300', '300', '1', '300', 46),
(437, 397, '380', '380', '1', '380', 46),
(438, 340, '260', '260', '1', '260', 46),
(439, 341, '780', '780', '3', '2340', 46),
(440, 434, '520', '520', '2', '1040', 46),
(441, 430, '100', '100', '1', '100', 46),
(442, 310, '390', '390', '1', '390', 46),
(443, 407, '160', '160', '1', '160', 47),
(444, 54, '410', '410', '1', '410', 47),
(445, 382, '600', '600', '1', '600', 47),
(446, 426, '380', '380', '1', '380', 47),
(447, 220, '1410', '1410', '3', '4230', 47),
(448, 66, '210', '210', '1', '210', 47),
(449, 306, '760', '760', '2', '1520', 47),
(450, 108, '500', '500', '1', '500', 47),
(451, 309, '300', '300', '1', '300', 47),
(452, 160, '300', '300', '1', '300', 47),
(453, 164, '640', '640', '1', '640', 47),
(454, 423, '720', '720', '1', '720', 47),
(455, 396, '510', '510', '1', '510', 47),
(456, 340, '520', '520', '2', '1040', 47),
(457, 341, '260', '260', '1', '260', 47),
(458, 432, '260', '260', '1', '260', 47),
(459, 433, '260', '260', '1', '260', 47),
(460, 434, '260', '260', '1', '260', 47),
(461, 219, '470', '470', '1', '470', 47),
(462, 384, '3000', '3000', '1', '3000', 47),
(463, 390, '3000', '3000', '1', '3000', 47),
(464, 422, '385', '385', '1', '385', 47),
(465, 310, '780', '780', '2', '1560', 47),
(466, 49, '446', '446', '1', '446', 47),
(467, 360, '430', '430', '1', '430', 47),
(468, 98, '900', '900', '2', '1800', 47),
(469, 364, '420', '420', '1', '420', 48),
(470, 171, '600', '600', '1', '600', 48),
(471, 135, '420', '420', '1', '420', 48),
(472, 411, '400', '400', '1', '400', 48),
(473, 309, '300', '300', '1', '300', 48),
(474, 447, '385', '385', '1', '385', 48),
(475, 441, '550', '550', '1', '550', 48),
(476, 340, '260', '260', '1', '260', 48),
(477, 303, '110', '110', '1', '110', 48),
(478, 346, '260', '260', '1', '260', 48),
(479, 305, '110', '110', '1', '110', 48),
(480, 422, '385', '385', '1', '385', 48),
(481, 444, '800', '800', '1', '800', 49),
(482, 364, '420', '420', '1', '420', 49),
(483, 416, '160', '160', '1', '160', 49),
(484, 135, '420', '420', '1', '420', 49),
(485, 403, '410', '410', '1', '410', 49),
(486, 439, '335', '335', '1', '335', 49),
(487, 192, '830', '830', '1', '830', 49),
(488, 306, '380', '380', '1', '380', 49),
(489, 161, '600', '600', '2', '1200', 49),
(490, 423, '720', '720', '1', '720', 49),
(491, 341, '260', '260', '1', '260', 49),
(492, 343, '260', '260', '1', '260', 49),
(493, 433, '520', '520', '2', '1040', 49),
(494, 347, '260', '260', '1', '260', 49),
(495, 373, '260', '260', '1', '260', 49),
(496, 349, '260', '260', '1', '260', 49),
(497, 159, '750', '750', '1', '750', 49),
(498, 357, '430', '430', '1', '430', 49),
(499, 445, '1460', '1460', '1', '1460', 50),
(500, 367, '420', '420', '1', '420', 50),
(501, 414, '160', '160', '1', '160', 50),
(502, 416, '160', '160', '1', '160', 50),
(503, 406, '160', '160', '1', '160', 50),
(504, 408, '380', '380', '2', '760', 50),
(505, 54, '820', '820', '2', '1640', 50),
(506, 135, '420', '420', '1', '420', 50),
(507, 404, '410', '410', '1', '410', 50),
(508, 307, '760', '760', '2', '1520', 50),
(509, 56, '560', '560', '1', '560', 50),
(510, 203, '700', '700', '1', '700', 50),
(511, 216, '830', '830', '1', '830', 50),
(512, 213, '780', '780', '1', '780', 50),
(513, 397, '380', '380', '1', '380', 50),
(514, 340, '260', '260', '1', '260', 50),
(515, 432, '780', '780', '3', '2340', 50),
(516, 433, '260', '260', '1', '260', 50),
(517, 352, '260', '260', '1', '260', 50),
(518, 218, '470', '470', '1', '470', 50),
(519, 442, '200', '200', '1', '200', 50),
(520, 443, '500', '500', '1', '500', 50),
(521, 59, '1620', '1620', '3', '4860', 50),
(522, 310, '780', '780', '2', '1560', 50),
(523, 360, '860', '860', '2', '1720', 50),
(524, 54, '410', '410', '1', '410', 51),
(525, 382, '600', '600', '1', '600', 51),
(526, 369, '790', '790', '1', '790', 51),
(527, 166, '310', '310', '1', '310', 51),
(528, 91, '450', '450', '1', '450', 51),
(529, 306, '380', '380', '1', '380', 51),
(530, 309, '300', '300', '1', '300', 51),
(531, 203, '700', '700', '1', '700', 51),
(532, 409, '640', '640', '1', '640', 51),
(533, 341, '260', '260', '1', '260', 51),
(534, 433, '260', '260', '1', '260', 51),
(535, 147, '405', '405', '1', '405', 51),
(536, 158, '750', '750', '1', '750', 51),
(537, 99, '700', '700', '1', '700', 51),
(538, 356, '430', '430', '1', '430', 51),
(539, 445, '1460', '1460', '1', '1460', 52),
(540, 444, '800', '800', '1', '800', 52),
(541, 364, '420', '420', '1', '420', 52),
(542, 363, '420', '420', '1', '420', 52),
(543, 414, '160', '160', '1', '160', 52),
(544, 407, '160', '160', '1', '160', 52),
(545, 206, '350', '350', '1', '350', 52),
(546, 54, '820', '820', '2', '1640', 52),
(547, 171, '600', '600', '1', '600', 52),
(548, 172, '1200', '1200', '1', '1200', 52),
(549, 53, '340', '340', '1', '340', 52),
(550, 405, '800', '800', '1', '800', 52),
(551, 116, '385', '385', '1', '385', 52),
(552, 154, '850', '850', '1', '850', 52),
(553, 220, '470', '470', '1', '470', 52),
(554, 167, '310', '310', '1', '310', 52),
(555, 168, '310', '310', '1', '310', 52),
(556, 195, '550', '550', '1', '550', 52),
(557, 192, '830', '830', '1', '830', 52),
(558, 306, '1140', '1140', '3', '3420', 52),
(559, 105, '650', '650', '1', '650', 52),
(560, 313, '540', '540', '2', '1080', 52),
(561, 312, '270', '270', '1', '270', 52),
(562, 55, '560', '560', '1', '560', 52),
(563, 447, '385', '385', '1', '385', 52),
(564, 216, '830', '830', '1', '830', 52),
(565, 349, '260', '260', '1', '260', 52),
(566, 183, '390', '390', '1', '390', 52),
(567, 181, '390', '390', '1', '390', 52),
(568, 182, '450', '450', '1', '450', 52),
(569, 310, '780', '780', '2', '1560', 52),
(570, 51, '892', '892', '2', '1784', 52),
(571, 49, '446', '446', '1', '446', 52),
(572, 357, '860', '860', '2', '1720', 52),
(573, 420, '250', '250', '1', '250', 53),
(574, 364, '420', '420', '1', '420', 53),
(575, 367, '420', '420', '1', '420', 53),
(576, 403, '410', '410', '1', '410', 53),
(577, 116, '385', '385', '1', '385', 53),
(578, 192, '830', '830', '1', '830', 53),
(579, 440, '385', '385', '1', '385', 53),
(580, 447, '385', '385', '1', '385', 53),
(581, 152, '850', '850', '1', '850', 53),
(582, 341, '520', '520', '2', '1040', 53),
(583, 432, '260', '260', '1', '260', 53),
(584, 388, '3000', '3000', '1', '3000', 53),
(585, 88, '470', '470', '1', '470', 53),
(586, 59, '540', '540', '1', '540', 53),
(587, 310, '390', '390', '1', '390', 53),
(588, 358, '430', '430', '1', '430', 53),
(589, 357, '430', '430', '1', '430', 53),
(590, 360, '430', '430', '1', '430', 53),
(591, 365, '420', '420', '1', '420', 54),
(592, 363, '420', '420', '1', '420', 54),
(593, 370, '410', '410', '1', '410', 54),
(594, 307, '380', '380', '1', '380', 54),
(595, 163, '640', '640', '1', '640', 54),
(596, 423, '720', '720', '1', '720', 54),
(597, 396, '510', '510', '1', '510', 54),
(598, 272, '840', '840', '3', '2520', 54),
(599, 32, '110', '110', '1', '110', 54),
(600, 341, '260', '260', '1', '260', 54),
(601, 303, '110', '110', '1', '110', 54),
(602, 346, '260', '260', '1', '260', 54),
(603, 434, '520', '520', '2', '1040', 54),
(604, 200, '700', '700', '1', '700', 54),
(605, 48, '446', '446', '1', '446', 54),
(606, 358, '430', '430', '1', '430', 54),
(607, 98, '450', '450', '1', '450', 54),
(608, 418, '180', '180', '1', '180', 55),
(609, 135, '420', '420', '1', '420', 55),
(610, 405, '800', '800', '1', '800', 55),
(611, 425, '380', '380', '1', '380', 55),
(612, 164, '640', '640', '1', '640', 55),
(613, 362, '440', '440', '1', '440', 56),
(614, 145, '420', '420', '1', '420', 56),
(615, 407, '160', '160', '1', '160', 56),
(616, 115, '385', '385', '1', '385', 56),
(617, 447, '385', '385', '1', '385', 56),
(618, 303, '110', '110', '1', '110', 56),
(619, 305, '110', '110', '1', '110', 56),
(620, 183, '350', '350', '1', '350', 56),
(621, 180, '350', '350', '1', '350', 56),
(622, 436, '450', '450', '1', '450', 56),
(623, 96, '450', '450', '1', '450', 56),
(624, 84, '470', '470', '1', '470', 57),
(625, 365, '440', '440', '1', '440', 57),
(626, 53, '340', '340', '1', '340', 57),
(627, 438, '500', '500', '1', '500', 57),
(628, 166, '310', '310', '1', '310', 57),
(629, 55, '560', '560', '1', '560', 57),
(630, 434, '280', '280', '1', '280', 57),
(631, 76, '210', '210', '1', '210', 57),
(632, 79, '210', '210', '1', '210', 57),
(633, 355, '450', '450', '1', '450', 57),
(634, 365, '440', '440', '1', '440', 58),
(635, 367, '440', '440', '1', '440', 58),
(636, 370, '430', '430', '1', '430', 58),
(637, 404, '450', '450', '1', '450', 58),
(638, 195, '550', '550', '1', '550', 58),
(639, 427, '385', '385', '1', '385', 58),
(640, 307, '400', '400', '1', '400', 58),
(641, 107, '500', '500', '1', '500', 58),
(642, 214, '830', '830', '1', '830', 58),
(643, 432, '280', '280', '1', '280', 58),
(644, 433, '280', '280', '1', '280', 58),
(645, 87, '470', '470', '1', '470', 58),
(646, 147, '405', '405', '1', '405', 58),
(647, 310, '390', '390', '1', '390', 58),
(648, 51, '446', '446', '1', '446', 58),
(649, 49, '446', '446', '1', '446', 58),
(650, 48, '892', '892', '2', '1784', 58),
(651, 99, '700', '700', '1', '700', 58),
(652, 367, '440', '440', '1', '440', 59),
(653, 418, '180', '180', '1', '180', 59),
(654, 170, '1200', '1200', '1', '1200', 59),
(655, 404, '2250', '2250', '5', '11250', 59),
(656, 424, '380', '380', '1', '380', 59),
(657, 154, '850', '850', '1', '850', 59),
(658, 220, '470', '470', '1', '470', 59),
(659, 306, '400', '400', '1', '400', 59),
(660, 104, '1300', '1300', '2', '2600', 59),
(661, 313, '270', '270', '1', '270', 59),
(662, 56, '560', '560', '1', '560', 59),
(663, 161, '300', '300', '1', '300', 59),
(664, 165, '640', '640', '1', '640', 59),
(665, 423, '720', '720', '1', '720', 59),
(666, 340, '560', '560', '2', '1120', 59),
(667, 341, '1120', '1120', '4', '4480', 59),
(668, 432, '840', '840', '3', '2520', 59),
(669, 349, '280', '280', '1', '280', 59),
(670, 390, '3000', '3000', '1', '3000', 59),
(671, 58, '540', '540', '1', '540', 59),
(672, 158, '1500', '1500', '2', '3000', 59),
(673, 310, '390', '390', '1', '390', 59),
(674, 207, '420', '420', '1', '420', 59),
(675, 51, '446', '446', '1', '446', 59),
(676, 355, '450', '450', '1', '450', 59),
(677, 360, '1800', '1800', '4', '7200', 59),
(678, 365, '440', '440', '1', '440', 60),
(679, 418, '180', '180', '1', '180', 60),
(680, 206, '350', '350', '1', '350', 60),
(681, 400, '530', '530', '1', '530', 60),
(682, 171, '600', '600', '1', '600', 60),
(683, 404, '450', '450', '1', '450', 60),
(684, 424, '380', '380', '1', '380', 60),
(685, 154, '850', '850', '1', '850', 60),
(686, 440, '385', '385', '1', '385', 60),
(687, 307, '400', '400', '1', '400', 60),
(688, 107, '500', '500', '1', '500', 60),
(689, 311, '270', '270', '1', '270', 60),
(690, 381, '550', '550', '1', '550', 60),
(691, 441, '550', '550', '1', '550', 60),
(692, 32, '110', '110', '1', '110', 60),
(693, 305, '110', '110', '1', '110', 60),
(694, 404, '450', '450', '1', '450', 61),
(695, 424, '760', '760', '2', '1520', 61),
(696, 154, '850', '850', '1', '850', 61),
(697, 440, '385', '385', '1', '385', 61),
(698, 55, '560', '560', '1', '560', 61),
(699, 272, '280', '280', '1', '280', 61),
(700, 224, '1800', '1800', '1', '1800', 61),
(701, 433, '280', '280', '1', '280', 61),
(702, 351, '280', '280', '1', '280', 61),
(703, 430, '200', '200', '2', '400', 61),
(704, 175, '350', '350', '1', '350', 61),
(705, 179, '395', '395', '1', '395', 61),
(706, 182, '395', '395', '1', '395', 61),
(707, 230, '900', '900', '1', '900', 61),
(708, 365, '440', '440', '1', '440', 62),
(709, 362, '440', '440', '1', '440', 62),
(710, 367, '440', '440', '1', '440', 62),
(711, 402, '430', '430', '1', '430', 62),
(712, 404, '2250', '2250', '5', '11250', 62),
(713, 451, '800', '800', '1', '800', 62),
(714, 424, '1520', '1520', '4', '6080', 62),
(715, 115, '385', '385', '1', '385', 62),
(716, 427, '1155', '1155', '3', '3465', 62),
(717, 215, '780', '780', '1', '780', 62),
(718, 432, '280', '280', '1', '280', 62),
(719, 435, '280', '280', '1', '280', 62),
(720, 351, '280', '280', '1', '280', 62),
(721, 430, '100', '100', '1', '100', 62),
(722, 181, '350', '350', '1', '350', 62),
(723, 177, '395', '395', '1', '395', 62),
(724, 175, '350', '350', '1', '350', 62),
(725, 453, '80', '80', '1', '80', 62),
(726, 335, '300', '300', '1', '300', 62),
(727, 51, '446', '446', '1', '446', 62),
(728, 358, '450', '450', '1', '450', 62),
(729, 355, '1350', '1350', '3', '4050', 62),
(730, 359, '450', '450', '1', '450', 62),
(731, 402, '430', '430', '1', '430', 63),
(732, 404, '1350', '1350', '3', '4050', 63),
(733, 424, '380', '380', '1', '380', 63),
(734, 118, '770', '770', '2', '1540', 63),
(735, 153, '850', '850', '1', '850', 63),
(736, 56, '560', '560', '1', '560', 63),
(737, 397, '420', '420', '1', '420', 63),
(738, 453, '80', '80', '1', '80', 63),
(739, 407, '160', '160', '1', '160', 64),
(740, 438, '500', '500', '1', '500', 64),
(741, 404, '1350', '1350', '3', '4050', 64),
(742, 424, '760', '760', '2', '1520', 64),
(743, 446, '385', '385', '1', '385', 64),
(744, 160, '300', '300', '1', '300', 64),
(745, 430, '100', '100', '1', '100', 64),
(746, 449, '870', '870', '1', '870', 64),
(747, 197, '580', '580', '1', '580', 64),
(748, 198, '580', '580', '1', '580', 64),
(749, 403, '430', '430', '1', '430', 65),
(750, 402, '430', '430', '1', '430', 65),
(751, 370, '430', '430', '1', '430', 65),
(752, 118, '385', '385', '1', '385', 65),
(753, 427, '770', '770', '2', '1540', 65),
(754, 55, '560', '560', '1', '560', 65),
(755, 81, '210', '210', '1', '210', 65),
(756, 420, '250', '250', '1', '250', 66),
(757, 407, '160', '160', '1', '160', 66),
(758, 406, '320', '320', '2', '640', 66),
(759, 206, '350', '350', '1', '350', 66),
(760, 427, '385', '385', '1', '385', 66),
(761, 192, '830', '830', '1', '830', 66),
(762, 108, '500', '500', '1', '500', 66),
(763, 56, '560', '560', '1', '560', 66),
(764, 214, '780', '780', '1', '780', 66),
(765, 185, '700', '700', '2', '1400', 66),
(766, 181, '350', '350', '1', '350', 66),
(767, 186, '395', '395', '1', '395', 66),
(768, 178, '790', '790', '2', '1580', 66),
(769, 182, '790', '790', '2', '1580', 66),
(770, 202, '1160', '1160', '2', '2320', 66),
(771, 201, '700', '700', '1', '700', 66),
(772, 50, '446', '446', '1', '446', 66),
(773, 197, '580', '580', '1', '580', 66),
(774, 365, '440', '440', '1', '440', 67),
(775, 362, '440', '440', '1', '440', 67),
(776, 206, '350', '350', '1', '350', 67),
(777, 170, '1200', '1200', '1', '1200', 67),
(778, 146, '420', '420', '1', '420', 67),
(779, 404, '1800', '1800', '4', '7200', 67),
(780, 440, '385', '385', '1', '385', 67),
(781, 32, '110', '110', '1', '110', 67),
(782, 303, '110', '110', '1', '110', 67),
(783, 200, '700', '700', '1', '700', 67),
(784, 49, '446', '446', '1', '446', 67),
(785, 359, '450', '450', '1', '450', 67),
(786, 356, '900', '900', '2', '1800', 67),
(787, 145, '420', '420', '1', '420', 68),
(788, 451, '800', '800', '1', '800', 68),
(789, 457, '380', '380', '1', '380', 68),
(790, 427, '385', '385', '1', '385', 68),
(791, 447, '385', '385', '1', '385', 68),
(792, 396, '570', '570', '1', '570', 68),
(793, 341, '280', '280', '1', '280', 68),
(794, 175, '350', '350', '1', '350', 68),
(795, 186, '395', '395', '1', '395', 68),
(796, 182, '790', '790', '2', '1580', 68),
(797, 442, '200', '200', '1', '200', 68),
(798, 449, '600', '600', '1', '600', 68),
(799, 358, '450', '450', '1', '450', 68),
(800, 361, '850', '850', '1', '850', 68),
(801, 365, '440', '440', '1', '440', 69),
(802, 424, '380', '380', '1', '380', 69),
(803, 427, '385', '385', '1', '385', 69),
(804, 440, '385', '385', '1', '385', 69),
(805, 56, '560', '560', '1', '560', 69),
(806, 423, '720', '720', '1', '720', 69),
(807, 455, '420', '420', '1', '420', 69),
(808, 341, '280', '280', '1', '280', 69),
(809, 353, '260', '260', '1', '260', 69),
(810, 175, '350', '350', '1', '350', 69),
(811, 57, '540', '540', '1', '540', 69),
(812, 449, '600', '600', '1', '600', 69),
(813, 51, '446', '446', '1', '446', 69),
(814, 358, '450', '450', '1', '450', 69),
(815, 459, '350', '350', '1', '350', 70),
(816, 365, '440', '440', '1', '440', 70),
(817, 408, '190', '190', '1', '190', 70),
(818, 135, '420', '420', '1', '420', 70),
(819, 451, '800', '800', '1', '800', 70),
(820, 446, '385', '385', '1', '385', 70),
(821, 465, '310', '310', '1', '310', 70),
(822, 220, '470', '470', '1', '470', 70),
(823, 307, '400', '400', '1', '400', 70),
(824, 203, '700', '700', '1', '700', 70),
(825, 432, '560', '560', '2', '1120', 70),
(826, 346, '280', '280', '1', '280', 70),
(827, 351, '280', '280', '1', '280', 70),
(828, 348, '280', '280', '1', '280', 70),
(829, 186, '395', '395', '1', '395', 70),
(830, 310, '840', '840', '2', '1680', 70),
(831, 77, '210', '210', '1', '210', 70),
(832, 358, '450', '450', '1', '450', 70),
(833, 436, '450', '450', '1', '450', 70),
(834, 197, '580', '580', '1', '580', 70),
(835, 98, '450', '450', '1', '450', 70),
(836, 469, '250', '250', '1', '250', 70),
(837, 459, '350', '350', '1', '350', 71),
(838, 206, '350', '350', '1', '350', 71),
(839, 458, '350', '350', '1', '350', 71),
(840, 121, '680', '680', '1', '680', 71),
(841, 493, '1400', '1400', '1', '1400', 71),
(842, 50, '446', '446', '1', '446', 71),
(843, 97, '450', '450', '1', '450', 71),
(844, 341, '280', '280', '1', '280', 72),
(845, 166, '310', '310', '1', '310', 73),
(846, 165, '-640', '-640', '-1', '640', 73),
(847, 479, '400', '400', '1', '400', 74),
(848, 477, '400', '400', '1', '400', 74),
(849, 367, '440', '440', '1', '440', 74),
(850, 407, '160', '148,8', '1', '148,8', 74),
(851, 406, '160', '148,8', '1', '148,8', 74),
(852, 399, '1060', '985,8', '2', '1971,6', 74),
(853, 480, '650', '650', '1', '650', 74),
(854, 481, '650', '650', '1', '650', 74),
(855, 53, '340', '340', '1', '340', 74),
(856, 403, '430', '399,9', '1', '399,9', 74),
(857, 402, '430', '399,9', '1', '399,9', 74),
(858, 424, '1520', '1493,4', '4', '5973,6', 74),
(859, 457, '380', '380', '1', '380', 74),
(860, 458, '350', '350', '1', '350', 74),
(861, 411, '400', '400', '1', '400', 74),
(862, 67, '210', '210', '1', '210', 74),
(863, 427, '385', '385', '1', '385', 74),
(864, 440, '385', '385', '1', '385', 74),
(865, 448, '550', '550', '1', '550', 74),
(866, 309, '350', '350', '1', '350', 74),
(867, 8, '1300', '1300', '1', '1300', 74),
(868, 396, '1140', '1100,1', '2', '2200,2', 74),
(869, 455, '420', '420', '1', '420', 74),
(870, 488, '200', '200', '1', '200', 74),
(871, 340, '280', '280', '1', '280', 74),
(872, 32, '110', '110', '1', '110', 74),
(873, 341, '560', '540,4', '2', '1080,8', 74),
(874, 346, '280', '280', '1', '280', 74),
(875, 372, '260', '241,8', '1', '241,8', 74),
(876, 430, '100', '100', '1', '100', 74),
(877, 27, '1350', '1255,5', '1', '1255,5', 74),
(878, 88, '470', '470', '1', '470', 74),
(879, 463, '480', '480', '1', '480', 74),
(880, 310, '840', '840', '2', '1680', 74),
(881, 209, '420', '420', '1', '420', 74),
(882, 358, '450', '450', '1', '450', 74),
(883, 2, '1200', '1140', '1', '1140', 75),
(884, 8, '1300', '1235', '1', '1235', 75),
(885, 5, '1200', '1140', '1', '1140', 75),
(886, 474, '350', '350', '1', '350', 76),
(887, 365, '440', '440', '1', '440', 76),
(888, 20, '4200', '3906', '3', '11718', 76),
(889, 23, '2800', '2604', '2', '5208', 76),
(890, 402, '430', '430', '1', '430', 76),
(891, 458, '350', '350', '1', '350', 76),
(892, 427, '385', '385', '1', '385', 76),
(893, 309, '350', '350', '1', '350', 76),
(894, 203, '1400', '1400', '2', '2800', 76),
(895, 456, '840', '840', '2', '1680', 76),
(896, 181, '350', '350', '1', '350', 76),
(897, 186, '395', '395', '1', '395', 76),
(898, 180, '700', '700', '2', '1400', 76),
(899, 178, '790', '790', '2', '1580', 76),
(900, 326, '1500', '1500', '1', '1500', 76),
(901, 473, '350', '350', '1', '350', 77),
(902, 474, '350', '350', '1', '350', 77),
(903, 444, '800', '800', '1', '800', 77),
(904, 407, '320', '320', '2', '640', 77),
(905, 408, '760', '760', '4', '3040', 77),
(906, 483, '650', '650', '1', '650', 77),
(907, 23, '1400', '1302', '1', '1302', 77),
(908, 24, '4200', '3906', '3', '11718', 77),
(909, 403, '860', '860', '2', '1720', 77),
(910, 402, '430', '430', '1', '430', 77),
(911, 112, '260', '260', '1', '260', 77),
(912, 153, '850', '850', '1', '850', 77),
(913, 458, '350', '350', '1', '350', 77),
(914, 427, '385', '385', '1', '385', 77),
(915, 309, '350', '350', '1', '350', 77),
(916, 164, '640', '640', '1', '640', 77),
(917, 455, '840', '840', '2', '1680', 77),
(918, 456, '420', '420', '1', '420', 77),
(919, 341, '560', '560', '2', '1120', 77),
(920, 422, '385', '385', '1', '385', 77),
(921, 124, '390', '390', '1', '390', 77),
(922, 359, '450', '450', '1', '450', 77),
(923, 478, '400', '400', '1', '400', 78),
(924, 362, '440', '440', '1', '440', 78),
(925, 363, '440', '440', '1', '440', 78),
(926, 407, '320', '320', '2', '640', 78),
(927, 406, '160', '160', '1', '160', 78),
(928, 408, '190', '190', '1', '190', 78),
(929, 398, '530', '530', '1', '530', 78),
(930, 171, '600', '600', '1', '600', 78),
(931, 424, '760', '760', '2', '1520', 78),
(932, 457, '380', '380', '1', '380', 78),
(933, 427, '770', '770', '2', '1540', 78),
(934, 401, '550', '550', '1', '550', 78),
(935, 308, '300', '300', '1', '300', 78),
(936, 320, '1100', '1100', '1', '1100', 78),
(937, 488, '200', '200', '1', '200', 78),
(938, 340, '280', '280', '1', '280', 78),
(939, 341, '280', '280', '1', '280', 78),
(940, 435, '280', '280', '1', '280', 78),
(941, 178, '395', '395', '1', '395', 78),
(942, 453, '80', '80', '1', '80', 78),
(943, 310, '420', '420', '1', '420', 78),
(944, 270, '240', '240', '1', '240', 78),
(945, 355, '450', '450', '1', '450', 78),
(946, 356, '450', '450', '1', '450', 78),
(947, 407, '160', '160', '1', '160', 79),
(948, 400, '530', '530', '1', '530', 79),
(949, 128, '200', '200', '1', '200', 79),
(950, 403, '860', '860', '2', '1720', 79),
(951, 404, '450', '450', '1', '450', 79),
(952, 451, '800', '800', '1', '800', 79),
(953, 460, '420', '420', '1', '420', 79),
(954, 427, '385', '385', '1', '385', 79),
(955, 488, '400', '400', '2', '800', 79),
(956, 346, '280', '280', '1', '280', 79),
(957, 174, '350', '350', '1', '350', 79),
(958, 175, '350', '350', '1', '350', 79),
(959, 73, '210', '210', '1', '210', 79),
(960, 27, '1350', '1350', '1', '1350', 79),
(961, 310, '420', '420', '1', '420', 79),
(962, 210, '420', '420', '1', '420', 79),
(963, 270, '240', '240', '1', '240', 79),
(964, 458, '350', '350', '1', '350', 80),
(965, 309, '350', '350', '1', '350', 80),
(966, 10, '1300', '1300', '1', '1300', 80),
(967, 203, '700', '700', '1', '700', 80),
(968, 186, '395', '395', '1', '395', 80),
(969, 202, '580', '580', '1', '580', 80),
(970, 407, '160', '160', '1', '160', 81),
(971, 457, '380', '380', '1', '380', 81),
(972, 160, '300', '300', '1', '300', 81),
(973, 162, '640', '640', '1', '640', 81),
(974, 213, '780', '780', '1', '780', 81),
(975, 456, '420', '420', '1', '420', 81),
(976, 71, '210', '210', '1', '210', 81),
(977, 489, '100', '100', '1', '100', 81),
(978, 432, '280', '280', '1', '280', 81),
(979, 59, '540', '540', '1', '540', 81),
(980, 450, '650', '650', '1', '650', 81),
(981, 355, '450', '450', '1', '450', 81),
(982, 359, '450', '450', '1', '450', 81),
(983, 406, '320', '320', '2', '640', 82),
(984, 171, '600', '600', '1', '600', 82),
(985, 220, '470', '470', '1', '470', 82),
(986, 308, '300', '300', '1', '300', 82),
(987, 397, '1260', '1260', '3', '3780', 82),
(988, 450, '1300', '1300', '2', '2600', 82),
(989, 270, '240', '240', '1', '240', 82),
(990, 436, '450', '450', '1', '450', 82),
(991, 356, '450', '450', '1', '450', 82),
(992, 364, '440', '440', '1', '440', 83),
(993, 367, '1320', '1320', '3', '3960', 83),
(994, 407, '160', '160', '1', '160', 83),
(995, 406, '320', '320', '2', '640', 83),
(996, 408, '190', '190', '1', '190', 83),
(997, 382, '600', '600', '1', '600', 83),
(998, 21, '990', '990', '1', '990', 83),
(999, 404, '450', '450', '1', '450', 83),
(1000, 424, '380', '380', '1', '380', 83),
(1001, 457, '380', '380', '1', '380', 83),
(1002, 427, '385', '385', '1', '385', 83),
(1003, 56, '560', '560', '1', '560', 83),
(1004, 185, '350', '350', '1', '350', 83),
(1005, 177, '1185', '1185', '3', '3555', 83),
(1006, 179, '395', '395', '1', '395', 83),
(1007, 270, '240', '240', '1', '240', 83),
(1008, 80, '210', '210', '1', '210', 83),
(1009, 357, '450', '450', '1', '450', 83),
(1010, 382, '600', '600', '1', '600', 84),
(1011, 404, '450', '450', '1', '450', 84),
(1012, 451, '800', '800', '1', '800', 84),
(1013, 458, '350', '350', '1', '350', 84),
(1014, 427, '385', '385', '1', '385', 84),
(1015, 341, '280', '280', '1', '280', 84),
(1016, 59, '540', '540', '1', '540', 84),
(1017, 474, '350', '350', '1', '350', 85),
(1018, 407, '480', '480', '3', '1440', 85),
(1019, 406, '480', '480', '3', '1440', 85),
(1020, 404, '900', '900', '2', '1800', 85),
(1021, 65, '210', '210', '1', '210', 85),
(1022, 427, '385', '385', '1', '385', 85),
(1023, 307, '400', '400', '1', '400', 85),
(1024, 396, '570', '570', '1', '570', 85),
(1025, 455, '420', '420', '1', '420', 85),
(1026, 488, '200', '200', '1', '200', 85),
(1027, 73, '210', '210', '1', '210', 85),
(1028, 443, '500', '500', '1', '500', 85),
(1029, 59, '540', '540', '1', '540', 85),
(1030, 310, '420', '420', '1', '420', 85),
(1031, 404, '450', '450', '1', '450', 86),
(1032, 440, '385', '385', '1', '385', 86),
(1033, 307, '800', '800', '2', '1600', 86),
(1034, 106, '500', '500', '1', '500', 86),
(1035, 215, '1560', '1560', '2', '3120', 86),
(1036, 213, '780', '780', '1', '780', 86),
(1037, 395, '640', '640', '1', '640', 86),
(1038, 348, '280', '280', '1', '280', 86),
(1039, 453, '80', '80', '1', '80', 86),
(1040, 310, '1260', '1260', '3', '3780', 86),
(1041, 61, '150', '150', '1', '150', 87),
(1042, 63, '75', '75', '1', '75', 87),
(1043, 62, '75', '75', '1', '75', 87),
(1044, 205, '174', '174', '1', '174', 87),
(1045, 398, '265', '265', '1', '265', 87),
(1046, 480, '650', '650', '1', '650', 87),
(1047, 484, '650', '650', '1', '650', 87),
(1048, 370, '205', '205', '1', '205', 87),
(1049, 112, '260', '260', '1', '260', 87),
(1050, 404, '1105', '1105', '3', '3315', 87),
(1051, 424, '380', '380', '1', '380', 87),
(1052, 446, '70', '70', '1', '70', 87),
(1053, 427, '560', '560', '2', '1120', 87),
(1054, 440, '385', '385', '1', '385', 87),
(1055, 70, '75', '75', '1', '75', 87),
(1056, 69, '75', '75', '1', '75', 87),
(1057, 455, '420', '420', '1', '420', 87),
(1058, 456, '190', '190', '1', '190', 87),
(1059, 71, '75', '75', '1', '75', 87),
(1060, 488, '160', '160', '2', '320', 87),
(1061, 72, '150', '150', '1', '150', 87),
(1062, 184, '198', '198', '1', '198', 87),
(1063, 463, '480', '480', '1', '480', 87),
(1064, 449, '600', '600', '1', '600', 87),
(1065, 450, '650', '650', '1', '650', 87),
(1066, 78, '225', '225', '2', '450', 87),
(1067, 81, '75', '75', '1', '75', 87),
(1068, 83, '75', '75', '1', '75', 87),
(1069, 407, '160', '160', '1', '160', 88),
(1070, 406, '320', '320', '2', '640', 88),
(1071, 408, '190', '190', '1', '190', 88),
(1072, 482, '650', '650', '1', '650', 88),
(1073, 382, '600', '600', '1', '600', 88),
(1074, 148, '600', '600', '1', '600', 88),
(1075, 404, '1350', '1350', '3', '4050', 88),
(1076, 116, '385', '385', '1', '385', 88),
(1077, 427, '385', '385', '1', '385', 88),
(1078, 306, '400', '400', '1', '400', 88),
(1079, 309, '350', '350', '1', '350', 88),
(1080, 203, '700', '700', '1', '700', 88),
(1081, 455, '420', '420', '1', '420', 88),
(1082, 395, '640', '640', '1', '640', 88),
(1083, 453, '80', '80', '1', '80', 88),
(1084, 159, '750', '750', '1', '750', 88),
(1085, 270, '240', '240', '1', '240', 88),
(1086, 357, '450', '450', '1', '450', 88),
(1087, 61, '150', '150', '1', '150', 89),
(1088, 467, '150', '150', '1', '150', 89),
(1089, 62, '300', '300', '2', '600', 89),
(1090, 365, '880', '880', '2', '1760', 89),
(1091, 367, '440', '440', '1', '440', 89),
(1092, 404, '1350', '1350', '3', '4050', 89),
(1093, 458, '350', '350', '1', '350', 89),
(1094, 66, '150', '150', '1', '150', 89),
(1095, 439, '335', '335', '1', '335', 89),
(1096, 448, '550', '550', '1', '550', 89),
(1097, 110, '630', '630', '1', '630', 89),
(1098, 70, '150', '150', '1', '150', 89),
(1099, 462, '500', '500', '1', '500', 89),
(1100, 455, '1260', '1260', '3', '3780', 89),
(1101, 397, '420', '420', '1', '420', 89),
(1102, 395, '640', '640', '1', '640', 89),
(1103, 71, '150', '150', '1', '150', 89),
(1104, 488, '200', '200', '1', '200', 89),
(1105, 432, '1120', '1120', '4', '4480', 89),
(1106, 348, '560', '560', '2', '1120', 89),
(1107, 174, '700', '700', '2', '1400', 89),
(1108, 453, '80', '80', '1', '80', 89),
(1109, 200, '700', '700', '1', '700', 89),
(1110, 449, '600', '600', '1', '600', 89),
(1111, 450, '650', '650', '1', '650', 89),
(1112, 358, '450', '450', '1', '450', 89),
(1113, 140, '490', '490', '1', '490', 89),
(1114, 82, '150', '150', '1', '150', 89),
(1115, 477, '400', '400', '1', '400', 90),
(1116, 63, '150', '150', '1', '150', 90),
(1117, 445, '1460', '1460', '1', '1460', 90),
(1118, 363, '440', '440', '1', '440', 90),
(1119, 406, '160', '160', '1', '160', 90),
(1120, 404, '450', '450', '1', '450', 90),
(1121, 458, '350', '350', '1', '350', 90),
(1122, 68, '300', '300', '2', '600', 90),
(1123, 307, '400', '400', '1', '400', 90),
(1124, 448, '550', '550', '1', '550', 90),
(1125, 309, '350', '350', '1', '350', 90),
(1126, 324, '1100', '1100', '1', '1100', 90),
(1127, 471, '500', '500', '1', '500', 90),
(1128, 462, '500', '500', '1', '500', 90),
(1129, 213, '780', '780', '1', '780', 90),
(1130, 32, '110', '110', '1', '110', 90),
(1131, 72, '300', '300', '2', '600', 90),
(1132, 419, '540', '540', '1', '540', 90),
(1133, 310, '840', '840', '2', '1680', 90),
(1134, 51, '892', '892', '2', '1784', 90),
(1135, 83, '150', '150', '1', '150', 90),
(1136, 357, '450', '450', '1', '450', 90),
(1137, 82, '150', '150', '1', '150', 90),
(1138, 476, '800', '800', '2', '1600', 91),
(1139, 151, '600', '600', '1', '600', 91),
(1140, 404, '450', '450', '1', '450', 91),
(1141, 214, '780', '780', '1', '780', 91),
(1142, 32, '110', '110', '1', '110', 91),
(1143, 304, '110', '110', '1', '110', 91),
(1144, 453, '80', '80', '1', '80', 91),
(1145, 58, '540', '540', '1', '540', 91),
(1146, 81, '150', '150', '1', '150', 91),
(1147, 140, '490', '490', '1', '490', 91),
(1148, 479, '400', '400', '1', '400', 92),
(1149, 473, '350', '350', '1', '350', 92),
(1150, 367, '440', '440', '1', '440', 92),
(1151, 187, '300', '300', '1', '300', 92),
(1152, 403, '430', '430', '1', '430', 92),
(1153, 404, '450', '450', '1', '450', 92),
(1154, 458, '350', '350', '1', '350', 92),
(1155, 55, '560', '560', '1', '560', 92),
(1156, 461, '350', '350', '1', '350', 92),
(1157, 489, '200', '200', '2', '400', 92),
(1158, 341, '280', '280', '1', '280', 92),
(1159, 90, '610', '610', '1', '610', 92),
(1160, 360, '450', '450', '1', '450', 92),
(1161, 61, '150', '150', '1', '150', 93),
(1162, 370, '430', '430', '1', '430', 93),
(1163, 404, '900', '900', '2', '1800', 93),
(1164, 424, '760', '760', '2', '1520', 93),
(1165, 68, '150', '150', '1', '150', 93),
(1166, 195, '550', '550', '1', '550', 93),
(1167, 440, '385', '385', '1', '385', 93),
(1168, 307, '400', '400', '1', '400', 93),
(1169, 56, '560', '560', '1', '560', 93),
(1170, 95, '570', '570', '1', '570', 93),
(1171, 217, '780', '780', '1', '780', 93),
(1172, 215, '1560', '1560', '2', '3120', 93),
(1173, 272, '280', '280', '1', '280', 93),
(1174, 489, '200', '200', '2', '400', 93),
(1175, 488, '400', '400', '2', '800', 93),
(1176, 183, '350', '350', '1', '350', 93),
(1177, 180, '350', '350', '1', '350', 93),
(1178, 453, '80', '80', '1', '80', 93),
(1179, 58, '540', '540', '1', '540', 93),
(1180, 200, '700', '700', '1', '700', 93),
(1181, 357, '450', '450', '1', '450', 93),
(1182, 459, '350', '350', '1', '350', 94),
(1183, 478, '400', '400', '1', '400', 94),
(1184, 444, '800', '800', '1', '800', 94),
(1185, 407, '160', '160', '1', '160', 94),
(1186, 54, '560', '560', '1', '560', 94),
(1187, 404, '900', '900', '2', '1800', 94),
(1188, 458, '700', '700', '2', '1400', 94),
(1189, 465, '310', '310', '1', '310', 94),
(1190, 220, '470', '470', '1', '470', 94),
(1191, 427, '385', '385', '1', '385', 94),
(1192, 440, '385', '385', '1', '385', 94),
(1193, 471, '500', '500', '1', '500', 94),
(1194, 162, '640', '640', '1', '640', 94),
(1195, 183, '350', '350', '1', '350', 94),
(1196, 310, '840', '840', '2', '1680', 94),
(1197, 49, '446', '446', '1', '446', 94),
(1198, 50, '446', '446', '1', '446', 94),
(1199, 356, '450', '450', '1', '450', 94),
(1200, 364, '440', '418', '1', '418', 95),
(1201, 404, '900', '877,5', '2', '1755', 95),
(1202, 424, '380', '361', '1', '361', 95),
(1203, 458, '1050', '1050', '3', '3150', 95),
(1204, 220, '470', '470', '1', '470', 95),
(1205, 427, '1155', '1097,25', '3', '3291,75', 95),
(1206, 307, '400', '400', '1', '400', 95),
(1207, 110, '630', '598,5', '1', '598,5', 95),
(1208, 456, '420', '399', '1', '399', 95),
(1209, 218, '470', '470', '1', '470', 95),
(1210, 57, '540', '540', '1', '540', 95),
(1211, 419, '540', '513', '1', '513', 95),
(1212, 83, '150', '150', '1', '150', 95),
(1213, 358, '900', '900', '2', '1800', 95),
(1214, 357, '450', '427,5', '1', '427,5', 95),
(1215, 360, '450', '427,5', '1', '427,5', 95),
(1216, 473, '350', '350', '1', '350', 96),
(1217, 475, '400', '400', '1', '400', 96),
(1218, 365, '440', '440', '1', '440', 96),
(1219, 407, '480', '480', '3', '1440', 96),
(1220, 170, '1200', '1200', '1', '1200', 96),
(1221, 402, '430', '430', '1', '430', 96),
(1222, 404, '900', '900', '2', '1800', 96),
(1223, 424, '380', '380', '1', '380', 96),
(1224, 465, '310', '310', '1', '310', 96),
(1225, 308, '300', '300', '1', '300', 96),
(1226, 164, '640', '640', '1', '640', 96),
(1227, 340, '280', '280', '1', '280', 96),
(1228, 341, '280', '280', '1', '280', 96),
(1229, 347, '280', '280', '1', '280', 96),
(1230, 201, '1400', '1400', '2', '2800', 96),
(1231, 49, '446', '446', '1', '446', 96),
(1232, 50, '446', '446', '1', '446', 96),
(1233, 358, '450', '450', '1', '450', 96),
(1234, 360, '450', '450', '1', '450', 96),
(1235, 481, '650', '650', '1', '650', 97),
(1236, 382, '600', '600', '1', '600', 97),
(1237, 404, '450', '450', '1', '450', 97),
(1238, 462, '500', '500', '1', '500', 97),
(1239, 395, '640', '640', '1', '640', 97),
(1240, 341, '280', '280', '1', '280', 97);
INSERT INTO `items_orders` (`id`, `items_id`, `items_price`, `items_price_discount`, `items_quantity`, `items_sum`, `orders_id`) VALUES
(1241, 310, '420', '420', '1', '420', 97),
(1242, 444, '800', '800', '1', '800', 98),
(1243, 403, '430', '430', '1', '430', 98),
(1244, 370, '430', '430', '1', '430', 98),
(1245, 440, '385', '385', '1', '385', 98),
(1246, 306, '400', '400', '1', '400', 98),
(1247, 387, '3000', '2850', '1', '2850', 98),
(1248, 310, '420', '420', '1', '420', 98),
(1249, 54, '560', '560', '1', '560', 99),
(1250, 404, '1350', '1350', '3', '4050', 99),
(1251, 153, '850', '850', '1', '850', 99),
(1252, 466, '310', '310', '1', '310', 99),
(1253, 67, '150', '150', '1', '150', 99),
(1254, 419, '540', '540', '1', '540', 99),
(1255, 444, '800', '800', '1', '800', 100),
(1256, 144, '420', '420', '1', '420', 100),
(1257, 64, '150', '150', '1', '150', 100),
(1258, 135, '420', '420', '1', '420', 100),
(1259, 67, '150', '150', '1', '150', 100),
(1260, 55, '560', '560', '1', '560', 100),
(1261, 94, '570', '570', '1', '570', 100),
(1262, 456, '420', '420', '1', '420', 100),
(1263, 516, '1000', '1000', '2', '2000', 100),
(1264, 75, '150', '150', '1', '150', 100),
(1265, 78, '150', '150', '1', '150', 100),
(1266, 79, '300', '300', '2', '600', 100),
(1267, 358, '450', '450', '1', '450', 100),
(1268, 366, '440', '440', '1', '440', 101),
(1269, 395, '640', '640', '1', '640', 101),
(1270, 341, '280', '280', '1', '280', 101),
(1271, 432, '280', '280', '1', '280', 101),
(1272, 422, '385', '385', '1', '385', 101),
(1273, 270, '240', '240', '1', '240', 101),
(1274, 475, '400', '400', '1', '400', 102),
(1275, 404, '450', '450', '1', '450', 102),
(1276, 424, '380', '380', '1', '380', 102),
(1277, 458, '350', '350', '1', '350', 102),
(1278, 65, '150', '150', '1', '150', 102),
(1279, 307, '400', '400', '1', '400', 102),
(1280, 108, '600', '600', '1', '600', 102),
(1281, 309, '350', '350', '1', '350', 102),
(1282, 56, '560', '560', '1', '560', 102),
(1283, 341, '280', '280', '1', '280', 102),
(1284, 453, '80', '80', '1', '80', 102),
(1285, 422, '385', '385', '1', '385', 102),
(1286, 310, '840', '840', '2', '1680', 102),
(1287, 80, '300', '300', '2', '600', 102),
(1288, 197, '580', '580', '1', '580', 102),
(1289, 205, '350', '350', '1', '350', 103),
(1290, 486, '650', '650', '1', '650', 103),
(1291, 404, '450', '450', '1', '450', 103),
(1292, 457, '380', '380', '1', '380', 103),
(1293, 458, '350', '350', '1', '350', 103),
(1294, 307, '400', '400', '1', '400', 103),
(1295, 108, '600', '600', '1', '600', 103),
(1296, 105, '760', '760', '1', '760', 103),
(1297, 471, '500', '500', '1', '500', 103),
(1298, 310, '840', '840', '2', '1680', 103),
(1299, 436, '450', '450', '1', '450', 103),
(1300, 198, '580', '580', '1', '580', 103),
(1301, 362, '440', '440', '1', '440', 104),
(1302, 366, '440', '440', '1', '440', 104),
(1303, 53, '340', '340', '1', '340', 104),
(1304, 403, '430', '430', '1', '430', 104),
(1305, 424, '380', '380', '1', '380', 104),
(1306, 457, '380', '380', '1', '380', 104),
(1307, 458, '350', '350', '1', '350', 104),
(1308, 515, '620', '620', '1', '620', 104),
(1309, 447, '385', '385', '1', '385', 104),
(1310, 489, '100', '100', '1', '100', 104),
(1311, 341, '280', '280', '1', '280', 104),
(1312, 432, '840', '840', '3', '2520', 104),
(1313, 345, '260', '260', '1', '260', 104),
(1314, 433, '560', '560', '2', '1120', 104),
(1315, 347, '560', '560', '2', '1120', 104),
(1316, 273, '360', '360', '1', '360', 104),
(1317, 356, '450', '450', '1', '450', 104),
(1318, 467, '150', '150', '1', '150', 105),
(1319, 366, '440', '440', '1', '440', 105),
(1320, 482, '650', '650', '1', '650', 105),
(1321, 451, '800', '800', '1', '800', 105),
(1322, 107, '600', '600', '1', '600', 105),
(1323, 502, '1000', '1000', '5', '5000', 105),
(1324, 432, '280', '280', '1', '280', 105),
(1325, 433, '280', '280', '1', '280', 105),
(1326, 63, '150', '150', '1', '150', 106),
(1327, 486, '650', '650', '1', '650', 106),
(1328, 395, '640', '640', '1', '640', 106),
(1329, 432, '840', '840', '3', '2520', 106),
(1330, 307, '400', '400', '1', '400', 107),
(1331, 449, '600', '600', '1', '600', 107),
(1332, 178, '395', '395', '1', '395', 108),
(1333, 57, '540', '540', '1', '540', 108),
(1334, 360, '450', '450', '1', '450', 108),
(1335, 422, '385', '385', '1', '385', 109),
(1336, 459, '350', '332,5', '1', '332,5', 110),
(1337, 363, '440', '418', '1', '418', 110),
(1338, 406, '160', '152', '1', '152', 110),
(1339, 220, '470', '446,5', '1', '446,5', 110),
(1340, 104, '760', '722', '1', '722', 110),
(1341, 397, '420', '399', '1', '399', 110),
(1342, 489, '100', '95', '1', '95', 110),
(1343, 174, '350', '332,5', '1', '332,5', 110),
(1344, 50, '446', '423,7', '1', '423,7', 110),
(1345, 365, '440', '440', '1', '440', 111),
(1346, 364, '1320', '1320', '3', '3960', 111),
(1347, 407, '480', '480', '3', '1440', 111),
(1348, 406, '160', '160', '1', '160', 111),
(1349, 53, '340', '340', '1', '340', 111),
(1350, 458, '1050', '1050', '3', '3150', 111),
(1351, 85, '620', '620', '1', '620', 111),
(1352, 439, '335', '335', '1', '335', 111),
(1353, 397, '420', '420', '1', '420', 111),
(1354, 49, '446', '446', '1', '446', 111),
(1355, 357, '900', '900', '2', '1800', 111),
(1356, 362, '440', '440', '1', '440', 112),
(1357, 364, '440', '440', '1', '440', 112),
(1358, 437, '880', '880', '2', '1760', 112),
(1359, 407, '800', '800', '5', '4000', 112),
(1360, 406, '160', '160', '1', '160', 112),
(1361, 408, '190', '180,5', '1', '180,5', 112),
(1362, 382, '600', '600', '1', '600', 112),
(1363, 451, '800', '800', '1', '800', 112),
(1364, 424, '380', '380', '1', '380', 112),
(1365, 458, '350', '350', '1', '350', 112),
(1366, 427, '1155', '1155', '3', '3465', 112),
(1367, 191, '470', '446,5', '1', '446,5', 112),
(1368, 307, '400', '400', '1', '400', 112),
(1369, 521, '400', '400', '1', '400', 112),
(1370, 103, '650', '650', '1', '650', 112),
(1371, 104, '760', '722', '1', '722', 112),
(1372, 502, '400', '400', '2', '800', 112),
(1373, 423, '720', '684', '1', '684', 112),
(1374, 455, '420', '399', '1', '399', 112),
(1375, 456, '420', '420', '1', '420', 112),
(1376, 433, '280', '266', '1', '266', 112),
(1377, 352, '280', '266', '1', '266', 112),
(1378, 304, '110', '110', '1', '110', 112),
(1379, 434, '280', '266', '1', '266', 112),
(1380, 181, '350', '332,5', '1', '332,5', 112),
(1381, 330, '295', '295', '1', '295', 112),
(1382, 86, '620', '620', '1', '620', 112),
(1383, 361, '850', '850', '1', '850', 112),
(1384, 359, '450', '450', '1', '450', 112),
(1385, 365, '440', '409,2', '1', '409,2', 113),
(1386, 366, '440', '409,2', '1', '409,2', 113),
(1387, 407, '160', '148,8', '1', '148,8', 113),
(1388, 539, '800', '760', '4', '3040', 113),
(1389, 408, '570', '530,1', '3', '1590,3', 113),
(1390, 458, '700', '651', '2', '1302', 113),
(1391, 220, '470', '437,1', '1', '437,1', 113),
(1392, 193, '450', '418,5', '1', '418,5', 113),
(1393, 427, '770', '716,1', '2', '1432,2', 113),
(1394, 192, '3200', '2976', '4', '11904', 113),
(1395, 306, '400', '372', '1', '372', 113),
(1396, 521, '400', '380', '1', '380', 113),
(1397, 536, '900', '855', '2', '1710', 113),
(1398, 309, '350', '325,5', '1', '325,5', 113),
(1399, 308, '300', '279', '1', '279', 113),
(1400, 314, '290', '269,7', '1', '269,7', 113),
(1401, 537, '650', '617,5', '1', '617,5', 113),
(1402, 423, '720', '669,6', '1', '669,6', 113),
(1403, 213, '780', '725,4', '1', '725,4', 113),
(1404, 455, '840', '781,2', '2', '1562,4', 113),
(1405, 397, '420', '390,6', '1', '390,6', 113),
(1406, 456, '420', '390,6', '1', '390,6', 113),
(1407, 489, '100', '93', '1', '93', 113),
(1408, 534, '385', '365,75', '1', '365,75', 113),
(1409, 175, '320', '297,6', '1', '297,6', 113),
(1410, 182, '320', '297,6', '1', '297,6', 113),
(1411, 202, '550', '511,5', '1', '511,5', 113),
(1412, 310, '1260', '1171,8', '3', '3515,4', 113),
(1413, 357, '450', '418,5', '1', '418,5', 113),
(1414, 359, '450', '418,5', '1', '418,5', 113),
(1415, 539, '200', '200', '1', '200', 114),
(1416, 408, '190', '190', '1', '190', 114),
(1417, 64, '150', '150', '1', '150', 114),
(1418, 195, '450', '450', '1', '450', 114),
(1419, 306, '400', '400', '1', '400', 114),
(1420, 536, '900', '900', '2', '1800', 114),
(1421, 531, '385', '385', '1', '385', 114),
(1422, 534, '385', '385', '1', '385', 114),
(1423, 310, '420', '420', '1', '420', 114),
(1424, 208, '420', '420', '1', '420', 114),
(1425, 209, '420', '420', '1', '420', 114),
(1426, 406, '480', '480', '3', '1440', 115),
(1427, 171, '600', '600', '1', '600', 115),
(1428, 131, '200', '186', '1', '186', 115),
(1429, 515, '1240', '1240', '2', '2480', 115),
(1430, 427, '385', '358,05', '1', '358,05', 115),
(1431, 107, '600', '600', '1', '600', 115),
(1432, 502, '200', '190', '1', '190', 115),
(1433, 537, '650', '617,5', '1', '617,5', 115),
(1434, 455, '420', '390,6', '1', '390,6', 115),
(1435, 174, '320', '297,6', '1', '297,6', 115),
(1436, 388, '3000', '2790', '1', '2790', 115),
(1437, 519, '400', '390', '2', '780', 115),
(1438, 407, '160', '148,8', '1', '148,8', 116),
(1439, 206, '350', '325,5', '1', '325,5', 116),
(1440, 382, '600', '600', '1', '600', 116),
(1441, 127, '200', '186', '1', '186', 116),
(1442, 129, '200', '186', '1', '186', 116),
(1443, 451, '1600', '1544', '2', '3088', 116),
(1444, 424, '760', '733,4', '2', '1466,8', 116),
(1445, 457, '380', '380', '1', '380', 116),
(1446, 220, '940', '874,2', '2', '1748,4', 116),
(1447, 427, '385', '358,05', '1', '358,05', 116),
(1448, 306, '400', '400', '1', '400', 116),
(1449, 314, '290', '269,7', '1', '269,7', 116),
(1450, 502, '200', '200', '1', '200', 116),
(1451, 95, '570', '530,1', '1', '530,1', 116),
(1452, 162, '640', '608', '1', '608', 116),
(1453, 423, '720', '684', '1', '684', 116),
(1454, 455, '420', '390,6', '1', '390,6', 116),
(1455, 397, '420', '420', '1', '420', 116),
(1456, 456, '420', '420', '1', '420', 116),
(1457, 534, '385', '365,75', '1', '365,75', 116),
(1458, 529, '385', '385', '1', '385', 116),
(1459, 530, '385', '385', '1', '385', 116),
(1460, 175, '640', '640', '2', '1280', 116),
(1461, 219, '470', '437,1', '1', '437,1', 116),
(1462, 87, '1240', '1209', '2', '2418', 116),
(1463, 58, '1080', '1042,2', '2', '2084,4', 116),
(1464, 449, '600', '570', '1', '570', 116),
(1465, 208, '420', '399', '1', '399', 116),
(1466, 444, '800', '744', '1', '744', 117),
(1467, 364, '440', '409,2', '1', '409,2', 117),
(1468, 406, '480', '449,6', '3', '1348,8', 117),
(1469, 205, '350', '325,5', '1', '325,5', 117),
(1470, 54, '560', '520,8', '1', '520,8', 117),
(1471, 131, '200', '186', '1', '186', 117),
(1472, 402, '430', '399,9', '1', '399,9', 117),
(1473, 525, '680', '646', '1', '646', 117),
(1474, 220, '470', '437,1', '1', '437,1', 117),
(1475, 193, '450', '418,5', '1', '418,5', 117),
(1476, 439, '670', '636,5', '2', '1273', 117),
(1477, 427, '1155', '1101,1', '3', '3303,3', 117),
(1478, 521, '400', '380', '1', '380', 117),
(1479, 313, '270', '251,1', '1', '251,1', 117),
(1480, 314, '290', '269,7', '1', '269,7', 117),
(1481, 216, '830', '771,9', '1', '771,9', 117),
(1482, 396, '1140', '1060,2', '2', '2120,4', 117),
(1483, 397, '420', '420', '1', '420', 117),
(1484, 456, '420', '390,6', '1', '390,6', 117),
(1485, 489, '200', '186', '2', '372', 117),
(1486, 433, '280', '260,4', '1', '260,4', 117),
(1487, 183, '640', '595,2', '2', '1190,4', 117),
(1488, 186, '320', '297,6', '1', '297,6', 117),
(1489, 179, '320', '297,6', '1', '297,6', 117),
(1490, 178, '640', '595,2', '2', '1190,4', 117),
(1491, 390, '3000', '2850', '1', '2850', 117),
(1492, 453, '80', '74,4', '1', '74,4', 117),
(1493, 310, '420', '390,6', '1', '390,6', 117),
(1494, 207, '420', '390,6', '1', '390,6', 117),
(1495, 208, '420', '390,6', '1', '390,6', 117),
(1496, 210, '420', '390,6', '1', '390,6', 117),
(1497, 357, '450', '418,5', '1', '418,5', 117),
(1498, 444, '800', '800', '1', '800', 118),
(1499, 362, '440', '440', '1', '440', 118),
(1500, 363, '440', '440', '1', '440', 118),
(1501, 54, '560', '560', '1', '560', 118),
(1502, 171, '600', '600', '1', '600', 118),
(1503, 127, '200', '200', '1', '200', 118),
(1504, 464, '200', '200', '1', '200', 118),
(1505, 439, '335', '335', '1', '335', 118),
(1506, 312, '270', '270', '1', '270', 118),
(1507, 502, '400', '400', '2', '800', 118),
(1508, 537, '650', '650', '1', '650', 118),
(1509, 214, '1560', '1560', '2', '3120', 118),
(1510, 456, '420', '420', '1', '420', 118),
(1511, 352, '560', '560', '2', '1120', 118),
(1512, 529, '385', '385', '1', '385', 118),
(1513, 528, '385', '385', '1', '385', 118),
(1514, 175, '1280', '1280', '4', '5120', 118),
(1515, 182, '320', '320', '1', '320', 118),
(1516, 449, '600', '600', '1', '600', 118),
(1517, 310, '420', '420', '1', '420', 118),
(1518, 51, '446', '446', '1', '446', 118),
(1519, 357, '450', '450', '1', '450', 118),
(1520, 512, '400', '400', '1', '400', 119),
(1521, 191, '470', '470', '1', '470', 119),
(1522, 306, '400', '400', '1', '400', 119),
(1523, 174, '320', '320', '1', '320', 119),
(1524, 177, '320', '320', '1', '320', 119),
(1525, 186, '320', '320', '1', '320', 119),
(1526, 219, '470', '470', '1', '470', 119),
(1527, 507, '800', '800', '1', '800', 119),
(1528, 363, '440', '440', '1', '440', 120),
(1529, 382, '600', '570', '1', '570', 120),
(1530, 53, '340', '340', '1', '340', 120),
(1531, 404, '1800', '1683', '4', '6732', 120),
(1532, 440, '385', '365,75', '1', '365,75', 120),
(1533, 536, '450', '427,5', '1', '427,5', 120),
(1534, 216, '1660', '1543,8', '2', '3087,6', 120),
(1535, 455, '840', '840', '2', '1680', 120),
(1536, 488, '200', '186', '1', '186', 120),
(1537, 432, '560', '540,4', '2', '1080,8', 120),
(1538, 351, '280', '280', '1', '280', 120),
(1539, 348, '280', '266', '1', '266', 120),
(1540, 218, '470', '470', '1', '470', 120),
(1541, 58, '540', '513', '1', '513', 120),
(1542, 310, '420', '390,6', '1', '390,6', 120),
(1543, 211, '420', '420', '1', '420', 120),
(1544, 212, '420', '390,6', '1', '390,6', 120),
(1545, 50, '446', '446', '1', '446', 120),
(1546, 357, '900', '877,5', '2', '1755', 120),
(1547, 359, '450', '427,5', '1', '427,5', 120),
(1548, 356, '900', '868,5', '2', '1737', 120),
(1549, 365, '440', '440', '1', '440', 121),
(1550, 362, '1320', '1298', '3', '3894', 121),
(1551, 364, '440', '440', '1', '440', 121),
(1552, 366, '440', '440', '1', '440', 121),
(1553, 363, '440', '440', '1', '440', 121),
(1554, 485, '650', '650', '1', '650', 121),
(1555, 512, '400', '400', '1', '400', 121),
(1556, 125, '400', '400', '2', '800', 121),
(1557, 129, '200', '200', '1', '200', 121),
(1558, 404, '450', '427,5', '1', '427,5', 121),
(1559, 458, '350', '332,5', '1', '332,5', 121),
(1560, 439, '335', '318,25', '1', '318,25', 121),
(1561, 5, '1200', '1140', '1', '1140', 121),
(1562, 455, '420', '420', '1', '420', 121),
(1563, 456, '840', '819', '2', '1638', 121),
(1564, 432, '280', '280', '1', '280', 121),
(1565, 346, '280', '280', '1', '280', 121),
(1566, 347, '560', '560', '2', '1120', 121),
(1567, 348, '280', '280', '1', '280', 121),
(1568, 531, '385', '385', '1', '385', 121),
(1569, 355, '1800', '1777,5', '4', '7110', 121),
(1570, 54, '1120', '1120', '2', '2240', 122),
(1571, 404, '450', '450', '1', '450', 122),
(1572, 525, '680', '680', '1', '680', 122),
(1573, 458, '350', '350', '1', '350', 122),
(1574, 220, '470', '470', '1', '470', 122),
(1575, 193, '450', '450', '1', '450', 122),
(1576, 521, '400', '400', '1', '400', 122),
(1577, 309, '350', '350', '1', '350', 122),
(1578, 308, '300', '300', '1', '300', 122),
(1579, 311, '270', '270', '1', '270', 122),
(1580, 313, '270', '270', '1', '270', 122),
(1581, 203, '700', '700', '1', '700', 122),
(1582, 95, '570', '570', '1', '570', 122),
(1583, 456, '420', '420', '1', '420', 122),
(1584, 272, '280', '280', '1', '280', 122),
(1585, 340, '1040', '1040', '4', '4160', 122),
(1586, 341, '780', '780', '3', '2340', 122),
(1587, 432, '780', '780', '3', '2340', 122),
(1588, 346, '1040', '1040', '4', '4160', 122),
(1589, 347, '260', '260', '1', '260', 122),
(1590, 310, '1260', '1260', '3', '3780', 122),
(1591, 49, '446', '446', '1', '446', 122),
(1592, 360, '420', '420', '1', '420', 122),
(1593, 359, '420', '420', '1', '420', 122),
(1594, 356, '420', '420', '1', '420', 122),
(1595, 132, '200', '200', '1', '200', 123),
(1596, 121, '1360', '1360', '2', '2720', 123),
(1597, 440, '385', '385', '1', '385', 123),
(1598, 306, '400', '400', '1', '400', 123),
(1599, 340, '260', '260', '1', '260', 123),
(1600, 346, '260', '260', '1', '260', 123),
(1601, 352, '260', '260', '1', '260', 123),
(1602, 347, '260', '260', '1', '260', 123),
(1603, 142, '520', '520', '1', '520', 123),
(1604, 368, '800', '760', '1', '760', 124),
(1605, 364, '410', '410', '1', '410', 124),
(1606, 205, '350', '350', '1', '350', 124),
(1607, 512, '400', '400', '1', '400', 124),
(1608, 438, '500', '500', '1', '500', 124),
(1609, 402, '410', '410', '1', '410', 124),
(1610, 370, '410', '410', '1', '410', 124),
(1611, 404, '1800', '1777,5', '4', '7110', 124),
(1612, 458, '700', '682,5', '2', '1365', 124),
(1613, 466, '310', '310', '1', '310', 124),
(1614, 220, '470', '470', '1', '470', 124),
(1615, 439, '335', '335', '1', '335', 124),
(1616, 440, '385', '365,75', '1', '365,75', 124),
(1617, 307, '400', '400', '1', '400', 124),
(1618, 306, '400', '400', '1', '400', 124),
(1619, 393, '400', '400', '1', '400', 124),
(1620, 536, '900', '900', '2', '1800', 124),
(1621, 394, '800', '800', '2', '1600', 124),
(1622, 524, '680', '680', '1', '680', 124),
(1623, 502, '1000', '1000', '5', '5000', 124),
(1624, 456, '420', '399', '1', '399', 124),
(1625, 488, '200', '200', '1', '200', 124),
(1626, 529, '385', '385', '1', '385', 124),
(1627, 174, '320', '320', '1', '320', 124),
(1628, 184, '320', '320', '1', '320', 124),
(1629, 177, '320', '320', '1', '320', 124),
(1630, 219, '470', '470', '1', '470', 124),
(1631, 385, '3000', '2850', '1', '2850', 124),
(1632, 522, '700', '700', '2', '1400', 124),
(1633, 507, '800', '800', '1', '800', 124),
(1634, 26, '2200', '2200', '1', '2200', 124),
(1635, 310, '420', '420', '1', '420', 124),
(1636, 357, '420', '399', '1', '399', 124),
(1637, 142, '520', '494', '1', '494', 124),
(1638, 356, '420', '420', '1', '420', 124),
(1639, 271, '500', '500', '1', '500', 124),
(1640, 444, '800', '800', '1', '800', 125),
(1641, 364, '410', '410', '1', '410', 125),
(1642, 414, '160', '160', '1', '160', 125),
(1643, 415, '160', '160', '1', '160', 125),
(1644, 416, '160', '160', '1', '160', 125),
(1645, 126, '200', '200', '1', '200', 125),
(1646, 129, '200', '200', '1', '200', 125),
(1647, 132, '200', '200', '1', '200', 125),
(1648, 53, '340', '340', '1', '340', 125),
(1649, 438, '500', '500', '1', '500', 125),
(1650, 404, '1350', '1350', '3', '4050', 125),
(1651, 458, '700', '700', '2', '1400', 125),
(1652, 464, '200', '190', '1', '190', 125),
(1653, 307, '400', '400', '1', '400', 125),
(1654, 306, '400', '400', '1', '400', 125),
(1655, 393, '400', '400', '1', '400', 125),
(1656, 521, '400', '400', '1', '400', 125),
(1657, 536, '900', '900', '2', '1800', 125),
(1658, 499, '1200', '1200', '1', '1200', 125),
(1659, 502, '200', '200', '1', '200', 125),
(1660, 56, '1120', '1120', '2', '2240', 125),
(1661, 160, '300', '300', '1', '300', 125),
(1662, 423, '720', '720', '1', '720', 125),
(1663, 217, '780', '780', '1', '780', 125),
(1664, 214, '780', '780', '1', '780', 125),
(1665, 396, '500', '500', '1', '500', 125),
(1666, 340, '260', '260', '1', '260', 125),
(1667, 341, '260', '260', '1', '260', 125),
(1668, 351, '260', '260', '1', '260', 125),
(1669, 429, '600', '600', '2', '1200', 125),
(1670, 531, '385', '385', '1', '385', 125),
(1671, 532, '770', '770', '2', '1540', 125),
(1672, 528, '385', '385', '1', '385', 125),
(1673, 183, '320', '320', '1', '320', 125),
(1674, 184, '640', '640', '2', '1280', 125),
(1675, 186, '1280', '1280', '4', '5120', 125),
(1676, 180, '640', '640', '2', '1280', 125),
(1677, 182, '320', '320', '1', '320', 125),
(1678, 496, '3000', '2850', '1', '2850', 125),
(1679, 384, '3000', '2850', '1', '2850', 125),
(1680, 385, '3000', '2850', '1', '2850', 125),
(1681, 58, '540', '540', '1', '540', 125),
(1682, 202, '550', '550', '1', '550', 125),
(1683, 310, '420', '420', '1', '420', 125),
(1684, 212, '420', '420', '1', '420', 125),
(1685, 365, '410', '410', '1', '410', 126),
(1686, 367, '410', '410', '1', '410', 126),
(1687, 437, '410', '410', '1', '410', 126),
(1688, 205, '350', '350', '1', '350', 126),
(1689, 206, '350', '350', '1', '350', 126),
(1690, 382, '600', '600', '1', '600', 126),
(1691, 53, '680', '680', '2', '1360', 126),
(1692, 458, '700', '700', '2', '1400', 126),
(1693, 521, '400', '400', '1', '400', 126),
(1694, 352, '780', '780', '3', '2340', 126),
(1695, 347, '520', '520', '2', '1040', 126),
(1696, 351, '260', '260', '1', '260', 126),
(1697, 348, '260', '260', '1', '260', 126),
(1698, 528, '385', '385', '1', '385', 126),
(1699, 175, '640', '640', '2', '1280', 126),
(1700, 186, '320', '320', '1', '320', 126),
(1701, 507, '800', '800', '1', '800', 126),
(1702, 310, '420', '420', '1', '420', 126),
(1703, 211, '420', '420', '1', '420', 126),
(1704, 212, '420', '420', '1', '420', 126),
(1705, 51, '446', '446', '1', '446', 126),
(1706, 359, '420', '420', '1', '420', 126),
(1707, 199, '580', '580', '1', '580', 126),
(1708, 367, '410', '410', '1', '410', 127),
(1709, 366, '410', '410', '1', '410', 127),
(1710, 382, '600', '600', '1', '600', 127),
(1711, 370, '820', '820', '2', '1640', 127),
(1712, 404, '450', '450', '1', '450', 127),
(1713, 525, '680', '680', '1', '680', 127),
(1714, 458, '350', '350', '1', '350', 127),
(1715, 466, '310', '310', '1', '310', 127),
(1716, 195, '900', '900', '2', '1800', 127),
(1717, 439, '335', '335', '1', '335', 127),
(1718, 542, '650', '650', '1', '650', 127),
(1719, 393, '400', '400', '1', '400', 127),
(1720, 309, '350', '350', '1', '350', 127),
(1721, 308, '300', '300', '1', '300', 127),
(1722, 394, '800', '800', '2', '1600', 127),
(1723, 312, '270', '270', '1', '270', 127),
(1724, 13, '1300', '1300', '1', '1300', 127),
(1725, 502, '200', '200', '1', '200', 127),
(1726, 423, '720', '720', '1', '720', 127),
(1727, 461, '350', '350', '1', '350', 127),
(1728, 214, '780', '780', '1', '780', 127),
(1729, 341, '260', '260', '1', '260', 127),
(1730, 433, '260', '260', '1', '260', 127),
(1731, 352, '520', '520', '2', '1040', 127),
(1732, 351, '260', '260', '1', '260', 127),
(1733, 348, '260', '260', '1', '260', 127),
(1734, 531, '385', '385', '1', '385', 127),
(1735, 530, '385', '385', '1', '385', 127),
(1736, 174, '640', '640', '2', '1280', 127),
(1737, 185, '320', '320', '1', '320', 127),
(1738, 177, '320', '320', '1', '320', 127),
(1739, 178, '320', '320', '1', '320', 127),
(1740, 219, '470', '470', '1', '470', 127),
(1741, 453, '80', '80', '1', '80', 127),
(1742, 58, '540', '540', '1', '540', 127),
(1743, 57, '540', '540', '1', '540', 127),
(1744, 310, '420', '420', '1', '420', 127),
(1745, 359, '1260', '1260', '3', '3780', 127),
(1746, 356, '420', '420', '1', '420', 127),
(1747, 271, '500', '500', '1', '500', 127),
(1748, 366, '410', '410', '1', '410', 128),
(1749, 418, '180', '180', '1', '180', 128),
(1750, 438, '500', '500', '1', '500', 128),
(1751, 404, '450', '450', '1', '450', 128),
(1752, 166, '310', '310', '1', '310', 128),
(1753, 440, '770', '770', '2', '1540', 128),
(1754, 313, '270', '270', '1', '270', 128),
(1755, 421, '385', '385', '1', '385', 128),
(1756, 341, '260', '260', '1', '260', 128),
(1757, 347, '520', '520', '2', '1040', 128),
(1758, 351, '520', '520', '2', '1040', 128),
(1759, 174, '640', '640', '2', '1280', 128),
(1760, 183, '320', '320', '1', '320', 128),
(1761, 185, '640', '640', '2', '1280', 128),
(1762, 359, '420', '420', '1', '420', 128),
(1763, 512, '400', '400', '1', '400', 129),
(1764, 131, '200', '200', '1', '200', 129),
(1765, 193, '450', '450', '1', '450', 129),
(1766, 192, '800', '800', '1', '800', 129),
(1767, 2, '1200', '1200', '1', '1200', 129),
(1768, 507, '800', '800', '1', '800', 129),
(1769, 51, '446', '446', '1', '446', 129),
(1770, 197, '580', '580', '1', '580', 129),
(1771, 468, '360', '360', '1', '360', 129),
(1772, 521, '400', '400', '1', '400', 130),
(1773, 55, '560', '560', '1', '560', 130),
(1774, 502, '200', '200', '1', '200', 130),
(1775, 395, '640', '640', '1', '640', 130),
(1776, 533, '400', '400', '1', '400', 130),
(1777, 530, '385', '385', '1', '385', 130),
(1778, 57, '540', '540', '1', '540', 130),
(1779, 450, '650', '650', '1', '650', 130),
(1780, 48, '446', '446', '1', '446', 130),
(1781, 445, '1460', '1460', '1', '1460', 131),
(1782, 444, '800', '800', '1', '800', 131),
(1783, 365, '410', '410', '1', '410', 131),
(1784, 189, '300', '300', '1', '300', 131),
(1785, 126, '200', '200', '1', '200', 131),
(1786, 526, '800', '800', '1', '800', 131),
(1787, 195, '450', '450', '1', '450', 131),
(1788, 423, '720', '720', '1', '720', 131),
(1789, 217, '780', '780', '1', '780', 131),
(1790, 176, '320', '320', '1', '320', 131),
(1791, 182, '320', '320', '1', '320', 131),
(1792, 508, '900', '900', '1', '900', 131),
(1793, 421, '385', '385', '1', '385', 132),
(1794, 516, '500', '500', '1', '500', 132),
(1795, 175, '-320', '-320', '-1', '320', 132),
(1796, 420, '250', '232,5', '1', '232,5', 133),
(1797, 171, '1200', '1116', '2', '2232', 133),
(1798, 172, '2400', '2232', '2', '4464', 133),
(1799, 128, '200', '200', '1', '200', 133),
(1800, 525, '680', '646', '1', '646', 133),
(1801, 85, '620', '576,6', '1', '576,6', 133),
(1802, 193, '450', '418,5', '1', '418,5', 133),
(1803, 440, '385', '385', '1', '385', 133),
(1804, 3, '1200', '1200', '1', '1200', 133),
(1805, 502, '600', '580', '3', '1740', 133),
(1806, 538, '1300', '1235', '2', '2470', 133),
(1807, 537, '650', '650', '1', '650', 133),
(1808, 304, '330', '306,9', '3', '920,7', 133),
(1809, 434, '260', '260', '1', '260', 133),
(1810, 175, '640', '595,2', '2', '1190,4', 133),
(1811, 495, '3000', '2790', '1', '2790', 133),
(1812, 389, '3000', '2850', '1', '2850', 133),
(1813, 387, '3000', '2850', '1', '2850', 133),
(1814, 202, '550', '511,5', '1', '511,5', 133),
(1815, 200, '700', '700', '1', '700', 133),
(1816, 270, '240', '223,2', '1', '223,2', 133),
(1817, 469, '250', '232,5', '1', '232,5', 133),
(1818, 54, '560', '532', '1', '532', 134),
(1819, 403, '410', '381,3', '1', '381,3', 134),
(1820, 525, '1360', '1326', '2', '2652', 134),
(1821, 195, '450', '418,5', '1', '418,5', 134),
(1822, 542, '650', '617,5', '1', '617,5', 134),
(1823, 393, '400', '372', '1', '372', 134),
(1824, 109, '700', '665', '1', '665', 134),
(1825, 538, '650', '617,5', '1', '617,5', 134),
(1826, 164, '640', '640', '1', '640', 134),
(1827, 214, '780', '725,4', '1', '725,4', 134),
(1828, 396, '500', '500', '1', '500', 134),
(1829, 433, '260', '247', '1', '247', 134),
(1830, 39, '275', '255,75', '1', '255,75', 134),
(1831, 40, '385', '358,05', '1', '358,05', 134),
(1832, 174, '1280', '1190,4', '4', '4761,6', 134),
(1833, 177, '640', '595,2', '2', '1190,4', 134),
(1834, 180, '320', '297,6', '1', '297,6', 134),
(1835, 519, '600', '570', '3', '1710', 134),
(1836, 201, '700', '651', '1', '651', 134),
(1837, 310, '420', '390,6', '1', '390,6', 134),
(1838, 207, '420', '399', '1', '399', 134),
(1839, 49, '446', '446', '1', '446', 134),
(1840, 139, '490', '465,5', '1', '465,5', 134),
(1841, 366, '410', '410', '1', '410', 135),
(1842, 484, '650', '650', '1', '650', 135),
(1843, 188, '300', '300', '1', '300', 135),
(1844, 525, '680', '680', '1', '680', 135),
(1845, 455, '420', '420', '1', '420', 135),
(1846, 456, '420', '420', '1', '420', 135),
(1847, 176, '640', '640', '2', '1280', 135),
(1848, 519, '200', '200', '1', '200', 135),
(1849, 310, '840', '840', '2', '1680', 135),
(1850, 367, '1230', '1209,5', '3', '3628,5', 136),
(1851, 398, '540', '540', '1', '540', 136),
(1852, 302, '600', '570', '1', '570', 136),
(1853, 438, '500', '475', '1', '475', 136),
(1854, 136, '806', '806', '1', '806', 136),
(1855, 427, '1155', '1135,75', '3', '3407,25', 136),
(1856, 306, '400', '380', '1', '380', 136),
(1857, 521, '400', '400', '1', '400', 136),
(1858, 4, '1200', '1200', '1', '1200', 136),
(1859, 502, '200', '200', '1', '200', 136),
(1860, 217, '1560', '1560', '2', '3120', 136),
(1861, 519, '1200', '1160', '6', '6960', 136),
(1862, 310, '840', '840', '2', '1680', 136),
(1863, 270, '240', '228', '1', '228', 136),
(1864, 141, '520', '520', '1', '520', 136),
(1865, 355, '420', '420', '1', '420', 136),
(1866, 360, '420', '420', '1', '420', 136),
(1867, 139, '490', '465,5', '1', '465,5', 136),
(1868, 362, '410', '410', '1', '410', 137),
(1869, 364, '410', '389,5', '1', '389,5', 137),
(1870, 399, '530', '530', '1', '530', 137),
(1871, 403, '410', '410', '1', '410', 137),
(1872, 402, '410', '410', '1', '410', 137),
(1873, 515, '620', '589', '1', '589', 137),
(1874, 427, '385', '385', '1', '385', 137),
(1875, 517, '900', '855', '1', '855', 137),
(1876, 334, '1800', '1710', '1', '1710', 137),
(1877, 322, '1000', '1000', '1', '1000', 137),
(1878, 502, '400', '390', '2', '780', 137),
(1879, 455, '1260', '1218', '3', '3654', 137),
(1880, 397, '420', '420', '1', '420', 137),
(1881, 395, '640', '640', '1', '640', 137),
(1882, 304, '110', '110', '1', '110', 137),
(1883, 219, '470', '470', '1', '470', 137),
(1884, 519, '1200', '1160', '6', '6960', 137),
(1885, 355, '420', '420', '1', '420', 137),
(1886, 360, '420', '420', '1', '420', 137),
(1887, 364, '410', '389,5', '1', '389,5', 138),
(1888, 367, '820', '820', '2', '1640', 138),
(1889, 366, '410', '389,5', '1', '389,5', 138),
(1890, 369, '790', '750,5', '1', '750,5', 138),
(1891, 427, '385', '385', '1', '385', 138),
(1892, 108, '600', '600', '1', '600', 138),
(1893, 106, '600', '600', '1', '600', 138),
(1894, 311, '270', '270', '1', '270', 138),
(1895, 313, '270', '270', '1', '270', 138),
(1896, 312, '270', '270', '1', '270', 138),
(1897, 396, '500', '475', '1', '475', 138),
(1898, 455, '420', '420', '1', '420', 138),
(1899, 182, '320', '320', '1', '320', 138),
(1900, 519, '400', '400', '2', '800', 138),
(1901, 202, '550', '522,5', '1', '522,5', 138),
(1902, 200, '700', '665', '1', '665', 138),
(1903, 210, '420', '420', '1', '420', 138),
(1904, 358, '840', '819', '2', '1638', 138),
(1905, 357, '840', '819', '2', '1638', 138),
(1906, 360, '420', '420', '1', '420', 138),
(1907, 366, '410', '410', '1', '410', 139),
(1908, 502, '200', '200', '1', '200', 139),
(1909, 364, '820', '820', '2', '1640', 140),
(1910, 437, '410', '410', '1', '410', 140),
(1911, 407, '480', '480', '3', '1440', 140),
(1912, 406, '160', '160', '1', '160', 140),
(1913, 408, '190', '190', '1', '190', 140),
(1914, 382, '600', '600', '1', '600', 140),
(1915, 403, '1230', '1230', '3', '3690', 140),
(1916, 402, '410', '410', '1', '410', 140),
(1917, 424, '1520', '1520', '4', '6080', 140),
(1918, 111, '410', '410', '1', '410', 140),
(1919, 464, '250', '250', '1', '250', 140),
(1920, 427, '770', '770', '2', '1540', 140),
(1921, 203, '700', '700', '1', '700', 140),
(1922, 165, '640', '640', '1', '640', 140),
(1923, 455, '1680', '1680', '4', '6720', 140),
(1924, 395, '640', '640', '1', '640', 140),
(1925, 341, '260', '260', '1', '260', 140),
(1926, 432, '260', '260', '1', '260', 140),
(1927, 535, '200', '200', '1', '200', 140),
(1928, 342, '520', '520', '2', '1040', 140),
(1929, 347, '260', '260', '1', '260', 140),
(1930, 435, '260', '260', '1', '260', 140),
(1931, 351, '260', '260', '1', '260', 140),
(1932, 533, '400', '400', '1', '400', 140),
(1933, 519, '400', '400', '2', '800', 140),
(1934, 463, '500', '500', '1', '500', 140),
(1935, 358, '420', '420', '1', '420', 140),
(1936, 355, '420', '420', '1', '420', 140),
(1937, 357, '2100', '2100', '5', '10500', 140),
(1938, 359, '420', '420', '1', '420', 140),
(1939, 407, '480', '480', '3', '1440', 141),
(1940, 406, '320', '320', '2', '640', 141),
(1941, 408, '190', '190', '1', '190', 141),
(1942, 404, '450', '450', '1', '450', 141),
(1943, 424, '760', '760', '2', '1520', 141),
(1944, 427, '770', '770', '2', '1540', 141),
(1945, 455, '420', '420', '1', '420', 141),
(1946, 397, '420', '420', '1', '420', 141),
(1947, 341, '260', '260', '1', '260', 141),
(1948, 39, '275', '275', '1', '275', 141),
(1949, 358, '420', '420', '1', '420', 141),
(1950, 366, '410', '410', '1', '410', 142),
(1951, 407, '160', '160', '1', '160', 142),
(1952, 406, '480', '480', '3', '1440', 142),
(1953, 408, '190', '190', '1', '190', 142),
(1954, 400, '1590', '1590', '3', '4770', 142),
(1955, 480, '800', '760', '1', '760', 142),
(1956, 485, '800', '760', '1', '760', 142),
(1957, 458, '1050', '1050', '3', '3150', 142),
(1958, 446, '385', '365,75', '1', '365,75', 142),
(1959, 427, '385', '385', '1', '385', 142),
(1960, 542, '650', '617,5', '1', '617,5', 142),
(1961, 191, '470', '446,5', '1', '446,5', 142),
(1962, 309, '350', '332,5', '1', '332,5', 142),
(1963, 308, '300', '285', '1', '285', 142),
(1964, 455, '420', '420', '1', '420', 142),
(1965, 397, '420', '420', '1', '420', 142),
(1966, 340, '260', '260', '1', '260', 142),
(1967, 341, '260', '260', '1', '260', 142),
(1968, 432, '260', '260', '1', '260', 142),
(1969, 342, '260', '260', '1', '260', 142),
(1970, 347, '260', '260', '1', '260', 142),
(1971, 39, '275', '261,25', '1', '261,25', 142),
(1972, 435, '260', '260', '1', '260', 142),
(1973, 351, '260', '260', '1', '260', 142),
(1974, 533, '400', '380', '1', '380', 142),
(1975, 329, '560', '560', '2', '1120', 142),
(1976, 58, '540', '540', '1', '540', 142),
(1977, 244, '1450', '1377,5', '1', '1377,5', 142),
(1978, 358, '420', '420', '1', '420', 142),
(1979, 359, '840', '840', '2', '1680', 142),
(1980, 356, '840', '840', '2', '1680', 142),
(1981, 406, '160', '152', '1', '152', 143),
(1982, 408, '570', '560,5', '3', '1681,5', 143),
(1983, 404, '1350', '1305', '3', '3915', 143),
(1984, 424, '380', '361', '1', '361', 143),
(1985, 458, '350', '350', '1', '350', 143),
(1986, 465, '250', '237,5', '1', '237,5', 143),
(1987, 466, '250', '237,5', '1', '237,5', 143),
(1988, 193, '450', '450', '1', '450', 143),
(1989, 306, '400', '400', '1', '400', 143),
(1990, 11, '1300', '1300', '1', '1300', 143),
(1991, 396, '500', '475', '1', '475', 143),
(1992, 432, '520', '494', '2', '988', 143),
(1993, 310, '420', '399', '1', '399', 143),
(1994, 211, '420', '399', '1', '399', 143),
(1995, 436, '420', '420', '1', '420', 143),
(1996, 143, '520', '520', '1', '520', 143),
(1997, 400, '530', '530', '1', '530', 144),
(1998, 512, '800', '800', '2', '1600', 144),
(1999, 402, '410', '410', '1', '410', 144),
(2000, 370, '410', '410', '1', '410', 144),
(2001, 424, '380', '380', '1', '380', 144),
(2002, 457, '350', '350', '1', '350', 144),
(2003, 465, '250', '250', '1', '250', 144),
(2004, 306, '400', '400', '1', '400', 144),
(2005, 1, '1200', '1200', '1', '1200', 144),
(2006, 500, '700', '700', '1', '700', 144),
(2007, 462, '500', '500', '1', '500', 144),
(2008, 432, '260', '260', '1', '260', 144),
(2009, 519, '200', '200', '1', '200', 144),
(2010, 270, '240', '240', '1', '240', 144),
(2011, 362, '410', '410', '1', '410', 145),
(2012, 399, '530', '530', '1', '530', 145),
(2013, 457, '350', '350', '1', '350', 145),
(2014, 191, '470', '470', '1', '470', 145),
(2015, 308, '300', '300', '1', '300', 145),
(2016, 243, '600', '600', '1', '600', 145),
(2017, 341, '260', '260', '1', '260', 145),
(2018, 432, '260', '260', '1', '260', 145),
(2019, 435, '260', '260', '1', '260', 145),
(2020, 366, '410', '410', '1', '410', 146),
(2021, 512, '400', '400', '1', '400', 146),
(2022, 458, '700', '700', '2', '1400', 146),
(2023, 191, '470', '470', '1', '470', 146),
(2024, 502, '400', '400', '2', '800', 146),
(2025, 219, '470', '470', '1', '470', 146),
(2026, 270, '240', '240', '1', '240', 146),
(2027, 359, '420', '420', '1', '420', 146),
(2028, 468, '250', '250', '1', '250', 146),
(2029, 413, '2200', '2090', '1', '2090', 147),
(2030, 317, '1120', '1064', '1', '1064', 147),
(2031, 326, '1500', '1425', '1', '1425', 147),
(2032, 463, '500', '500', '1', '500', 147),
(2033, 457, '350', '350', '1', '350', 148),
(2034, 427, '770', '770', '2', '1540', 148),
(2035, 160, '300', '300', '1', '300', 148),
(2036, 340, '260', '260', '1', '260', 148),
(2037, 341, '260', '260', '1', '260', 148),
(2038, 435, '520', '520', '2', '1040', 148),
(2039, 351, '260', '260', '1', '260', 148),
(2040, 367, '410', '410', '1', '410', 149),
(2041, 398, '540', '540', '1', '540', 149),
(2042, 481, '800', '800', '1', '800', 149),
(2043, 458, '350', '350', '1', '350', 149),
(2044, 427, '770', '770', '2', '1540', 149),
(2045, 471, '500', '500', '1', '500', 149),
(2046, 455, '840', '840', '2', '1680', 149),
(2047, 397, '420', '420', '1', '420', 149),
(2048, 395, '640', '640', '1', '640', 149),
(2049, 340, '520', '520', '2', '1040', 149),
(2050, 433, '260', '260', '1', '260', 149),
(2051, 347, '260', '260', '1', '260', 149),
(2052, 435, '260', '260', '1', '260', 149),
(2053, 351, '260', '260', '1', '260', 149),
(2054, 355, '420', '420', '1', '420', 149),
(2055, 360, '420', '420', '1', '420', 149),
(2056, 362, '410', '410', '1', '410', 150),
(2057, 367, '410', '410', '1', '410', 150),
(2058, 523, '720', '720', '1', '720', 150),
(2059, 398, '540', '540', '1', '540', 150),
(2060, 399, '530', '530', '1', '530', 150),
(2061, 402, '410', '410', '1', '410', 150),
(2062, 457, '700', '700', '2', '1400', 150),
(2063, 426, '760', '760', '2', '1520', 150),
(2064, 427, '1155', '1155', '3', '3465', 150),
(2065, 95, '570', '570', '1', '570', 150),
(2066, 462, '500', '500', '1', '500', 150),
(2067, 513, '800', '800', '1', '800', 150),
(2068, 160, '600', '600', '2', '1200', 150),
(2069, 217, '780', '780', '1', '780', 150),
(2070, 455, '1260', '1260', '3', '3780', 150),
(2071, 347, '260', '260', '1', '260', 150),
(2072, 519, '200', '200', '1', '200', 150),
(2073, 270, '240', '240', '1', '240', 150),
(2074, 358, '420', '420', '1', '420', 150),
(2075, 355, '840', '840', '2', '1680', 150),
(2076, 360, '420', '420', '1', '420', 150),
(2077, 197, '580', '580', '1', '580', 150),
(2078, 364, '410', '410', '1', '410', 151),
(2079, 437, '410', '410', '1', '410', 151),
(2080, 483, '800', '800', '1', '800', 151),
(2081, 512, '400', '400', '1', '400', 151),
(2082, 404, '900', '900', '2', '1800', 151),
(2083, 502, '200', '200', '1', '200', 151),
(2084, 456, '420', '420', '1', '420', 151),
(2085, 270, '240', '240', '1', '240', 151),
(2086, 355, '420', '420', '1', '420', 151);

-- --------------------------------------------------------

--
-- Структура таблицы `items_supply`
--

CREATE TABLE `items_supply` (
  `id` int(10) UNSIGNED NOT NULL,
  `items_id` int(11) NOT NULL,
  `items_price` varchar(255) COLLATE utf8_unicode_ci NOT NULL,
  `items_price_discount` varchar(255) COLLATE utf8_unicode_ci NOT NULL,
  `items_quantity` varchar(255) COLLATE utf8_unicode_ci NOT NULL,
  `items_sum` varchar(255) COLLATE utf8_unicode_ci NOT NULL,
  `supply_id` int(10) UNSIGNED NOT NULL
) ENGINE=InnoDB DEFAULT CHARSET=utf8 COLLATE=utf8_unicode_ci;

-- --------------------------------------------------------

--
-- Структура таблицы `migrations`
--

CREATE TABLE `migrations` (
  `migration` varchar(255) COLLATE utf8_unicode_ci NOT NULL,
  `batch` int(11) NOT NULL
) ENGINE=InnoDB DEFAULT CHARSET=utf8 COLLATE=utf8_unicode_ci;

--
-- Дамп данных таблицы `migrations`
--

INSERT INTO `migrations` (`migration`, `batch`) VALUES
('2014_10_12_000000_create_users_table', 1),
('2016_07_12_143553_create_orders_table', 1),
('2016_07_14_123636_create_items', 1),
('2016_07_19_191527_create_items_orders', 1),
('2016_07_26_140151_create_costs_table', 1),
('2016_07_26_143254_create_ccosts_table', 1),
('2016_07_26_144309_create_ccosts_costs_table', 1),
('2016_10_19_205734_create_supply_table', 1),
('2016_10_26_150715_create_items_supply', 1),
('2014_10_12_000000_create_users_table', 1),
('2016_07_12_143553_create_orders_table', 1),
('2016_07_14_123636_create_items', 1),
('2016_07_19_191527_create_items_orders', 1),
('2016_07_26_140151_create_costs_table', 1),
('2016_07_26_143254_create_ccosts_table', 1),
('2016_07_26_144309_create_ccosts_costs_table', 1),
('2016_10_19_205734_create_supply_table', 1),
('2016_10_26_150715_create_items_supply', 1),
('2016_11_09_033428_delete_items_column_point', 2),
('2016_11_09_034133_create_stock_table', 2);

-- --------------------------------------------------------

--
-- Структура таблицы `orders`
--

CREATE TABLE `orders` (
  `id` int(10) UNSIGNED NOT NULL,
  `sum` varchar(255) COLLATE utf8_unicode_ci NOT NULL,
  `sum_discount` varchar(255) COLLATE utf8_unicode_ci NOT NULL,
  `type` int(11) NOT NULL,
  `point` int(11) NOT NULL,
  `created_at` timestamp NULL DEFAULT NULL,
  `updated_at` timestamp NULL DEFAULT NULL
) ENGINE=InnoDB DEFAULT CHARSET=utf8 COLLATE=utf8_unicode_ci;

--
-- Дамп данных таблицы `orders`
--

INSERT INTO `orders` (`id`, `sum`, `sum_discount`, `type`, `point`, `created_at`, `updated_at`) VALUES
(1, '12595', '11967', 1, 1, '2016-08-23 19:26:43', NULL),
(2, '17190', '16234', 1, 1, '2016-09-08 19:24:24', NULL),
(3, '9040', '9011', 1, 1, '2016-09-08 19:24:24', NULL),
(4, '26570', '25832', 1, 1, '2016-09-08 19:24:24', NULL),
(5, '57055', '55165', 1, 1, '2016-09-17 18:56:00', NULL),
(6, '24115', '23429', 1, 1, '2016-09-08 19:24:24', NULL),
(7, '12246', '12160', 1, 1, '2016-08-23 19:26:43', NULL),
(8, '10980', '10222', 1, 1, '2016-08-26 19:09:52', NULL),
(9, '3815', '3591', 1, 1, '2016-09-07 19:17:10', NULL),
(10, '3090', '3090', 1, 1, '2016-05-05 19:28:09', NULL),
(11, '5080', '5080', 1, 1, '2016-05-06 19:35:17', NULL),
(12, '9370', '9370', 1, 1, '2016-05-08 19:14:18', NULL),
(13, '4630', '4630', 1, 1, '2016-05-09 19:17:22', NULL),
(14, '2570', '2570', 1, 1, '2016-05-10 19:03:50', NULL),
(15, '10200', '10200', 1, 1, '2016-05-17 10:27:17', NULL),
(16, '7801', '7801', 1, 1, '2016-05-17 10:36:52', NULL),
(17, '720', '720', 1, 1, '2016-05-17 10:38:32', NULL),
(18, '1200', '1200', 1, 1, '2016-05-17 10:40:47', NULL),
(19, '430', '430', 1, 1, '2016-05-17 19:04:47', NULL),
(20, '4600', '4600', 1, 1, '2016-05-18 18:17:06', NULL),
(21, '6340', '6340', 1, 1, '2016-05-19 18:54:58', NULL),
(22, '2340', '2340', 1, 1, '2016-05-20 19:01:18', NULL),
(23, '8780', '8780', 1, 1, '2016-05-21 18:57:28', NULL),
(24, '1890', '1890', 1, 1, '2016-05-22 19:14:18', NULL),
(25, '6895', '6690', 1, 1, '2016-09-16 19:04:09', NULL),
(26, '3160', '3160', 1, 1, '2016-05-24 18:56:02', NULL),
(27, '1010', '1010', 1, 1, '2016-05-26 13:56:29', NULL),
(28, '3650', '3650', 1, 1, '2016-05-26 14:08:01', NULL),
(29, '5760', '5760', 1, 1, '2016-05-26 18:55:06', NULL),
(30, '2895', '2895', 1, 1, '2016-05-27 19:02:27', NULL),
(31, '8110', '8110', 1, 1, '2016-05-28 18:52:39', NULL),
(32, '10114', '10114', 1, 1, '2016-05-29 19:12:52', NULL),
(33, '10950', '10950', 1, 1, '2016-05-30 19:03:09', NULL),
(34, '2400', '2400', 1, 1, '2016-05-31 19:03:57', NULL),
(35, '8430', '8430', 1, 1, '2016-06-01 19:04:04', NULL),
(36, '2430', '2430', 1, 1, '2016-06-02 18:56:03', NULL),
(37, '8890', '8890', 1, 1, '2016-06-03 19:18:02', NULL),
(38, '4940', '4940', 1, 1, '2016-06-04 19:07:35', NULL),
(39, '5820', '5820', 1, 1, '2016-06-05 18:23:08', NULL),
(40, '240', '240', 1, 1, '2016-06-06 20:29:55', NULL),
(41, '6200', '6200', 1, 1, '2016-06-07 09:01:06', NULL),
(42, '15556', '15556', 1, 1, '2016-06-07 19:08:18', NULL),
(43, '10033', '10033', 1, 1, '2016-06-08 20:07:19', NULL),
(44, '20726', '20726', 1, 1, '2016-06-09 19:46:45', NULL),
(45, '4535', '4535', 1, 1, '2016-06-10 19:21:20', NULL),
(46, '8215', '8215', 1, 1, '2016-06-11 19:01:56', NULL),
(47, '23651', '23651', 1, 1, '2016-06-12 19:42:01', NULL),
(48, '4200', '4200', 1, 1, '2016-06-13 19:17:50', NULL),
(49, '9195', '9195', 1, 1, '2016-06-14 19:31:32', NULL),
(50, '22790', '22790', 1, 1, '2016-06-15 19:49:05', NULL),
(51, '7385', '7385', 1, 1, '2016-06-16 20:00:51', NULL),
(52, '26250', '26250', 1, 1, '2016-06-17 19:28:04', NULL),
(53, '11325', '11325', 1, 1, '2016-06-18 19:35:49', NULL),
(54, '9826', '9826', 1, 1, '2016-06-19 19:44:37', NULL),
(55, '2420', '2420', 1, 1, '2016-06-20 19:54:19', NULL),
(56, '3610', '3610', 1, 1, '2016-06-21 19:35:17', NULL),
(57, '3770', '3770', 1, 1, '2016-06-22 19:45:29', NULL),
(58, '9626', '9626', 1, 1, '2016-06-23 19:35:33', NULL),
(59, '44106', '44106', 1, 1, '2016-06-24 21:02:50', NULL),
(60, '6655', '6655', 1, 1, '2016-06-25 20:15:30', NULL),
(61, '8845', '8845', 1, 1, '2016-06-26 20:23:08', NULL),
(62, '32321', '32321', 1, 1, '2016-06-27 19:52:06', NULL),
(63, '8310', '8310', 1, 1, '2016-06-28 19:34:24', NULL),
(64, '9045', '9045', 1, 1, '2016-06-29 19:57:43', NULL),
(65, '3985', '3985', 1, 1, '2016-06-30 20:21:38', NULL),
(66, '13806', '13806', 1, 1, '2016-07-01 19:37:56', NULL),
(67, '14051', '14051', 1, 1, '2016-07-02 19:50:55', NULL),
(68, '7645', '7645', 1, 1, '2016-07-03 20:05:21', NULL),
(69, '6216', '6216', 1, 1, '2016-07-04 19:50:51', NULL),
(70, '10890', '10890', 1, 1, '2016-07-05 20:14:15', NULL),
(71, '4026', '4026', 1, 1, '2016-07-06 20:14:22', NULL),
(72, '280', '280', 1, 1, '2016-07-07 19:54:45', NULL),
(73, '950', '950', 1, 1, '2016-07-08 10:54:43', NULL),
(74, '12080', '12080', 1, 1, '2016-07-08 20:00:53', NULL),
(75, '9365', '9000', 1, 1, '2016-09-16 19:04:09', NULL),
(76, '30210', '28936', 1, 1, '2016-07-09 19:58:00', NULL),
(77, '29260', '28280', 1, 1, '2016-07-10 20:00:57', NULL),
(78, '11865', '11865', 1, 1, '2016-07-11 19:54:21', NULL),
(79, '9085', '9085', 1, 1, '2016-07-12 19:55:11', NULL),
(80, '3675', '3675', 1, 1, '2016-07-13 19:59:55', NULL),
(81, '5360', '5360', 1, 1, '2016-07-14 19:57:19', NULL),
(82, '9530', '9530', 1, 1, '2016-07-15 19:54:52', NULL),
(83, '14335', '14335', 1, 1, '2016-07-16 19:54:20', NULL),
(84, '3405', '3405', 1, 1, '2016-07-17 19:54:11', NULL),
(85, '8885', '8885', 1, 1, '2016-07-18 19:54:19', NULL),
(86, '11615', '11615', 1, 1, '2016-07-19 19:51:06', NULL),
(87, '11607', '11607', 1, 1, '2016-07-20 19:55:47', NULL),
(88, '11690', '11690', 1, 1, '2016-07-21 19:57:17', NULL),
(89, '25125', '25125', 1, 1, '2016-07-22 19:55:03', NULL),
(90, '13654', '13654', 1, 1, '2016-07-23 19:28:29', NULL),
(91, '4910', '4910', 1, 1, '2016-07-24 18:56:01', NULL),
(92, '5370', '5370', 1, 1, '2016-07-25 19:55:40', NULL),
(93, '14365', '14365', 1, 1, '2016-07-26 19:55:10', NULL),
(94, '11532', '11532', 1, 1, '2016-07-27 19:38:42', NULL),
(95, '8760', '8671', 1, 1, '2016-07-28 19:39:39', NULL),
(96, '13122', '13122', 1, 1, '2016-07-29 19:54:07', NULL),
(97, '3540', '3540', 1, 1, '2016-07-30 19:45:50', NULL),
(98, '5865', '5715', 1, 1, '2016-07-31 19:51:05', NULL),
(99, '6460', '6460', 1, 1, '2016-08-01 19:46:11', NULL),
(100, '6840', '6840', 1, 1, '2016-08-02 19:53:37', NULL),
(101, '2265', '2265', 1, 1, '2016-08-03 19:54:45', NULL),
(102, '7245', '7245', 1, 1, '2016-08-04 19:42:17', NULL),
(103, '7150', '7150', 1, 1, '2016-08-05 19:56:26', NULL),
(104, '9975', '9975', 1, 1, '2016-08-06 19:48:51', NULL),
(105, '8200', '8200', 1, 1, '2016-08-07 19:48:21', NULL),
(106, '3960', '3960', 1, 1, '2016-08-08 19:35:51', NULL),
(107, '1000', '1000', 1, 1, '2016-08-09 19:32:03', NULL),
(108, '1385', '1385', 1, 1, '2016-08-10 19:46:27', NULL),
(109, '385', '385', 1, 1, '2016-08-11 19:51:21', NULL),
(110, '1880', '1786', 1, 1, '2016-08-13 16:50:34', NULL),
(111, '13111', '13111', 1, 1, '2016-08-19 17:27:19', NULL),
(112, '20130', '19993', 1, 1, '2016-08-19 18:19:00', NULL),
(113, '20400', '19080', 1, 1, '2016-08-19 20:18:22', NULL),
(114, '5220', '5220', 1, 1, '2016-08-22 18:12:29', NULL),
(115, '9320', '9066', 1, 1, '2016-08-22 18:20:02', NULL),
(116, '12930', '12609', 1, 1, '2016-08-22 20:02:35', NULL),
(117, '5900', '5598', 1, 1, '2016-08-23 19:26:43', NULL),
(118, '18081', '18081', 1, 1, '2016-08-24 20:03:18', NULL),
(119, '3500', '3500', 1, 1, '2016-08-25 19:57:16', NULL),
(120, '12896', '12343', 1, 1, '2016-08-26 19:09:52', NULL),
(121, '13415', '13247', 1, 1, '2016-08-27 19:57:07', NULL),
(122, '26946', '26946', 1, 1, '2016-08-28 19:04:47', NULL),
(123, '5265', '5265', 1, 1, '2016-08-29 18:19:45', NULL),
(124, '26790', '26532', 1, 1, '2016-08-30 19:47:20', NULL),
(125, '42440', '41980', 1, 1, '2016-08-31 19:34:28', NULL),
(126, '15081', '15081', 1, 1, '2016-09-01 19:51:21', NULL),
(127, '25745', '25745', 1, 1, '2016-09-02 20:08:17', NULL),
(128, '9685', '9685', 1, 1, '2016-09-03 19:03:39', NULL),
(129, '5236', '5236', 1, 1, '2016-09-04 19:13:55', NULL),
(130, '4221', '4221', 1, 1, '2016-09-05 19:22:25', NULL),
(131, '7460', '7460', 1, 1, '2016-09-06 19:23:38', NULL),
(132, '1205', '1205', 1, 1, '2016-09-07 10:46:40', NULL),
(133, '24675', '23437', 1, 1, '2016-09-07 19:17:10', NULL),
(134, '9146', '8814', 1, 1, '2016-09-08 19:24:24', NULL),
(135, '6040', '6040', 1, 1, '2016-09-09 19:34:38', NULL),
(136, '18246', '17919', 1, 1, '2016-09-10 19:44:30', NULL),
(137, '20725', '20173', 1, 1, '2016-09-11 18:57:32', NULL),
(138, '10975', '10831', 1, 1, '2016-09-12 19:19:05', NULL),
(139, '610', '610', 1, 1, '2016-09-13 15:08:27', NULL),
(140, '41520', '41520', 1, 1, '2016-09-14 19:34:15', NULL),
(141, '7575', '7575', 1, 1, '2016-09-15 19:05:50', NULL),
(142, '20905', '20790', 1, 1, '2016-09-16 19:04:09', NULL),
(143, '10410', '10129', 1, 1, '2016-09-17 18:56:00', NULL),
(144, '7430', '7430', 1, 1, '2016-09-18 19:00:03', NULL),
(145, '3440', '3440', 1, 1, '2016-09-19 18:57:18', NULL),
(146, '4860', '4860', 1, 1, '2016-09-20 18:41:37', NULL),
(147, '5320', '5079', 1, 1, '2016-09-21 17:14:55', NULL),
(148, '4010', '4010', 1, 1, '2016-09-22 17:28:07', NULL),
(149, '9800', '9800', 1, 1, '2016-09-23 18:47:35', NULL),
(150, '20835', '20835', 1, 1, '2016-09-24 18:40:05', NULL),
(151, '5100', '5100', 1, 1, '2016-09-25 18:47:01', NULL),
(1362, '7580', '7201', 1, 1, NULL, NULL);

-- --------------------------------------------------------

--
-- Структура таблицы `stock`
--

CREATE TABLE `stock` (
  `id` int(10) UNSIGNED NOT NULL,
  `items_id` int(10) UNSIGNED NOT NULL,
  `items_quantity` varchar(255) COLLATE utf8_unicode_ci NOT NULL,
  `point` int(11) NOT NULL,
  `created_at` timestamp NULL DEFAULT NULL,
  `updated_at` timestamp NULL DEFAULT NULL
) ENGINE=InnoDB DEFAULT CHARSET=utf8 COLLATE=utf8_unicode_ci;

-- --------------------------------------------------------

--
-- Структура таблицы `supply`
--

CREATE TABLE `supply` (
  `id` int(10) UNSIGNED NOT NULL,
  `sum` float NOT NULL DEFAULT '0',
  `sum_discount` varchar(255) COLLATE utf8_unicode_ci NOT NULL,
  `type` int(11) NOT NULL,
  `point` int(11) NOT NULL,
  `created_at` timestamp NULL DEFAULT NULL,
  `updated_at` timestamp NULL DEFAULT NULL
) ENGINE=InnoDB DEFAULT CHARSET=utf8 COLLATE=utf8_unicode_ci;

--
-- Дамп данных таблицы `supply`
--

INSERT INTO `supply` (`id`, `sum`, `sum_discount`, `type`, `point`, `created_at`, `updated_at`) VALUES
(1, 49038.3, '0', 0, 0, '2007-07-20 20:00:00', '2007-07-20 20:00:00'),
(2, 3450, '0', 0, 0, '2024-04-20 20:00:00', '2024-04-20 20:00:00'),
(3, 23861.5, '0', 0, 0, '2024-04-20 20:00:00', '2024-04-20 20:00:00'),
(4, 25539, '0', 0, 0, '2024-04-20 20:00:00', '2024-04-20 20:00:00'),
(5, 13155, '0', 0, 0, '2024-04-20 20:00:00', '2024-04-20 20:00:00'),
(6, 38700, '0', 0, 0, '2024-04-20 20:00:00', '2024-04-20 20:00:00'),
(7, 4070, '0', 0, 0, '2024-04-20 20:00:00', '2024-04-20 20:00:00'),
(8, 33930, '0', 0, 0, '2024-04-20 20:00:00', '2024-04-20 20:00:00'),
(9, 0, '0', 0, 0, '2024-04-20 20:00:00', '2024-04-20 20:00:00'),
(11, 15055, '0', 0, 0, '2018-04-20 20:00:00', '2018-04-20 20:00:00'),
(12, 21520, '0', 0, 0, '2029-04-20 20:00:00', '2029-04-20 20:00:00'),
(14, 12020, '0', 0, 0, '2006-05-20 20:00:00', '2006-05-20 20:00:00'),
(15, 1687, '0', 0, 0, '2013-05-20 20:00:00', '2013-05-20 20:00:00'),
(17, 6568, '0', 0, 0, '2017-05-20 20:00:00', '2017-05-20 20:00:00'),
(18, 2248, '0', 0, 0, '2017-05-20 20:00:00', '2017-05-20 20:00:00'),
(19, 6357, '0', 0, 0, '2019-05-20 20:00:00', '2019-05-20 20:00:00'),
(20, 1320, '0', 0, 0, '2019-05-20 20:00:00', '2019-05-20 20:00:00'),
(21, 23838, '0', 0, 0, '2019-05-20 20:00:00', '2019-05-20 20:00:00'),
(22, 4390, '0', 0, 0, '2019-05-20 20:00:00', '2019-05-20 20:00:00'),
(23, 26700, '0', 0, 0, '2019-05-20 20:00:00', '2019-05-20 20:00:00'),
(24, 19500, '0', 0, 0, '2019-05-20 20:00:00', '2019-05-20 20:00:00'),
(25, 12330, '0', 0, 0, '2020-05-20 20:00:00', '2020-05-20 20:00:00'),
(26, 4250, '0', 0, 0, '2026-05-20 20:00:00', '2026-05-20 20:00:00'),
(27, 12480, '0', 0, 0, '2030-05-20 20:00:00', '2030-05-20 20:00:00'),
(28, 13310, '0', 0, 0, '2003-06-20 20:00:00', '2003-06-20 20:00:00'),
(29, 3150, '0', 0, 0, '2007-06-20 20:00:00', '2007-06-20 20:00:00'),
(30, 0, '0', 0, 0, '2008-06-20 20:00:00', '2008-06-20 20:00:00'),
(31, 15980, '0', 0, 0, '2010-06-20 20:00:00', '2010-06-20 20:00:00'),
(32, 11025, '0', 0, 0, '2011-06-20 20:00:00', '2011-06-20 20:00:00'),
(33, 37675, '0', 0, 0, '2022-06-20 20:00:00', '2022-06-20 20:00:00'),
(34, 9100, '0', 0, 0, '2025-06-20 20:00:00', '2025-06-20 20:00:00'),
(35, 325, '0', 0, 0, '2025-06-20 20:00:00', '2025-06-20 20:00:00'),
(36, 2400, '0', 0, 0, '2025-06-20 20:00:00', '2025-06-20 20:00:00'),
(37, 400, '0', 0, 0, '2027-06-20 20:00:00', '2027-06-20 20:00:00'),
(38, 7730, '0', 0, 0, '2001-07-20 20:00:00', '2001-07-20 20:00:00'),
(39, 31845, '0', 0, 0, '2005-07-20 20:00:00', '2005-07-20 20:00:00'),
(40, 19175, '0', 0, 0, '2005-07-20 20:00:00', '2005-07-20 20:00:00'),
(41, 5490, '0', 0, 0, '2005-07-20 20:00:00', '2005-07-20 20:00:00'),
(42, 16968, '0', 0, 0, '2005-07-20 20:00:00', '2005-07-20 20:00:00'),
(43, 24900, '0', 0, 0, '2005-07-20 20:00:00', '2005-07-20 20:00:00'),
(44, 9000, '0', 0, 0, '2007-07-20 20:00:00', '2007-07-20 20:00:00'),
(45, 26880, '0', 0, 0, '2015-07-20 20:00:00', '2015-07-20 20:00:00'),
(46, 9415, '0', 0, 0, '2018-07-20 20:00:00', '2018-07-20 20:00:00'),
(47, 0, '0', 0, 0, '2018-07-20 20:00:00', '2018-07-20 20:00:00'),
(48, 1642, '0', 0, 0, '2020-07-20 20:00:00', '2020-07-20 20:00:00'),
(49, 596.64, '0', 0, 0, '2020-07-20 20:00:00', '2020-07-20 20:00:00'),
(50, 25930, '0', 0, 0, '2002-08-20 20:00:00', '2002-08-20 20:00:00'),
(51, 790, '0', 0, 0, '2006-08-20 20:00:00', '2006-08-20 20:00:00'),
(52, 32625, '0', 0, 0, '2010-08-20 20:00:00', '2010-08-20 20:00:00'),
(53, 13785, '0', 0, 0, '2013-08-20 20:00:00', '2013-08-20 20:00:00'),
(54, 58319.8, '0', 0, 0, '2019-08-20 20:00:00', '2019-08-20 20:00:00'),
(55, 25245, '0', 0, 0, '2025-08-20 20:00:00', '2025-08-20 20:00:00'),
(56, 29630, '0', 0, 0, '2025-08-20 20:00:00', '2025-08-20 20:00:00'),
(57, 1402.45, '0', 0, 0, '2005-09-20 20:00:00', '2005-09-20 20:00:00'),
(58, 7750, '0', 0, 0, '2008-09-20 20:00:00', '2008-09-20 20:00:00'),
(59, 33770, '0', 0, 0, '2009-09-20 20:00:00', '2009-09-20 20:00:00'),
(60, 18116, '0', 0, 0, '2014-09-20 20:00:00', '2014-09-20 20:00:00'),
(61, 33075, '0', 0, 0, '2014-09-20 20:00:00', '2014-09-20 20:00:00'),
(62, 7150, '0', 0, 0, '2019-09-20 20:00:00', '2019-09-20 20:00:00'),
(63, 14865, '0', 0, 0, '2021-09-20 20:00:00', '2021-09-20 20:00:00'),
(64, 1350, '0', 0, 0, '2024-09-20 20:00:00', '2024-09-20 20:00:00'),
(65, 100300, '0', 0, 0, '2006-10-20 20:00:00', '2006-10-20 20:00:00'),
(66, 8300, '0', 0, 0, '2006-10-20 20:00:00', '2006-10-20 20:00:00'),
(67, 9980, '0', 0, 0, '2007-10-20 20:00:00', '2007-10-20 20:00:00'),
(68, 1505, '0', 0, 0, '2008-10-20 20:00:00', '2008-10-20 20:00:00');

-- --------------------------------------------------------

--
-- Структура таблицы `users`
--

CREATE TABLE `users` (
  `id` int(10) UNSIGNED NOT NULL,
  `username` varchar(255) COLLATE utf8_unicode_ci NOT NULL,
  `password` varchar(255) COLLATE utf8_unicode_ci NOT NULL,
  `status` int(11) NOT NULL,
  `point` int(11) NOT NULL,
  `remember_token` varchar(100) COLLATE utf8_unicode_ci DEFAULT NULL,
  `created_at` timestamp NULL DEFAULT NULL,
  `updated_at` timestamp NULL DEFAULT NULL
) ENGINE=InnoDB DEFAULT CHARSET=utf8 COLLATE=utf8_unicode_ci;

--
-- Дамп данных таблицы `users`
--

INSERT INTO `users` (`id`, `username`, `password`, `status`, `point`, `remember_token`, `created_at`, `updated_at`) VALUES
(1, 'manage', '$2y$10$EUM37d31oTuSIsyGXLXs0eDGYEkMT73lPwzzoEcUdCb6O/PVJHHP6', 0, 0, 'I8dAG4uXHqGGM3bxm1Zp5FUtl21K3ZguR0R1MeMXqLFNY9sowhouS9uDUT7m', NULL, '2016-11-01 16:46:46'),
(2, 'admin1', '$2y$10$EUM37d31oTuSIsyGXLXs0eDGYEkMT73lPwzzoEcUdCb6O/PVJHHP6', 1, 1, '5Fjxqi3kZ3OCOMgjYUdvXGUT2Vc4QgF92ue70olZkcJ9iqvPiewGAtpiVTli', NULL, '2016-11-01 16:48:06'),
(3, 'cashier1', '$2y$10$EUM37d31oTuSIsyGXLXs0eDGYEkMT73lPwzzoEcUdCb6O/PVJHHP6', 2, 1, 'sdh3Z0jI93Ppm68nOg1GlpMywSmX9KyWvEYgkR7aIcoCV4jN08E4tFYESEpg', NULL, '2016-11-01 16:44:01'),
(4, 'igor', '$2y$10$EUM37d31oTuSIsyGXLXs0eDGYEkMT73lPwzzoEcUdCb6O/PVJHHP6', 3, 2, 'sxKdQjbnXO31YOfosII1YAUNjCn8FjTNkVCD1ulk2XqEo9GCEdgRdoZykZy6', '2016-11-04 04:00:00', '2016-11-10 02:21:05');

--
-- Индексы сохранённых таблиц
--

--
-- Индексы таблицы `ccosts`
--
ALTER TABLE `ccosts`
  ADD PRIMARY KEY (`id`);

--
-- Индексы таблицы `ccosts_costs`
--
ALTER TABLE `ccosts_costs`
  ADD PRIMARY KEY (`id`),
  ADD KEY `ccosts_costs_costs_id_index` (`costs_id`);

--
-- Индексы таблицы `costs`
--
ALTER TABLE `costs`
  ADD PRIMARY KEY (`id`);

--
-- Индексы таблицы `items`
--
ALTER TABLE `items`
  ADD PRIMARY KEY (`id`);

--
-- Индексы таблицы `items_orders`
--
ALTER TABLE `items_orders`
  ADD PRIMARY KEY (`id`),
  ADD KEY `items_orders_orders_id_index` (`orders_id`);

--
-- Индексы таблицы `items_supply`
--
ALTER TABLE `items_supply`
  ADD PRIMARY KEY (`id`),
  ADD KEY `items_supply_supply_id_index` (`supply_id`);

--
-- Индексы таблицы `orders`
--
ALTER TABLE `orders`
  ADD PRIMARY KEY (`id`);

--
-- Индексы таблицы `stock`
--
ALTER TABLE `stock`
  ADD PRIMARY KEY (`id`),
  ADD KEY `stock_items_id_index` (`items_id`);

--
-- Индексы таблицы `supply`
--
ALTER TABLE `supply`
  ADD PRIMARY KEY (`id`);

--
-- Индексы таблицы `users`
--
ALTER TABLE `users`
  ADD PRIMARY KEY (`id`);

--
-- AUTO_INCREMENT для сохранённых таблиц
--

--
-- AUTO_INCREMENT для таблицы `ccosts`
--
ALTER TABLE `ccosts`
  MODIFY `id` int(10) UNSIGNED NOT NULL AUTO_INCREMENT, AUTO_INCREMENT=9;
--
-- AUTO_INCREMENT для таблицы `ccosts_costs`
--
ALTER TABLE `ccosts_costs`
  MODIFY `id` int(10) UNSIGNED NOT NULL AUTO_INCREMENT, AUTO_INCREMENT=115;
--
-- AUTO_INCREMENT для таблицы `costs`
--
ALTER TABLE `costs`
  MODIFY `id` int(10) UNSIGNED NOT NULL AUTO_INCREMENT, AUTO_INCREMENT=109;
--
-- AUTO_INCREMENT для таблицы `items`
--
ALTER TABLE `items`
  MODIFY `id` int(10) UNSIGNED NOT NULL AUTO_INCREMENT, AUTO_INCREMENT=568;
--
-- AUTO_INCREMENT для таблицы `items_orders`
--
ALTER TABLE `items_orders`
  MODIFY `id` int(10) UNSIGNED NOT NULL AUTO_INCREMENT, AUTO_INCREMENT=2087;
--
-- AUTO_INCREMENT для таблицы `items_supply`
--
ALTER TABLE `items_supply`
  MODIFY `id` int(10) UNSIGNED NOT NULL AUTO_INCREMENT;
--
-- AUTO_INCREMENT для таблицы `orders`
--
ALTER TABLE `orders`
  MODIFY `id` int(10) UNSIGNED NOT NULL AUTO_INCREMENT, AUTO_INCREMENT=1363;
--
-- AUTO_INCREMENT для таблицы `stock`
--
ALTER TABLE `stock`
  MODIFY `id` int(10) UNSIGNED NOT NULL AUTO_INCREMENT;
--
-- AUTO_INCREMENT для таблицы `supply`
--
ALTER TABLE `supply`
  MODIFY `id` int(10) UNSIGNED NOT NULL AUTO_INCREMENT, AUTO_INCREMENT=69;
--
-- AUTO_INCREMENT для таблицы `users`
--
ALTER TABLE `users`
  MODIFY `id` int(10) UNSIGNED NOT NULL AUTO_INCREMENT, AUTO_INCREMENT=5;
/*!40101 SET CHARACTER_SET_CLIENT=@OLD_CHARACTER_SET_CLIENT */;
/*!40101 SET CHARACTER_SET_RESULTS=@OLD_CHARACTER_SET_RESULTS */;
/*!40101 SET COLLATION_CONNECTION=@OLD_COLLATION_CONNECTION */;
